const uint8_t LuckiestGuy36pt7bBitmaps[] PROGMEM = {
  0x00, 0xFF, 0xFF, 0xFF, 0xFF, 0xFF, 0xFF, 0xFF, 0xFF, 0xFF, 0xFF, 0xF7,
  0xFF, 0xFB, 0xFF, 0xFD, 0xFF, 0xFE, 0xFF, 0xFF, 0x7F, 0xFF, 0xBF, 0xFF,
  0xDF, 0xFF, 0xEF, 0xFF, 0xF7, 0xFF, 0xFB, 0xFF, 0xFD, 0xFF, 0xFE, 0xFF,
  0xFF, 0x7F, 0xFF, 0x3F, 0xFF, 0x9F, 0xFF, 0xCF, 0xFF, 0xE3, 0xFF, 0xF1,
  0xFF, 0xF8, 0xFF, 0xFC, 0x7F, 0xFE, 0x3F, 0xFF, 0x1F, 0xFF, 0x8F, 0xFF,
  0xC7, 0xFF, 0xE3, 0xFF, 0xF1, 0xFF, 0xF0, 0xFF, 0xF8, 0x7F, 0xFC, 0x3F,
  0xFE, 0x1F, 0xFF, 0x0F, 0xFF, 0x87, 0xFF, 0xC0, 0x00, 0x00, 0x00, 0x00,
  0x00, 0x00, 0x07, 0x80, 0x0F, 0xF0, 0x0F, 0xFC, 0x0F, 0xFF, 0x07, 0xFF,
  0xC7, 0xFF, 0xE3, 0xFF, 0xF1, 0xFF, 0xF8, 0xFF, 0xFC, 0x7F, 0xFE, 0x3F,
  0xFF, 0x0F, 0xFF, 0x03, 0xFF, 0x80, 0xFF, 0x00, 0x1F, 0x00, 0xFF, 0xFF,
  0x80, 0x00, 0x3F, 0xFF, 0xE0, 0x00, 0x07, 0xFF, 0xFB, 0xFF, 0xFD, 0xFF,
  0xFC, 0xFF, 0xFF, 0x7F, 0xFF, 0x3F, 0xFF, 0xDF, 0xFF, 0xCF, 0xFF, 0xF7,
  0xFF, 0xF3, 0xFF, 0xFD, 0xFF, 0xFC, 0xFF, 0xFE, 0x7F, 0xFE, 0x3F, 0xFF,
  0x9F, 0xFF, 0x8F, 0xFF, 0xE7, 0xFF, 0xE3, 0xFF, 0xF9, 0xFF, 0xF8, 0x7F,
  0xFE, 0x3F, 0xFE, 0x1F, 0xFF, 0x0F, 0xFF, 0x87, 0xFF, 0xC3, 0xFF, 0xC1,
  0xFF, 0xF0, 0xFF, 0xF0, 0x7F, 0xFC, 0x3F, 0xFC, 0x1F, 0xFF, 0x0F, 0xFF,
  0x07, 0xFF, 0x83, 0xFF, 0xC1, 0xFF, 0xE0, 0xFF, 0xE0, 0x7F, 0xF8, 0x3F,
  0xF8, 0x1F, 0xFE, 0x00, 0x00, 0x03, 0xFF, 0x80, 0x00, 0x00, 0xFF, 0xE0,
  0x00, 0x00, 0x00, 0x7F, 0xE0, 0x00, 0x00, 0x00, 0xFF, 0xE0, 0x00, 0x00,
  0x00, 0xFF, 0xE0, 0x00, 0x3F, 0xF8, 0xFF, 0xE0, 0x00, 0x3F, 0xF0, 0xFF,
  0xC0, 0x00, 0x3F, 0xF0, 0xFF, 0xC0, 0x00, 0x3F, 0xF0, 0xFF, 0xC0, 0x00,
  0x3F, 0xF1, 0xFF, 0xC0, 0x07, 0xFF, 0xFF, 0xFF, 0xFF, 0x0F, 0xFF, 0xFF,
  0xFF, 0xFF, 0x0F, 0xFF, 0xFF, 0xFF, 0xFF, 0x0F, 0xFF, 0xFF, 0xFF, 0xFF,
  0x0F, 0xFF, 0xFF, 0xFF, 0xFE, 0x0F, 0xFF, 0xFF, 0xFF, 0xFE, 0x1F, 0xFF,
  0xFF, 0xFF, 0xFE, 0x1F, 0xFF, 0xFF, 0xFF, 0xFE, 0x1F, 0xFF, 0xFF, 0xFF,
  0xFE, 0x00, 0xFF, 0xC3, 0xFF, 0x06, 0x00, 0xFF, 0xC7, 0xFF, 0x00, 0x00,
  0xFF, 0xC7, 0xFF, 0x00, 0x00, 0xFF, 0xC7, 0xFF, 0x00, 0x01, 0xFF, 0x87,
  0xFF, 0x00, 0x01, 0xFF, 0x87, 0xFF, 0x00, 0x3F, 0xFF, 0xFF, 0xFF, 0xFC,
  0x3F, 0xFF, 0xFF, 0xFF, 0xFC, 0x3F, 0xFF, 0xFF, 0xFF, 0xF8, 0x7F, 0xFF,
  0xFF, 0xFF, 0xF8, 0x7F, 0xFF, 0xFF, 0xFF, 0xF8, 0x7F, 0xFF, 0xFF, 0xFF,
  0xF8, 0x7F, 0xFF, 0xFF, 0xFF, 0xF8, 0x7F, 0xFF, 0xFF, 0xFF, 0xF8, 0x7F,
  0xFF, 0xFF, 0xFF, 0xF8, 0x87, 0xFF, 0x1F, 0xFC, 0x00, 0x07, 0xFE, 0x1F,
  0xFC, 0x00, 0x07, 0xFE, 0x1F, 0xFC, 0x00, 0x07, 0xFE, 0x1F, 0xFC, 0x00,
  0x07, 0xFE, 0x3F, 0xFC, 0x00, 0x00, 0x00, 0x3F, 0xFC, 0x00, 0x00, 0xE7,
  0x80, 0x00, 0x0E, 0x78, 0x00, 0x00, 0xE7, 0x80, 0x00, 0x0E, 0x78, 0x00,
  0x00, 0xE7, 0x80, 0x00, 0x0E, 0x78, 0x00, 0x00, 0xE7, 0x80, 0x00, 0x0E,
  0x78, 0x00, 0x00, 0xE7, 0x80, 0x00, 0x0E, 0x78, 0x00, 0x00, 0xE7, 0x80,
  0x00, 0x0E, 0x78, 0x00, 0x00, 0xE7, 0x80, 0x00, 0x0E, 0x78, 0x00, 0x00,
  0xFF, 0xFE, 0x00, 0x1F, 0xFF, 0xF8, 0x07, 0xFF, 0xFF, 0x80, 0xFF, 0xFF,
  0xF8, 0x1F, 0xFF, 0xFF, 0x83, 0xFF, 0xFF, 0xF8, 0x7F, 0xFF, 0xFF, 0x87,
  0xFF, 0xFF, 0xF8, 0xFF, 0xFF, 0xFF, 0x8F, 0xFF, 0x80, 0x38, 0xFF, 0xF0,
  0x00, 0x0F, 0xFF, 0x00, 0x00, 0xFF, 0xFF, 0xFC, 0x07, 0xFF, 0xFF, 0xF0,
  0x7F, 0xFF, 0xFF, 0x83, 0xFF, 0xFF, 0xFC, 0x1F, 0xFF, 0xFF, 0xE0, 0xFF,
  0xFF, 0xFE, 0x03, 0xFF, 0xFF, 0xE0, 0x00, 0x3F, 0xFF, 0x40, 0x00, 0xFF,
  0xF7, 0x80, 0x1F, 0xFE, 0x7F, 0xFF, 0xFF, 0xE7, 0xFF, 0xFF, 0xFE, 0x7F,
  0xFF, 0xFF, 0xE7, 0xFF, 0xFF, 0xFC, 0xFF, 0xFF, 0xFF, 0x8F, 0xFF, 0xFF,
  0xF8, 0xFF, 0xFF, 0xFE, 0x03, 0xFF, 0xFF, 0xC0, 0x03, 0xFF, 0xE0, 0x00,
  0x0E, 0x38, 0x00, 0x00, 0xE3, 0x80, 0x00, 0x0E, 0x38, 0x00, 0x00, 0xF3,
  0x80, 0x00, 0x0F, 0x38, 0x00, 0x00, 0xF3, 0x80, 0x00, 0x0F, 0x38, 0x00,
  0x00, 0xF3, 0x80, 0x00, 0x0F, 0x38, 0x00, 0x00, 0xF3, 0x80, 0x00, 0x0F,
  0x38, 0x00, 0x00, 0xF3, 0x80, 0x00, 0x0F, 0x38, 0x00, 0x00, 0xF3, 0x80,
  0x00, 0x00, 0x00, 0x00, 0x01, 0x80, 0x00, 0x00, 0x00, 0x00, 0x00, 0xFC,
  0x00, 0x00, 0x00, 0x00, 0x00, 0xFC, 0x00, 0x00, 0x1F, 0xC0, 0x00, 0xFE,
  0x00, 0x00, 0x3F, 0xF8, 0x00, 0x7E, 0x00, 0x00, 0x7F, 0xFF, 0x00, 0x7F,
  0x00, 0x00, 0x7F, 0xFF, 0xC0, 0x3F, 0x80, 0x00, 0x7F, 0xFF, 0xF0, 0x3F,
  0x80, 0x00, 0x3F, 0xFF, 0xF8, 0x1F, 0xC0, 0x00, 0x3F, 0xE3, 0xFE, 0x0F,
  0xC0, 0x00, 0x1F, 0xE0, 0xFF, 0x0F, 0xE0, 0x00, 0x0F, 0xE0, 0x3F, 0xC7,
  0xE0, 0x00, 0x0F, 0xF0, 0x1F, 0xE7, 0xF0, 0x00, 0x07, 0xF8, 0x0F, 0xF3,
  0xF0, 0x00, 0x01, 0xFC, 0x07, 0xFB, 0xF8, 0x00, 0x00, 0xFF, 0x07, 0xF9,
  0xFC, 0x00, 0x00, 0x7F, 0xC7, 0xFD, 0xFC, 0x00, 0x00, 0x1F, 0xFF, 0xFC,
  0xFE, 0x00, 0x00, 0x0F, 0xFF, 0xFE, 0xFE, 0x00, 0x00, 0x03, 0xFF, 0xFE,
  0x7F, 0x00, 0x00, 0x00, 0xFF, 0xFE, 0x3F, 0x81, 0xF8, 0x00, 0x1F, 0xFC,
  0x3F, 0x87, 0xFF, 0x00, 0x03, 0xF8, 0x1F, 0xC7, 0xFF, 0xE0, 0x00, 0x00,
  0x1F, 0xE7, 0xFF, 0xF8, 0x00, 0x00, 0x0F, 0xE7, 0xFF, 0xFE, 0x00, 0x00,
  0x07, 0xF7, 0xFF, 0xFF, 0x80, 0x00, 0x07, 0xF3, 0xFE, 0xFF, 0xC0, 0x00,
  0x03, 0xFB, 0xFC, 0x1F, 0xF0, 0x00, 0x03, 0xFD, 0xFE, 0x07, 0xF8, 0x00,
  0x01, 0xFC, 0xFE, 0x03, 0xFC, 0x00, 0x01, 0xFE, 0x7F, 0x01, 0xFE, 0x00,
  0x00, 0xFF, 0x3F, 0xC0, 0xFF, 0x00, 0x00, 0x7F, 0x1F, 0xE0, 0xFF, 0x80,
  0x00, 0x7F, 0x8F, 0xF8, 0xFF, 0x80, 0x00, 0x3F, 0xC3, 0xFF, 0xFF, 0xC0,
  0x00, 0x3F, 0xC1, 0xFF, 0xFF, 0xC0, 0x00, 0x1F, 0xE0, 0x7F, 0xFF, 0xE0,
  0x00, 0x0F, 0xF0, 0x1F, 0xFF, 0xE0, 0x00, 0x0F, 0xF0, 0x03, 0xFF, 0xC0,
  0x00, 0x03, 0xF8, 0x00, 0x7F, 0x80, 0x00, 0x00, 0x3C, 0x00, 0x00, 0x00,
  0x00, 0x00, 0x04, 0x00, 0x00, 0x00, 0x00, 0x00, 0x00, 0x3E, 0x00, 0x00,
  0x00, 0x00, 0x0F, 0xFF, 0x80, 0x00, 0x00, 0x00, 0xFF, 0xFF, 0x80, 0x00,
  0x00, 0x0F, 0xFF, 0xFF, 0x00, 0x00, 0x00, 0x7F, 0xFF, 0xFE, 0x00, 0x00,
  0x03, 0xFF, 0xFF, 0xFC, 0x00, 0x00, 0x1F, 0xFF, 0xFF, 0xF8, 0x00, 0x00,
  0xFF, 0xFF, 0xFF, 0xF0, 0x00, 0x03, 0xFF, 0xFF, 0xFF, 0xC0, 0x00, 0x1F,
  0xFE, 0x1F, 0xFF, 0x00, 0x00, 0x7F, 0xF8, 0x7F, 0xFE, 0x00, 0x01, 0xFF,
  0xE0, 0xFF, 0xF8, 0x00, 0x07, 0xFF, 0x87, 0xFF, 0xE0, 0x00, 0x1F, 0xFE,
  0x1F, 0xFF, 0x00, 0x00, 0x7F, 0xF8, 0x7F, 0xFC, 0x00, 0x00, 0xFF, 0xF3,
  0xFF, 0xE0, 0x00, 0x03, 0xFF, 0xDF, 0xFF, 0x80, 0x00, 0x07, 0xFF, 0xFF,
  0xFC, 0x00, 0x00, 0x1F, 0xFF, 0xFF, 0xE0, 0x00, 0x00, 0x3F, 0xFF, 0xFF,
  0x00, 0x00, 0x00, 0x7F, 0xFF, 0xF8, 0x00, 0x00, 0x00, 0xFF, 0xFF, 0xC0,
  0x00, 0x00, 0x01, 0xFF, 0xFE, 0x00, 0x00, 0x00, 0x0F, 0xFF, 0xF0, 0x10,
  0x00, 0x00, 0x7F, 0xFF, 0xF0, 0x7C, 0x00, 0x07, 0xFF, 0xFF, 0xE1, 0xFF,
  0x00, 0x3F, 0xFF, 0xFF, 0xCF, 0xFF, 0x01, 0xFF, 0xFF, 0xFF, 0xFF, 0xF8,
  0x0F, 0xFF, 0xFF, 0xFF, 0xFF, 0xE0, 0x7F, 0xFF, 0xFF, 0xFF, 0xFF, 0x01,
  0xFF, 0xF9, 0xFF, 0xFF, 0xFC, 0x0F, 0xFF, 0xE3, 0xFF, 0xFF, 0xE0, 0x3F,
  0xFF, 0x07, 0xFF, 0xFF, 0x81, 0xFF, 0xF8, 0x0F, 0xFF, 0xFC, 0x07, 0xFF,
  0xE0, 0x1F, 0xFF, 0xF8, 0x1F, 0xFF, 0x80, 0xFF, 0xFF, 0xF0, 0xFF, 0xFE,
  0x07, 0xFF, 0xFF, 0xF3, 0xFF, 0xFC, 0x7F, 0xFF, 0xFF, 0xF7, 0xFF, 0xFF,
  0xFF, 0xFF, 0xFF, 0x9F, 0xFF, 0xFF, 0xFF, 0xFF, 0xFC, 0x7F, 0xFF, 0xFF,
  0xFF, 0xFF, 0xE0, 0xFF, 0xFF, 0xFF, 0xFD, 0xFE, 0x01, 0xFF, 0xFF, 0xFF,
  0xE1, 0xF0, 0x03, 0xFF, 0xFF, 0xFE, 0x03, 0x80, 0x07, 0xFF, 0xFF, 0xE0,
  0x04, 0x00, 0x07, 0xFF, 0xFE, 0x00, 0x00, 0x00, 0x03, 0xFF, 0xC0, 0x00,
  0x00, 0x00, 0x00, 0x00, 0x00, 0x00, 0x00, 0xFF, 0xFF, 0xBF, 0xFF, 0xDF,
  0xFF, 0xEF, 0xFF, 0xE7, 0xFF, 0xF3, 0xFF, 0xF9, 0xFF, 0xFC, 0xFF, 0xFE,
  0x7F, 0xFF, 0x3F, 0xFF, 0x1F, 0xFF, 0x87, 0xFF, 0xC3, 0xFF, 0xE1, 0xFF,
  0xF0, 0xFF, 0xF0, 0x7F, 0xF8, 0x3F, 0xFC, 0x1F, 0xFE, 0x0F, 0xFF, 0x07,
  0xFF, 0x83, 0xFF, 0x80, 0x00, 0x01, 0x80, 0x00, 0x00, 0x3F, 0x00, 0x00,
  0x0F, 0xFC, 0x00, 0x01, 0xFF, 0xF0, 0x00, 0x3F, 0xFF, 0xC0, 0x07, 0xFF,
  0xFF, 0x00, 0xFF, 0xFF, 0xC0, 0x0F, 0xFF, 0xF8, 0x01, 0xFF, 0xFF, 0x00,
  0x3F, 0xFF, 0xE0, 0x03, 0xFF, 0xFC, 0x00, 0x7F, 0xFF, 0x80, 0x0F, 0xFF,
  0xF0, 0x00, 0xFF, 0xFF, 0x00, 0x1F, 0xFF, 0xE0, 0x01, 0xFF, 0xFC, 0x00,
  0x3F, 0xFF, 0xC0, 0x03, 0xFF, 0xF8, 0x00, 0x3F, 0xFF, 0x80, 0x07, 0xFF,
  0xF8, 0x00, 0x7F, 0xFF, 0x00, 0x07, 0xFF, 0xF0, 0x00, 0x7F, 0xFF, 0x00,
  0x0F, 0xFF, 0xE0, 0x00, 0xFF, 0xFE, 0x00, 0x0F, 0xFF, 0xE0, 0x00, 0xFF,
  0xFE, 0x00, 0x0F, 0xFF, 0xE0, 0x00, 0xFF, 0xFE, 0x00, 0x0F, 0xFF, 0xE0,
  0x00, 0xFF, 0xFE, 0x00, 0x0F, 0xFF, 0xE0, 0x00, 0xFF, 0xFE, 0x00, 0x0F,
  0xFF, 0xE0, 0x00, 0xFF, 0xFE, 0x00, 0x0F, 0xFF, 0xE0, 0x00, 0x7F, 0xFF,
  0x00, 0x07, 0xFF, 0xF0, 0x00, 0x7F, 0xFF, 0x00, 0x07, 0xFF, 0xF0, 0x00,
  0x7F, 0xFF, 0x80, 0x03, 0xFF, 0xF8, 0x00, 0x3F, 0xFF, 0x80, 0x03, 0xFF,
  0xFC, 0x00, 0x3F, 0xFF, 0xC0, 0x01, 0xFF, 0xFE, 0x00, 0x1F, 0xFF, 0xE0,
  0x00, 0xFF, 0xFF, 0x00, 0x0F, 0xFF, 0xF0, 0x00, 0x7F, 0xFF, 0x80, 0x07,
  0xFF, 0xFC, 0x00, 0x3F, 0xFF, 0xE0, 0x03, 0xFF, 0xFE, 0x00, 0x1F, 0xFF,
  0xF0, 0x00, 0xFF, 0xFF, 0xC0, 0x0F, 0xFF, 0xF0, 0x00, 0x7F, 0xF8, 0x00,
  0x03, 0xFE, 0x00, 0x00, 0x0F, 0x00, 0x00, 0x00, 0x40, 0x00, 0x00, 0x07,
  0x00, 0x00, 0x01, 0xF8, 0x00, 0x00, 0xFF, 0xC0, 0x00, 0x3F, 0xFE, 0x00,
  0x3F, 0xFF, 0xF0, 0x01, 0xFF, 0xFF, 0x80, 0x0F, 0xFF, 0xF8, 0x00, 0x7F,
  0xFF, 0xC0, 0x03, 0xFF, 0xFE, 0x00, 0x3F, 0xFF, 0xE0, 0x01, 0xFF, 0xFF,
  0x00, 0x0F, 0xFF, 0xF0, 0x00, 0xFF, 0xFF, 0x80, 0x07, 0xFF, 0xF8, 0x00,
  0x7F, 0xFF, 0x80, 0x03, 0xFF, 0xFC, 0x00, 0x3F, 0xFF, 0xC0, 0x01, 0xFF,
  0xFC, 0x00, 0x1F, 0xFF, 0xE0, 0x01, 0xFF, 0xFE, 0x00, 0x0F, 0xFF, 0xE0,
  0x00, 0xFF, 0xFE, 0x00, 0x0F, 0xFF, 0xE0, 0x00, 0xFF, 0xFF, 0x00, 0x07,
  0xFF, 0xF0, 0x00, 0x7F, 0xFF, 0x00, 0x07, 0xFF, 0xF0, 0x00, 0x7F, 0xFF,
  0x00, 0x07, 0xFF, 0xF0, 0x00, 0x7F, 0xFF, 0x00, 0x07, 0xFF, 0xF0, 0x00,
  0x7F, 0xFF, 0x00, 0x07, 0xFF, 0xF0, 0x00, 0x7F, 0xFF, 0x00, 0x07, 0xFF,
  0xF0, 0x00, 0x7F, 0xFF, 0x00, 0x0F, 0xFF, 0xF0, 0x00, 0xFF, 0xFE, 0x00,
  0x0F, 0xFF, 0xE0, 0x00, 0xFF, 0xFE, 0x00, 0x1F, 0xFF, 0xE0, 0x01, 0xFF,
  0xFC, 0x00, 0x3F, 0xFF, 0xC0, 0x03, 0xFF, 0xFC, 0x00, 0x7F, 0xFF, 0x80,
  0x07, 0xFF, 0xF8, 0x00, 0xFF, 0xFF, 0x00, 0x1F, 0xFF, 0xF0, 0x01, 0xFF,
  0xFE, 0x00, 0x3F, 0xFF, 0xC0, 0x07, 0xFF, 0xFC, 0x00, 0xFF, 0xFF, 0x80,
  0x1F, 0xFF, 0xF0, 0x07, 0xFF, 0xFE, 0x00, 0xFF, 0xFF, 0xC0, 0x03, 0xFF,
  0xF8, 0x00, 0x07, 0xFF, 0x00, 0x00, 0x1F, 0xE0, 0x00, 0x00, 0x7C, 0x00,
  0x00, 0x01, 0x00, 0x00, 0x00, 0x0F, 0xFE, 0x00, 0x00, 0x01, 0xFF, 0xC0,
  0x00, 0x00, 0x3F, 0xF8, 0x00, 0x00, 0x07, 0xFF, 0x00, 0x00, 0x00, 0xFF,
  0xE0, 0x00, 0x00, 0x1F, 0xFC, 0x00, 0x00, 0x03, 0xFF, 0x81, 0x80, 0x60,
  0x7F, 0xF0, 0x70, 0x0F, 0x0F, 0xFE, 0x3F, 0x01, 0xF9, 0xFF, 0xCF, 0xE0,
  0x7F, 0xFF, 0xFB, 0xFE, 0x0F, 0xFF, 0xFF, 0xFF, 0xC3, 0xFF, 0xFF, 0xFF,
  0xFC, 0x7F, 0xFF, 0xFF, 0xFF, 0x9F, 0xFF, 0xFF, 0xFF, 0xFB, 0xFF, 0xFF,
  0xFF, 0xFF, 0x7F, 0xFF, 0xFF, 0xFF, 0xDF, 0xFF, 0xFF, 0xFF, 0xC0, 0x3F,
  0xFF, 0xFF, 0xE0, 0x00, 0xFF, 0xFF, 0xF0, 0x00, 0x07, 0xFF, 0xFF, 0x00,
  0x01, 0xFF, 0xFF, 0xF0, 0x00, 0x7F, 0xFF, 0xFF, 0x00, 0x0F, 0xFF, 0xFF,
  0xF0, 0x03, 0xFF, 0xFF, 0xFE, 0x00, 0xFF, 0xFB, 0xFF, 0xE0, 0x3F, 0xFE,
  0x7F, 0xFE, 0x0F, 0xFF, 0x87, 0xFF, 0xE1, 0xFF, 0xF0, 0x7F, 0xF0, 0x0F,
  0xFC, 0x0F, 0xFC, 0x00, 0xFF, 0x80, 0xFF, 0x00, 0x0F, 0xE0, 0x0F, 0x80,
  0x00, 0xF8, 0x01, 0xE0, 0x00, 0x07, 0x00, 0x18, 0x00, 0x00, 0x40, 0x02,
  0x00, 0x00, 0x00, 0x03, 0xE0, 0x00, 0x07, 0xFF, 0x00, 0x00, 0x3F, 0xF8,
  0x00, 0x01, 0xFF, 0xC0, 0x00, 0x0F, 0xFE, 0x00, 0x00, 0x7F, 0xF0, 0x00,
  0x03, 0xFF, 0x80, 0x00, 0x1F, 0xFC, 0x00, 0x00, 0xFF, 0xE0, 0x0B, 0xFF,
  0xFF, 0xFF, 0xBF, 0xFF, 0xFF, 0xFD, 0xFF, 0xFF, 0xFF, 0xEF, 0xFF, 0xFF,
  0xFF, 0x7F, 0xFF, 0xFF, 0xFB, 0xFF, 0xFF, 0xFF, 0xDF, 0xFF, 0xFF, 0xFE,
  0xFF, 0xFF, 0xFF, 0xF7, 0xFF, 0xFF, 0xFF, 0xBF, 0xFF, 0xFF, 0xFD, 0xFF,
  0xFF, 0xFF, 0xF0, 0x07, 0xFE, 0x00, 0x00, 0x3F, 0xF0, 0x00, 0x01, 0xFF,
  0x80, 0x00, 0x0F, 0xFC, 0x00, 0x00, 0x7F, 0xE0, 0x00, 0x03, 0xFF, 0x80,
  0x00, 0x1F, 0xFC, 0x00, 0x00, 0xFF, 0xE0, 0x00, 0x07, 0xFF, 0x00, 0x00,
  0x0F, 0xC0, 0xFF, 0x87, 0xFF, 0x1F, 0xFE, 0xFF, 0xFF, 0xFF, 0xFF, 0xFF,
  0xFF, 0xFF, 0xFF, 0xFF, 0xFF, 0xFF, 0xFF, 0xDF, 0xFE, 0x3F, 0xF8, 0x7F,
  0xC0, 0xFF, 0x03, 0xF8, 0x0F, 0xC0, 0x3E, 0x00, 0xF0, 0x03, 0x80, 0x04,
  0x00, 0x00, 0x00, 0x07, 0xFF, 0xFF, 0xFF, 0xFF, 0xFF, 0xFF, 0xFF, 0xFF,
  0xFF, 0xFF, 0xFF, 0xFF, 0xFF, 0xFF, 0xFF, 0xFF, 0xFF, 0xFF, 0xFF, 0xFF,
  0xFF, 0xFF, 0xFF, 0xFF, 0xFF, 0xFF, 0xFF, 0xFF, 0xFF, 0xFF, 0xFF, 0xF0,
  0x1F, 0xE0, 0xFF, 0xC7, 0xFF, 0xBF, 0xFE, 0xFF, 0xFF, 0xFF, 0xFF, 0xFF,
  0xFF, 0xFF, 0xFF, 0xFF, 0xFF, 0xF7, 0xFF, 0x9F, 0xFE, 0x3F, 0xE0, 0x3F,
  0x00, 0x00, 0x00, 0x03, 0x00, 0x00, 0x00, 0x01, 0xE0, 0x00, 0x00, 0x01,
  0xFC, 0x00, 0x00, 0x01, 0xFF, 0x80, 0x00, 0x00, 0xFF, 0xF8, 0x00, 0x00,
  0xFF, 0xFC, 0x00, 0x00, 0x7F, 0xFE, 0x00, 0x00, 0x7F, 0xFE, 0x00, 0x00,
  0x3F, 0xFF, 0x00, 0x00, 0x3F, 0xFF, 0x00, 0x00, 0x1F, 0xFF, 0x80, 0x00,
  0x1F, 0xFF, 0x80, 0x00, 0x0F, 0xFF, 0xC0, 0x00, 0x0F, 0xFF, 0xE0, 0x00,
  0x07, 0xFF, 0xE0, 0x00, 0x03, 0xFF, 0xF0, 0x00, 0x03, 0xFF, 0xF0, 0x00,
  0x01, 0xFF, 0xF8, 0x00, 0x01, 0xFF, 0xF8, 0x00, 0x00, 0xFF, 0xFC, 0x00,
  0x00, 0xFF, 0xFE, 0x00, 0x00, 0x7F, 0xFE, 0x00, 0x00, 0x7F, 0xFF, 0x00,
  0x00, 0x3F, 0xFF, 0x00, 0x00, 0x1F, 0xFF, 0x80, 0x00, 0x1F, 0xFF, 0xC0,
  0x00, 0x0F, 0xFF, 0xC0, 0x00, 0x0F, 0xFF, 0xE0, 0x00, 0x07, 0xFF, 0xF0,
  0x00, 0x07, 0xFF, 0xF0, 0x00, 0x03, 0xFF, 0xF8, 0x00, 0x01, 0xFF, 0xF8,
  0x00, 0x01, 0xFF, 0xFC, 0x00, 0x00, 0xFF, 0xFE, 0x00, 0x00, 0xFF, 0xFE,
  0x00, 0x00, 0x7F, 0xFF, 0x00, 0x00, 0x3F, 0xFF, 0x00, 0x00, 0x3F, 0xFF,
  0x80, 0x00, 0x1F, 0xFF, 0xC0, 0x00, 0x1F, 0xFF, 0xC0, 0x00, 0x0F, 0xFF,
  0xE0, 0x00, 0x07, 0xFF, 0xF0, 0x00, 0x07, 0xFF, 0xF0, 0x00, 0x03, 0xFF,
  0xF8, 0x00, 0x03, 0xFF, 0xFC, 0x00, 0x01, 0xFF, 0xFC, 0x00, 0x00, 0xFF,
  0xFE, 0x00, 0x00, 0xFF, 0xFF, 0x00, 0x00, 0x7F, 0xFF, 0x00, 0x00, 0x7F,
  0xFF, 0x80, 0x00, 0x07, 0xFF, 0xC0, 0x00, 0x00, 0x7F, 0xC0, 0x00, 0x00,
  0x07, 0xE0, 0x00, 0x00, 0x00, 0xF0, 0x00, 0x00, 0x00, 0x08, 0x00, 0x00,
  0x00, 0x00, 0x3F, 0x80, 0x00, 0x00, 0x00, 0x7F, 0xFF, 0x00, 0x00, 0x00,
  0x3F, 0xFF, 0xF8, 0x00, 0x00, 0x0F, 0xFF, 0xFF, 0x80, 0x00, 0x07, 0xFF,
  0xFF, 0xFC, 0x00, 0x01, 0xFF, 0xFF, 0xFF, 0xC0, 0x00, 0x7F, 0xFF, 0xFF,
  0xFC, 0x00, 0x1F, 0xFF, 0xFF, 0xFF, 0xC0, 0x07, 0xFF, 0xFF, 0xFF, 0xF8,
  0x00, 0xFF, 0xFF, 0xFF, 0xFF, 0x80, 0x3F, 0xFF, 0xFF, 0xFF, 0xF8, 0x07,
  0xFF, 0xFF, 0xFF, 0xFF, 0x01, 0xFF, 0xFF, 0xFF, 0xFF, 0xF0, 0x3F, 0xFF,
  0xFF, 0xFF, 0xFE, 0x0F, 0xFF, 0xFF, 0xFF, 0xFF, 0xE1, 0xFF, 0xFF, 0xDF,
  0xFF, 0xFC, 0x7F, 0xFF, 0xC0, 0xFF, 0xFF, 0xCF, 0xFF, 0xF0, 0x0F, 0xFF,
  0xF9, 0xFF, 0xFC, 0x00, 0xFF, 0xFF, 0x3F, 0xFF, 0x80, 0x0F, 0xFF, 0xEF,
  0xFF, 0xE0, 0x01, 0xFF, 0xFF, 0xFF, 0xFC, 0x00, 0x3F, 0xFF, 0xFF, 0xFF,
  0x00, 0x03, 0xFF, 0xFF, 0xFF, 0xE0, 0x00, 0x7F, 0xFF, 0xFF, 0xFC, 0x00,
  0x0F, 0xFF, 0xFF, 0xFF, 0x80, 0x01, 0xFF, 0xFF, 0xFF, 0xF0, 0x00, 0x3F,
  0xFF, 0xFF, 0xFE, 0x00, 0x07, 0xFF, 0xFF, 0xFF, 0xC0, 0x00, 0xFF, 0xFF,
  0xFF, 0xF8, 0x00, 0x1F, 0xFF, 0xFF, 0xFF, 0x80, 0x03, 0xFF, 0xF3, 0xFF,
  0xF0, 0x00, 0xFF, 0xFE, 0x7F, 0xFE, 0x00, 0x1F, 0xFF, 0xCF, 0xFF, 0xE0,
  0x07, 0xFF, 0xF8, 0xFF, 0xFE, 0x00, 0xFF, 0xFE, 0x1F, 0xFF, 0xC0, 0x3F,
  0xFF, 0xC3, 0xFF, 0xFE, 0x1F, 0xFF, 0xF8, 0x3F, 0xFF, 0xFF, 0xFF, 0xFE,
  0x07, 0xFF, 0xFF, 0xFF, 0xFF, 0xC0, 0x7F, 0xFF, 0xFF, 0xFF, 0xF0, 0x07,
  0xFF, 0xFF, 0xFF, 0xFC, 0x00, 0xFF, 0xFF, 0xFF, 0xFF, 0x80, 0x0F, 0xFF,
  0xFF, 0xFF, 0xE0, 0x00, 0xFF, 0xFF, 0xFF, 0xF8, 0x00, 0x0F, 0xFF, 0xFF,
  0xFE, 0x00, 0x00, 0xFF, 0xFF, 0xFF, 0x80, 0x00, 0x0F, 0xFF, 0xFF, 0xE0,
  0x00, 0x00, 0x7F, 0xFF, 0xF0, 0x00, 0x00, 0x03, 0xFF, 0xF8, 0x00, 0x00,
  0x00, 0x1F, 0xF8, 0x00, 0x00, 0x00, 0x18, 0x00, 0x00, 0x07, 0xFF, 0xFC,
  0x01, 0xFF, 0xFF, 0x80, 0xFF, 0xFF, 0xF0, 0x3F, 0xFF, 0xFE, 0x1F, 0xFF,
  0xFF, 0xC7, 0xFF, 0xFF, 0xF9, 0xFF, 0xFF, 0xFF, 0xFF, 0xFF, 0xFF, 0xFF,
  0xFF, 0xFF, 0xFD, 0xFF, 0xFF, 0xFF, 0xBF, 0xFF, 0xFF, 0xF3, 0xFF, 0xFF,
  0xFE, 0x7F, 0xFF, 0xFF, 0xCF, 0xFF, 0xFF, 0xF0, 0xFF, 0xFF, 0xFE, 0x1F,
  0xFF, 0xFF, 0xC1, 0xFB, 0xFF, 0xF8, 0x3C, 0x7F, 0xFF, 0x03, 0x0F, 0xFF,
  0xE0, 0x41, 0xFF, 0xFC, 0x00, 0x3F, 0xFF, 0x80, 0x07, 0xFF, 0xF0, 0x00,
  0xFF, 0xFE, 0x00, 0x3F, 0xFF, 0xC0, 0x07, 0xFF, 0xF8, 0x00, 0xFF, 0xFF,
  0x00, 0x1F, 0xFF, 0xE0, 0x03, 0xFF, 0xFC, 0x00, 0x7F, 0xFF, 0x80, 0x0F,
  0xFF, 0xF0, 0x01, 0xFF, 0xFE, 0x00, 0x3F, 0xFF, 0xC0, 0x07, 0xFF, 0xF8,
  0x00, 0xFF, 0xFF, 0x00, 0x1F, 0xFF, 0xE0, 0x03, 0xFF, 0xFC, 0x00, 0x7F,
  0xFF, 0x80, 0x0F, 0xFF, 0xE0, 0x01, 0xFF, 0xFC, 0x00, 0x3F, 0xFF, 0x80,
  0x07, 0xFF, 0xF0, 0x00, 0xFF, 0xFE, 0x00, 0x1F, 0xFF, 0xC0, 0x03, 0xFF,
  0xF8, 0x00, 0x7F, 0xFF, 0x00, 0x0F, 0xFF, 0xE0, 0x01, 0xFF, 0xFC, 0x00,
  0x3F, 0xFF, 0x80, 0x07, 0xFF, 0xF0, 0x00, 0x3F, 0xE0, 0x00, 0x00, 0xFF,
  0xFF, 0x00, 0x00, 0xFF, 0xFF, 0xF0, 0x00, 0xFF, 0xFF, 0xFF, 0x00, 0x7F,
  0xFF, 0xFF, 0xE0, 0x1F, 0xFF, 0xFF, 0xFC, 0x07, 0xFF, 0xFF, 0xFF, 0x81,
  0xFF, 0xFF, 0xFF, 0xF0, 0x7F, 0xFF, 0xFF, 0xFE, 0x0F, 0xFF, 0xFF, 0xFF,
  0x83, 0xFF, 0xFF, 0xFF, 0xF0, 0xFF, 0xFF, 0xFF, 0xFC, 0x3F, 0xFF, 0xFF,
  0xFF, 0x87, 0xFF, 0xFF, 0xFF, 0xE1, 0xFF, 0xFF, 0xFF, 0xF8, 0x7C, 0x0F,
  0xFF, 0xFF, 0x1C, 0x00, 0xFF, 0xFF, 0xC4, 0x00, 0x1F, 0xFF, 0xF0, 0x00,
  0x07, 0xFF, 0xFC, 0x00, 0x01, 0xFF, 0xFF, 0x00, 0x00, 0x3F, 0xFF, 0xC0,
  0x00, 0x1F, 0xFF, 0xF0, 0x00, 0x07, 0xFF, 0xFC, 0x00, 0x01, 0xFF, 0xFE,
  0x00, 0x00, 0x7F, 0xFF, 0x80, 0x00, 0x3F, 0xFF, 0xE0, 0x00, 0x0F, 0xFF,
  0xF0, 0x00, 0x07, 0xFF, 0xFC, 0x00, 0x03, 0xFF, 0xFE, 0x00, 0x01, 0xFF,
  0xFF, 0x00, 0x00, 0xFF, 0xFF, 0x80, 0x00, 0x7F, 0xFF, 0xC0, 0x00, 0x3F,
  0xFF, 0xE0, 0x00, 0x3F, 0xFF, 0xF0, 0x00, 0x1F, 0xFF, 0xF8, 0x00, 0x1F,
  0xFF, 0xFC, 0x00, 0x3F, 0xFF, 0xFE, 0x00, 0x3F, 0xFF, 0xFF, 0xFF, 0xEF,
  0xFF, 0xFF, 0xFF, 0xFB, 0xFF, 0xFF, 0xFF, 0xFE, 0xFF, 0xFF, 0xFF, 0xFF,
  0xBF, 0xFF, 0xFF, 0xFF, 0xEF, 0xFF, 0xFF, 0xFF, 0xFB, 0xFF, 0xFF, 0xFF,
  0xFE, 0xFF, 0xFF, 0xFF, 0xFF, 0xBF, 0xFF, 0xFF, 0xFF, 0xEF, 0xFF, 0xFF,
  0xFF, 0xFB, 0xFF, 0xFF, 0xFF, 0xFE, 0xFF, 0xFF, 0xFF, 0xFF, 0xBF, 0xFF,
  0xFF, 0xFF, 0xE0, 0x00, 0xFF, 0xFF, 0xF0, 0x00, 0x1F, 0xF0, 0x00, 0x00,
  0x3F, 0xFF, 0xE0, 0x00, 0x1F, 0xFF, 0xFF, 0x00, 0x0F, 0xFF, 0xFF, 0xF8,
  0x07, 0xFF, 0xFF, 0xFF, 0x81, 0xFF, 0xFF, 0xFF, 0xF8, 0x3F, 0xFF, 0xFF,
  0xFF, 0x83, 0xFF, 0xFF, 0xFF, 0xF8, 0x7F, 0xFF, 0xFF, 0xFF, 0x8F, 0xFF,
  0xFF, 0xFF, 0xF1, 0xFF, 0xFF, 0xFF, 0xFF, 0x1F, 0xFF, 0xFF, 0xFF, 0xE3,
  0xFF, 0xFF, 0xFF, 0xFC, 0x7F, 0xFF, 0xFF, 0xFF, 0x8F, 0xF8, 0x3F, 0xFF,
  0xF8, 0xF0, 0x01, 0xFF, 0xFF, 0x18, 0x00, 0x1F, 0xFF, 0xE2, 0x00, 0x01,
  0xFF, 0xFC, 0x00, 0x00, 0x3F, 0xFF, 0x80, 0x00, 0x0F, 0xFF, 0xE0, 0x00,
  0x01, 0xFF, 0xFC, 0x00, 0x00, 0x7F, 0xFF, 0x80, 0x00, 0x7F, 0xFF, 0xE0,
  0x03, 0xFF, 0xFF, 0xF8, 0x00, 0x7F, 0xFF, 0xFE, 0x00, 0x0F, 0xFF, 0xFF,
  0x80, 0x01, 0xFF, 0xFF, 0xFC, 0x00, 0x3F, 0xFF, 0xFF, 0xC0, 0x07, 0xFF,
  0xFF, 0xFC, 0x00, 0xFF, 0xFF, 0xFF, 0x80, 0x1F, 0xFF, 0xFF, 0xF8, 0x03,
  0xFF, 0xFF, 0xFF, 0x00, 0x40, 0x7F, 0xFF, 0xE0, 0x00, 0x03, 0xFF, 0xFC,
  0x00, 0x00, 0x3F, 0xFF, 0xA0, 0x00, 0x07, 0xFF, 0xF7, 0x00, 0x00, 0xFF,
  0xFE, 0xF8, 0x00, 0x3F, 0xFF, 0xDF, 0xE0, 0x0F, 0xFF, 0xFF, 0xFF, 0xFF,
  0xFF, 0xFF, 0xFF, 0xFF, 0xFF, 0xFF, 0xFF, 0xFF, 0xFF, 0xFF, 0xFB, 0xFF,
  0xFF, 0xFF, 0xFF, 0x7F, 0xFF, 0xFF, 0xFF, 0xEF, 0xFF, 0xFF, 0xFF, 0xF9,
  0xFF, 0xFF, 0xFF, 0xFF, 0x3F, 0xFF, 0xFF, 0xFF, 0xC7, 0xFF, 0xFF, 0xFF,
  0xF0, 0xFF, 0xFF, 0xFF, 0xFC, 0x0F, 0xFF, 0xFF, 0xFF, 0x00, 0x7F, 0xFF,
  0xFF, 0xC0, 0x03, 0xFF, 0xFF, 0xE0, 0x00, 0x0F, 0xFF, 0xE0, 0x00, 0x00,
  0x07, 0x00, 0x00, 0x00, 0x00, 0x00, 0x0F, 0xFF, 0xE0, 0x00, 0x00, 0x7F,
  0xFF, 0x00, 0x00, 0x03, 0xFF, 0xF8, 0x00, 0x00, 0x1F, 0xFF, 0xC0, 0x00,
  0x00, 0xFF, 0xFE, 0x03, 0xFF, 0xE7, 0xFF, 0xF0, 0x1F, 0xFF, 0x3F, 0xFF,
  0x80, 0xFF, 0xF9, 0xFF, 0xFC, 0x0F, 0xFF, 0xCF, 0xFF, 0xE0, 0x7F, 0xFC,
  0x7F, 0xFF, 0x03, 0xFF, 0xE3, 0xFF, 0xF8, 0x1F, 0xFF, 0x1F, 0xFF, 0xC0,
  0xFF, 0xF8, 0xFF, 0xFE, 0x07, 0xFF, 0xC7, 0xFF, 0xF0, 0x7F, 0xFC, 0x3F,
  0xFF, 0x83, 0xFF, 0xE1, 0xFF, 0xFC, 0x1F, 0xFF, 0x1F, 0xFF, 0xE0, 0xFF,
  0xF8, 0xFF, 0xFF, 0x07, 0xFF, 0xC7, 0xFF, 0xF8, 0x3F, 0xFE, 0x3F, 0xFF,
  0xC3, 0xFF, 0xE1, 0xFF, 0xFE, 0x1F, 0xFF, 0x0F, 0xFF, 0xE0, 0xFF, 0xF8,
  0x7F, 0xFF, 0x07, 0xFF, 0xC3, 0xFF, 0xF8, 0x3F, 0xFE, 0x1F, 0xFF, 0xC1,
  0xFF, 0xF0, 0xFF, 0xFF, 0xDF, 0xFF, 0xFF, 0xFF, 0xFE, 0xFF, 0xFF, 0xFF,
  0xFF, 0xF7, 0xFF, 0xFF, 0xFF, 0xFF, 0xBF, 0xFF, 0xFF, 0xFF, 0xFD, 0xFF,
  0xFF, 0xFF, 0xFF, 0xEF, 0xFF, 0xFF, 0xFF, 0xFF, 0xFF, 0xFF, 0xFF, 0xFF,
  0xFF, 0xFF, 0xFF, 0xFF, 0xFF, 0xFF, 0xFF, 0xFF, 0xFF, 0xF0, 0x00, 0x00,
  0x7F, 0xFF, 0x80, 0x00, 0x03, 0xFF, 0xFC, 0x00, 0x00, 0x1F, 0xFF, 0xE0,
  0x00, 0x00, 0xFF, 0xFF, 0x00, 0x00, 0x07, 0xFF, 0xF8, 0x00, 0x00, 0x3F,
  0xFF, 0xC0, 0x00, 0x01, 0xFF, 0xFE, 0x00, 0x00, 0x0F, 0xFF, 0xF0, 0x00,
  0x00, 0x7F, 0xFF, 0x80, 0x00, 0x03, 0xFF, 0xFC, 0x00, 0x00, 0x1F, 0xFF,
  0xE0, 0x00, 0x00, 0xFF, 0xFE, 0x00, 0x00, 0x07, 0xFF, 0xF0, 0x00, 0x00,
  0x3F, 0xFF, 0x80, 0x00, 0x01, 0xFF, 0xF8, 0x00, 0x00, 0x0E, 0x00, 0x00,
  0x00, 0x01, 0xFF, 0xFF, 0x00, 0xFF, 0xFF, 0xFF, 0xF0, 0x0F, 0xFF, 0xFF,
  0xFF, 0x01, 0xFF, 0xFF, 0xFF, 0xF0, 0x1F, 0xFF, 0xFF, 0xFF, 0x01, 0xFF,
  0xFF, 0xFF, 0xF0, 0x1F, 0xFF, 0xFF, 0xFF, 0x01, 0xFF, 0xFF, 0xFF, 0xF0,
  0x1F, 0xFF, 0xFF, 0xFF, 0x01, 0xFF, 0xFF, 0xFF, 0xF0, 0x1F, 0xFF, 0xFF,
  0xFF, 0x01, 0xFF, 0xFF, 0xFF, 0xF0, 0x1F, 0xFF, 0xFF, 0xFF, 0x01, 0xFF,
  0xFF, 0xFF, 0xF0, 0x1F, 0xFE, 0x00, 0x00, 0x81, 0xFF, 0xE0, 0x00, 0x00,
  0x1F, 0xFE, 0x00, 0x00, 0x01, 0xFF, 0xE0, 0x00, 0x00, 0x1F, 0xFE, 0x00,
  0x00, 0x01, 0xFF, 0xEF, 0xF8, 0x00, 0x1F, 0xFF, 0xFF, 0xF0, 0x01, 0xFF,
  0xFF, 0xFF, 0xC0, 0x1F, 0xFF, 0xFF, 0xFE, 0x01, 0xFF, 0xFF, 0xFF, 0xF0,
  0x3F, 0xFF, 0xFF, 0xFF, 0x83, 0xFF, 0xFF, 0xFF, 0xFC, 0x3F, 0xFF, 0xFF,
  0xFF, 0xC3, 0xFF, 0xFF, 0xFF, 0xFE, 0x30, 0x03, 0xFF, 0xFF, 0xE0, 0x00,
  0x07, 0xFF, 0xFE, 0x00, 0x00, 0x1F, 0xFF, 0xF0, 0x00, 0x00, 0xFF, 0xFF,
  0x00, 0x00, 0x0F, 0xFF, 0xF0, 0x00, 0x00, 0xFF, 0xFF, 0x60, 0x00, 0x0F,
  0xFF, 0xF7, 0x80, 0x01, 0xFF, 0xFF, 0x7F, 0x80, 0xFF, 0xFF, 0xF7, 0xFF,
  0xFF, 0xFF, 0xFF, 0x7F, 0xFF, 0xFF, 0xFF, 0xE7, 0xFF, 0xFF, 0xFF, 0xFE,
  0x7F, 0xFF, 0xFF, 0xFF, 0xEF, 0xFF, 0xFF, 0xFF, 0xFC, 0xFF, 0xFF, 0xFF,
  0xFF, 0xCF, 0xFF, 0xFF, 0xFF, 0xF8, 0xFF, 0xFF, 0xFF, 0xFF, 0x0F, 0xFF,
  0xFF, 0xFF, 0xF0, 0xFF, 0xFF, 0xFF, 0xFC, 0x0F, 0xFF, 0xFF, 0xFF, 0x80,
  0x3F, 0xFF, 0xFF, 0xE0, 0x00, 0x7F, 0xFF, 0xF8, 0x00, 0x00, 0x7F, 0xFC,
  0x00, 0x00, 0x00, 0x00, 0xFF, 0xFC, 0x00, 0x00, 0x07, 0xFF, 0xFF, 0x00,
  0x00, 0x3F, 0xFF, 0xFF, 0x80, 0x01, 0xFF, 0xFF, 0xFF, 0x00, 0x07, 0xFF,
  0xFF, 0xFE, 0x00, 0x1F, 0xFF, 0xFF, 0xFC, 0x00, 0x7F, 0xFF, 0xFF, 0xF8,
  0x01, 0xFF, 0xFF, 0xFF, 0xF0, 0x07, 0xFF, 0xFF, 0xFF, 0xC0, 0x1F, 0xFF,
  0xFF, 0xFF, 0x80, 0x3F, 0xFF, 0xFF, 0xFF, 0x00, 0xFF, 0xFF, 0xFF, 0xFE,
  0x01, 0xFF, 0xFF, 0xFF, 0xFC, 0x03, 0xFF, 0xFF, 0xFF, 0xF8, 0x0F, 0xFF,
  0xF8, 0x00, 0xF0, 0x1F, 0xFF, 0xC0, 0x00, 0x20, 0x3F, 0xFF, 0x00, 0x00,
  0x00, 0xFF, 0xFE, 0x00, 0x00, 0x01, 0xFF, 0xF8, 0x00, 0x00, 0x03, 0xFF,
  0xF0, 0x00, 0x00, 0x07, 0xFF, 0xC1, 0xFF, 0xC0, 0x0F, 0xFF, 0x9F, 0xFF,
  0xE0, 0x3F, 0xFF, 0xFF, 0xFF, 0xF0, 0x7F, 0xFF, 0xFF, 0xFF, 0xF0, 0xFF,
  0xFF, 0xFF, 0xFF, 0xF1, 0xFF, 0xFF, 0xFF, 0xFF, 0xF3, 0xFF, 0xFF, 0xFF,
  0xFF, 0xE7, 0xFF, 0xFF, 0xFF, 0xFF, 0xEF, 0xFF, 0xFF, 0xFF, 0xFF, 0xDF,
  0xFF, 0xFF, 0xFF, 0xFF, 0xFF, 0xFF, 0xF0, 0x3F, 0xFF, 0xFF, 0xFF, 0x80,
  0x3F, 0xFF, 0xFF, 0xFF, 0x00, 0x3F, 0xFE, 0xFF, 0xFC, 0x00, 0x7F, 0xFD,
  0xFF, 0xF8, 0x00, 0xFF, 0xFB, 0xFF, 0xF8, 0x01, 0xFF, 0xF7, 0xFF, 0xF0,
  0x07, 0xFF, 0xEF, 0xFF, 0xF0, 0x1F, 0xFF, 0xCF, 0xFF, 0xF0, 0x7F, 0xFF,
  0x1F, 0xFF, 0xFF, 0xFF, 0xFE, 0x3F, 0xFF, 0xFF, 0xFF, 0xFC, 0x3F, 0xFF,
  0xFF, 0xFF, 0xF0, 0x7F, 0xFF, 0xFF, 0xFF, 0xE0, 0x7F, 0xFF, 0xFF, 0xFF,
  0x80, 0x7F, 0xFF, 0xFF, 0xFF, 0x00, 0xFF, 0xFF, 0xFF, 0xFC, 0x00, 0xFF,
  0xFF, 0xFF, 0xF0, 0x00, 0xFF, 0xFF, 0xFF, 0xC0, 0x00, 0xFF, 0xFF, 0xFF,
  0x00, 0x00, 0x7F, 0xFF, 0xF8, 0x00, 0x00, 0x3F, 0xFF, 0xC0, 0x00, 0x00,
  0x0F, 0xFC, 0x00, 0x00, 0x00, 0x00, 0x0F, 0xFF, 0xFF, 0xFF, 0xFF, 0xFF,
  0xFF, 0xFF, 0xFF, 0xFF, 0xFF, 0xFF, 0xFF, 0xFF, 0xFF, 0xFF, 0xFF, 0xFF,
  0xFF, 0xFF, 0xFF, 0xFF, 0xFF, 0xFF, 0xFF, 0xFF, 0xFF, 0xFF, 0xFF, 0xFF,
  0xFF, 0xFF, 0xFF, 0xFF, 0xFF, 0xFF, 0xFF, 0xFF, 0xFF, 0xFF, 0xFF, 0xFF,
  0xFF, 0xFF, 0xFF, 0xFF, 0xFF, 0xFF, 0xFF, 0xFF, 0xFF, 0xFF, 0xFF, 0xFF,
  0xFF, 0xFF, 0xFF, 0xFF, 0xFF, 0xFF, 0xFF, 0xFB, 0xF0, 0x00, 0xFF, 0xFE,
  0x00, 0x00, 0x3F, 0xFF, 0x80, 0x00, 0x1F, 0xFF, 0xC0, 0x00, 0x07, 0xFF,
  0xF0, 0x00, 0x03, 0xFF, 0xFC, 0x00, 0x00, 0xFF, 0xFE, 0x00, 0x00, 0x7F,
  0xFF, 0x80, 0x00, 0x1F, 0xFF, 0xE0, 0x00, 0x0F, 0xFF, 0xF0, 0x00, 0x03,
  0xFF, 0xFC, 0x00, 0x00, 0xFF, 0xFE, 0x00, 0x00, 0x7F, 0xFF, 0x80, 0x00,
  0x1F, 0xFF, 0xE0, 0x00, 0x0F, 0xFF, 0xF0, 0x00, 0x03, 0xFF, 0xFC, 0x00,
  0x01, 0xFF, 0xFF, 0x00, 0x00, 0x7F, 0xFF, 0x80, 0x00, 0x3F, 0xFF, 0xE0,
  0x00, 0x0F, 0xFF, 0xF8, 0x00, 0x07, 0xFF, 0xFC, 0x00, 0x01, 0xFF, 0xFF,
  0x00, 0x00, 0xFF, 0xFF, 0xC0, 0x00, 0x3F, 0xFF, 0xE0, 0x00, 0x1F, 0xFF,
  0xF8, 0x00, 0x07, 0xFF, 0xFC, 0x00, 0x01, 0xFF, 0xFF, 0x00, 0x00, 0xFF,
  0xFF, 0xC0, 0x00, 0x3F, 0xFF, 0xE0, 0x00, 0x1F, 0xFF, 0xF8, 0x00, 0x07,
  0xFF, 0xFE, 0x00, 0x03, 0xFF, 0xFF, 0x00, 0x00, 0xFF, 0xFF, 0xC0, 0x00,
  0x7F, 0xFF, 0xF0, 0x00, 0x1F, 0xFF, 0xF8, 0x00, 0x08, 0xFF, 0xFE, 0x00,
  0x00, 0x00, 0x03, 0xFF, 0x00, 0x00, 0x00, 0x3F, 0xFF, 0xC0, 0x00, 0x01,
  0xFF, 0xFF, 0xE0, 0x00, 0x0F, 0xFF, 0xFF, 0xF0, 0x00, 0x3F, 0xFF, 0xFF,
  0xF0, 0x00, 0xFF, 0xFF, 0xFF, 0xF0, 0x03, 0xFF, 0xFF, 0xFF, 0xF0, 0x0F,
  0xFF, 0xFF, 0xFF, 0xF0, 0x1F, 0xFF, 0xFF, 0xFF, 0xE0, 0x7F, 0xFF, 0xFF,
  0xFF, 0xE0, 0xFF, 0xFF, 0xFF, 0xFF, 0xC1, 0xFF, 0xFF, 0xFF, 0xFF, 0xC7,
  0xFF, 0xFF, 0xFF, 0xFF, 0x8F, 0xFF, 0xE0, 0x7F, 0xFF, 0x1F, 0xFF, 0x80,
  0x7F, 0xFE, 0x3F, 0xFE, 0x00, 0x7F, 0xFC, 0x7F, 0xF8, 0x00, 0x7F, 0xF8,
  0x7F, 0xF0, 0x00, 0xFF, 0xF0, 0xFF, 0xE0, 0x01, 0xFF, 0xC1, 0xFF, 0xE0,
  0x03, 0xFF, 0x81, 0xFF, 0xC0, 0x0F, 0xFF, 0x03, 0xFF, 0xC0, 0x3F, 0xFC,
  0x03, 0xFF, 0xF3, 0xFF, 0xF0, 0x03, 0xFF, 0xFF, 0xFF, 0xE0, 0x03, 0xFF,
  0xFF, 0xFF, 0x80, 0x0F, 0xFF, 0xFF, 0xFF, 0x80, 0x3F, 0xFF, 0xFF, 0xFF,
  0x80, 0xFF, 0xFF, 0xFF, 0xFF, 0x83, 0xFF, 0xFF, 0xFF, 0xFF, 0x8F, 0xFF,
  0xF0, 0xFF, 0xFF, 0x1F, 0xFF, 0x80, 0x7F, 0xFF, 0x3F, 0xFE, 0x00, 0x7F,
  0xFE, 0xFF, 0xFC, 0x00, 0x7F, 0xFD, 0xFF, 0xF0, 0x00, 0xFF, 0xFB, 0xFF,
  0xE0, 0x01, 0xFF, 0xFF, 0xFF, 0xE0, 0x03, 0xFF, 0xFF, 0xFF, 0xC0, 0x0F,
  0xFF, 0xFF, 0xFF, 0xC0, 0x3F, 0xFF, 0xBF, 0xFF, 0xE1, 0xFF, 0xFF, 0x7F,
  0xFF, 0xFF, 0xFF, 0xFE, 0x7F, 0xFF, 0xFF, 0xFF, 0xFC, 0xFF, 0xFF, 0xFF,
  0xFF, 0xF0, 0xFF, 0xFF, 0xFF, 0xFF, 0xE1, 0xFF, 0xFF, 0xFF, 0xFF, 0xC1,
  0xFF, 0xFF, 0xFF, 0xFF, 0x01, 0xFF, 0xFF, 0xFF, 0xFC, 0x01, 0xFF, 0xFF,
  0xFF, 0xF0, 0x01, 0xFF, 0xFF, 0xFF, 0xC0, 0x00, 0xFF, 0xFF, 0xFE, 0x00,
  0x00, 0x7F, 0xFF, 0xF0, 0x00, 0x00, 0x0F, 0xFE, 0x00, 0x00, 0x00, 0x00,
  0x70, 0x00, 0x00, 0x00, 0x7F, 0xFC, 0x00, 0x00, 0x0F, 0xFF, 0xF8, 0x00,
  0x01, 0xFF, 0xFF, 0xF0, 0x00, 0x3F, 0xFF, 0xFF, 0xC0, 0x03, 0xFF, 0xFF,
  0xFF, 0x00, 0x3F, 0xFF, 0xFF, 0xFC, 0x03, 0xFF, 0xFF, 0xFF, 0xF0, 0x1F,
  0xFF, 0xFF, 0xFF, 0xC1, 0xFF, 0xFF, 0xFF, 0xFE, 0x0F, 0xFF, 0xFF, 0xFF,
  0xF8, 0xFF, 0xFF, 0xFF, 0xFF, 0xC7, 0xFF, 0xFF, 0xFF, 0xFF, 0x7F, 0xFF,
  0x87, 0xFF, 0xFB, 0xFF, 0xF0, 0x1F, 0xFF, 0xDF, 0xFF, 0x00, 0x7F, 0xFE,
  0xFF, 0xF8, 0x01, 0xFF, 0xFF, 0xFF, 0xC0, 0x0F, 0xFF, 0xFF, 0xFE, 0x00,
  0x7F, 0xFF, 0xFF, 0xF0, 0x07, 0xFF, 0xFF, 0xFF, 0xC0, 0x3F, 0xFF, 0xFF,
  0xFF, 0x87, 0xFF, 0xFF, 0xFF, 0xFF, 0xFF, 0xFF, 0xEF, 0xFF, 0xFF, 0xFF,
  0xFF, 0x7F, 0xFF, 0xFF, 0xFF, 0xF9, 0xFF, 0xFF, 0xFF, 0xFF, 0xC7, 0xFF,
  0xFF, 0xFF, 0xFE, 0x1F, 0xFF, 0xFF, 0xFF, 0xF0, 0x7F, 0xFF, 0xFF, 0xFF,
  0x81, 0xFF, 0xFF, 0xFF, 0xFC, 0x01, 0xFF, 0xC7, 0xFF, 0xE0, 0x00, 0x00,
  0x3F, 0xFE, 0x00, 0x00, 0x01, 0xFF, 0xF0, 0x00, 0x00, 0x1F, 0xFF, 0x82,
  0x00, 0x01, 0xFF, 0xFC, 0x18, 0x00, 0x1F, 0xFF, 0xC0, 0xF8, 0x01, 0xFF,
  0xFE, 0x07, 0xFF, 0xFF, 0xFF, 0xE0, 0x3F, 0xFF, 0xFF, 0xFF, 0x03, 0xFF,
  0xFF, 0xFF, 0xF8, 0x1F, 0xFF, 0xFF, 0xFF, 0x80, 0xFF, 0xFF, 0xFF, 0xF8,
  0x07, 0xFF, 0xFF, 0xFF, 0xC0, 0x3F, 0xFF, 0xFF, 0xFC, 0x01, 0xFF, 0xFF,
  0xFF, 0xC0, 0x0F, 0xFF, 0xFF, 0xFC, 0x00, 0xFF, 0xFF, 0xFF, 0xC0, 0x07,
  0xFF, 0xFF, 0xFC, 0x00, 0x0F, 0xFF, 0xFF, 0x80, 0x00, 0x1F, 0xFF, 0xF0,
  0x00, 0x00, 0x07, 0xFC, 0x00, 0x00, 0x07, 0x00, 0x7F, 0x83, 0xFF, 0x1F,
  0xFE, 0xFF, 0xFB, 0xFF, 0xFF, 0xFF, 0xFF, 0xFF, 0xFF, 0xFF, 0xFF, 0xFF,
  0xFF, 0xDF, 0xFE, 0x7F, 0xF0, 0xFF, 0x80, 0xF8, 0x00, 0x00, 0x00, 0x00,
  0x00, 0x00, 0x00, 0x00, 0x00, 0x00, 0x00, 0x00, 0x00, 0x00, 0x07, 0xF0,
  0x3F, 0xF1, 0xFF, 0xEF, 0xFF, 0xBF, 0xFF, 0xFF, 0xFF, 0xFF, 0xFF, 0xFF,
  0xFF, 0xFF, 0xFF, 0xFF, 0xFF, 0xE7, 0xFF, 0x0F, 0xF8, 0x0F, 0xC0, 0x03,
  0x80, 0x1F, 0xE0, 0x7F, 0xE1, 0xFF, 0xE7, 0xFF, 0xCF, 0xFF, 0xDF, 0xFF,
  0xFF, 0xFF, 0xFF, 0xFE, 0xFF, 0xFD, 0xFF, 0xF3, 0xFF, 0xE3, 0xFF, 0x83,
  0xFE, 0x01, 0xF0, 0x00, 0x00, 0x00, 0x00, 0x00, 0x00, 0x00, 0x00, 0x00,
  0x00, 0x00, 0x00, 0x00, 0x01, 0xF8, 0x0F, 0xF8, 0x3F, 0xF8, 0xFF, 0xF9,
  0xFF, 0xFB, 0xFF, 0xFF, 0xFF, 0xFF, 0xFF, 0xDF, 0xFF, 0xBF, 0xFF, 0x7F,
  0xFC, 0x7F, 0xF8, 0x7F, 0xF0, 0x7F, 0xC0, 0x7F, 0x80, 0xFE, 0x01, 0xF8,
  0x03, 0xE0, 0x07, 0x80, 0x0E, 0x00, 0x18, 0x00, 0x00, 0x00, 0x02, 0x00,
  0x00, 0x00, 0x30, 0x00, 0x00, 0x07, 0xC0, 0x00, 0x00, 0x7E, 0x00, 0x00,
  0x0F, 0xF8, 0x00, 0x01, 0xFF, 0xC0, 0x00, 0x1F, 0xFF, 0x00, 0x03, 0xFF,
  0xF8, 0x00, 0x3F, 0xFF, 0xC0, 0x07, 0xFF, 0xFF, 0x00, 0x7F, 0xFF, 0xF8,
  0x0F, 0xFF, 0xFF, 0xE1, 0xFF, 0xFF, 0xFE, 0x1F, 0xFF, 0xFF, 0xC3, 0xFF,
  0xFF, 0xF8, 0x1F, 0xFF, 0xFF, 0x00, 0xFF, 0xFF, 0xE0, 0x07, 0xFF, 0xFC,
  0x00, 0x3F, 0xFF, 0x80, 0x01, 0xFF, 0xF0, 0x00, 0x0F, 0xFE, 0x00, 0x00,
  0x7F, 0xF8, 0x00, 0x03, 0xFF, 0xF0, 0x00, 0x1F, 0xFF, 0xE0, 0x00, 0xFF,
  0xFF, 0xE0, 0x07, 0xFF, 0xFF, 0xC0, 0x3F, 0xFF, 0xFF, 0x81, 0xFF, 0xFF,
  0xFF, 0x07, 0xFF, 0xFF, 0xFE, 0x0F, 0xFF, 0xFF, 0xFC, 0x1F, 0xFF, 0xFF,
  0xC0, 0x7F, 0xFF, 0xFE, 0x00, 0xFF, 0xFF, 0xE0, 0x01, 0xFF, 0xFF, 0x00,
  0x07, 0xFF, 0xF0, 0x00, 0x0F, 0xFF, 0x80, 0x00, 0x1F, 0xF8, 0x00, 0x00,
  0x7F, 0xC0, 0x00, 0x00, 0xFC, 0x00, 0x00, 0x01, 0xE0, 0x00, 0x00, 0x06,
  0x00, 0x3F, 0xFF, 0xFF, 0xFF, 0xFF, 0xFF, 0xFF, 0xFF, 0xFF, 0xFF, 0xFF,
  0xFF, 0xFF, 0xFF, 0xFF, 0xFF, 0xFF, 0xFF, 0xFF, 0xFF, 0xFF, 0xFF, 0xFF,
  0xFF, 0xFF, 0xFF, 0xFF, 0xFF, 0xFF, 0xFF, 0xC0, 0x00, 0x00, 0x00, 0x00,
  0x00, 0x00, 0x00, 0x0F, 0xFF, 0xFF, 0xFF, 0xFF, 0xFF, 0xFF, 0xFF, 0xFF,
  0xFF, 0xFF, 0xFF, 0xFF, 0xFF, 0xFF, 0xFF, 0xFF, 0xFF, 0xFF, 0xFF, 0xFF,
  0xFF, 0xFF, 0xFF, 0xFF, 0xFF, 0xFF, 0xFF, 0xFF, 0xFF, 0xFC, 0x01, 0xFF,
  0xF0, 0x04, 0x00, 0x00, 0x00, 0x38, 0x00, 0x00, 0x03, 0xE0, 0x00, 0x00,
  0x1F, 0xC0, 0x00, 0x01, 0xFF, 0x80, 0x00, 0x0F, 0xFE, 0x00, 0x00, 0xFF,
  0xFC, 0x00, 0x07, 0xFF, 0xF8, 0x00, 0x7F, 0xFF, 0xE0, 0x03, 0xFF, 0xFF,
  0xC0, 0x3F, 0xFF, 0xFF, 0x81, 0xFF, 0xFF, 0xFE, 0x07, 0xFF, 0xFF, 0xFC,
  0x0F, 0xFF, 0xFF, 0xF8, 0x1F, 0xFF, 0xFF, 0xC0, 0x3F, 0xFF, 0xFE, 0x00,
  0x7F, 0xFF, 0xF0, 0x00, 0xFF, 0xFF, 0x80, 0x01, 0xFF, 0xFC, 0x00, 0x03,
  0xFF, 0xE0, 0x00, 0x07, 0xFF, 0x80, 0x00, 0x7F, 0xFC, 0x00, 0x0F, 0xFF,
  0xE0, 0x01, 0xFF, 0xFF, 0x00, 0x3F, 0xFF, 0xF8, 0x07, 0xFF, 0xFF, 0xC0,
  0xFF, 0xFF, 0xFE, 0x1F, 0xFF, 0xFF, 0xC3, 0xFF, 0xFF, 0xFC, 0x7F, 0xFF,
  0xFF, 0x81, 0xFF, 0xFF, 0xF8, 0x0F, 0xFF, 0xFF, 0x00, 0x3F, 0xFF, 0xE0,
  0x01, 0xFF, 0xFE, 0x00, 0x0F, 0xFF, 0xC0, 0x00, 0x3F, 0xFC, 0x00, 0x01,
  0xFF, 0x80, 0x00, 0x07, 0xF8, 0x00, 0x00, 0x3F, 0x00, 0x00, 0x00, 0xE0,
  0x00, 0x00, 0x06, 0x00, 0x00, 0x00, 0x00, 0x07, 0xE0, 0x00, 0x00, 0x07,
  0xFF, 0xF8, 0x00, 0x01, 0xFF, 0xFF, 0xF8, 0x00, 0x3F, 0xFF, 0xFF, 0xF0,
  0x07, 0xFF, 0xFF, 0xFF, 0xC0, 0x7F, 0xFF, 0xFF, 0xFF, 0x01, 0xFF, 0xFF,
  0xFF, 0xFC, 0x0F, 0xFF, 0xFF, 0xFF, 0xF0, 0x7F, 0xFF, 0xFF, 0xFF, 0xC3,
  0xFF, 0xFF, 0xFF, 0xFF, 0x1F, 0xFF, 0xFF, 0xFF, 0xF8, 0xFF, 0xFF, 0xFF,
  0xFF, 0xE7, 0xFF, 0xFF, 0xFF, 0xFF, 0x3F, 0xFF, 0xFF, 0xFF, 0xF8, 0xFF,
  0xFF, 0xFF, 0xFF, 0xE7, 0xF8, 0x03, 0xFF, 0xFF, 0x3C, 0x00, 0x0F, 0xFF,
  0xF9, 0x80, 0x00, 0x3F, 0xFF, 0xC0, 0x00, 0x01, 0xFF, 0xFE, 0x00, 0x00,
  0x0F, 0xFF, 0xF0, 0x00, 0x00, 0xFF, 0xFF, 0x80, 0x00, 0x0F, 0xFF, 0xFC,
  0x00, 0x00, 0xFF, 0xFF, 0xC0, 0x00, 0x1F, 0xFF, 0xFE, 0x00, 0x03, 0xFF,
  0xFF, 0xE0, 0x00, 0x3F, 0xFF, 0xFF, 0x00, 0x03, 0xFF, 0xFF, 0xF0, 0x00,
  0x1F, 0xFF, 0xFF, 0x00, 0x01, 0xFF, 0xFF, 0xE0, 0x00, 0x0F, 0xFF, 0xFC,
  0x00, 0x00, 0xFF, 0xFF, 0xC0, 0x00, 0x07, 0xFF, 0xF8, 0x00, 0x00, 0x3F,
  0xFF, 0x80, 0x00, 0x01, 0xFF, 0xF8, 0x00, 0x00, 0x0F, 0xFF, 0x80, 0x00,
  0x00, 0x7F, 0xF8, 0x00, 0x00, 0x03, 0xFF, 0xC0, 0x00, 0x00, 0x00, 0x00,
  0x00, 0x00, 0x00, 0x00, 0x00, 0x00, 0x00, 0x00, 0x78, 0x00, 0x00, 0x00,
  0x0F, 0xF0, 0x00, 0x00, 0x00, 0xFF, 0xC0, 0x00, 0x00, 0x0F, 0xFF, 0x00,
  0x00, 0x00, 0xFF, 0xF8, 0x00, 0x00, 0x07, 0xFF, 0xE0, 0x00, 0x00, 0x3F,
  0xFF, 0x00, 0x00, 0x01, 0xFF, 0xF8, 0x00, 0x00, 0x0F, 0xFF, 0xC0, 0x00,
  0x00, 0x7F, 0xFE, 0x00, 0x00, 0x03, 0xFF, 0xF0, 0x00, 0x00, 0x0F, 0xFF,
  0x00, 0x00, 0x00, 0x7F, 0xF0, 0x00, 0x00, 0x00, 0xFF, 0x00, 0x00, 0x00,
  0x03, 0xE0, 0x00, 0x00, 0x00, 0x00, 0x7F, 0xF8, 0x00, 0x00, 0x00, 0x3F,
  0xFF, 0xF0, 0x00, 0x00, 0x1F, 0xFF, 0xFF, 0xC0, 0x00, 0x07, 0xFF, 0xFF,
  0xFF, 0x00, 0x00, 0xFF, 0xFF, 0xFF, 0xF8, 0x00, 0x1F, 0xFF, 0xFF, 0xFF,
  0xC0, 0x03, 0xFF, 0xFF, 0xFF, 0xFE, 0x00, 0x7F, 0xFF, 0xFF, 0xFF, 0xF0,
  0x0F, 0xFF, 0xFF, 0xFF, 0xFF, 0x81, 0xFF, 0xFE, 0x07, 0xFF, 0xF8, 0x1F,
  0xFF, 0x00, 0x07, 0xFF, 0xC3, 0xFF, 0xC0, 0x00, 0x1F, 0xFC, 0x3F, 0xF8,
  0x00, 0x00, 0xFF, 0xE7, 0xFF, 0x00, 0x00, 0x07, 0xFE, 0x7F, 0xE0, 0x18,
  0x7F, 0x7F, 0xE7, 0xFE, 0x1F, 0xE7, 0xF3, 0xFE, 0x7F, 0xC3, 0xFF, 0x7F,
  0x3F, 0xF7, 0xFC, 0x7F, 0xFF, 0xF3, 0xFF, 0xFF, 0xCF, 0xFF, 0xFF, 0x1F,
  0xFF, 0xF8, 0xFF, 0xFF, 0xF1, 0xFF, 0xFF, 0x8F, 0xF0, 0xFF, 0x1F, 0xFF,
  0xF8, 0xFE, 0x0F, 0xF1, 0xFE, 0xFF, 0x8F, 0xE0, 0xFF, 0x1F, 0xEF, 0xF8,
  0xFE, 0x0F, 0xF1, 0xFE, 0xFF, 0xCF, 0xF1, 0xFF, 0x3F, 0xE7, 0xFC, 0xFF,
  0xFF, 0xF3, 0xFC, 0x7F, 0xC7, 0xFF, 0xFF, 0xFF, 0xC7, 0xFC, 0x7F, 0xFF,
  0xFF, 0xFC, 0x7F, 0xE3, 0xFF, 0xFF, 0xFF, 0x83, 0xFE, 0x1F, 0xF7, 0xFF,
  0xF0, 0x3F, 0xF0, 0x38, 0x3F, 0xFC, 0x03, 0xFF, 0x80, 0x00, 0xFF, 0x00,
  0x1F, 0xFE, 0x00, 0x00, 0x00, 0x00, 0xFF, 0xF8, 0x00, 0x00, 0x00, 0x0F,
  0xFF, 0xFF, 0x00, 0x00, 0x00, 0x7F, 0xFF, 0xF0, 0x00, 0x00, 0x03, 0xFF,
  0xFF, 0x00, 0x00, 0x00, 0x0F, 0xFF, 0xF0, 0x00, 0x00, 0x00, 0x7F, 0xFF,
  0x00, 0x00, 0x00, 0x00, 0xFF, 0xF0, 0x00, 0x00, 0x00, 0x01, 0xFC, 0x00,
  0x00, 0x00, 0x00, 0x00, 0x00, 0x03, 0x80, 0x00, 0x00, 0x0F, 0xFF, 0xFE,
  0x00, 0x00, 0x00, 0x7F, 0xFF, 0xFC, 0x00, 0x00, 0x01, 0xFF, 0xFF, 0xF0,
  0x00, 0x00, 0x07, 0xFF, 0xFF, 0xC0, 0x00, 0x00, 0x3F, 0xFF, 0xFF, 0x00,
  0x00, 0x00, 0xFF, 0xFF, 0xFE, 0x00, 0x00, 0x03, 0xFF, 0xFF, 0xF8, 0x00,
  0x00, 0x0F, 0xFF, 0xFF, 0xE0, 0x00, 0x00, 0x7F, 0xFF, 0xFF, 0xC0, 0x00,
  0x01, 0xFF, 0xFF, 0xFF, 0x00, 0x00, 0x07, 0xFF, 0xFF, 0xFC, 0x00, 0x00,
  0x3F, 0xFF, 0xFF, 0xF0, 0x00, 0x00, 0xFF, 0xFF, 0xFF, 0xE0, 0x00, 0x03,
  0xFF, 0xFF, 0xFF, 0x80, 0x00, 0x1F, 0xFF, 0xFF, 0xFE, 0x00, 0x00, 0x7F,
  0xFF, 0xFF, 0xFC, 0x00, 0x01, 0xFF, 0xFF, 0xFF, 0xF0, 0x00, 0x07, 0xFF,
  0xFF, 0xFF, 0xC0, 0x00, 0x3F, 0xFF, 0xFF, 0xFF, 0x80, 0x00, 0xFF, 0xFE,
  0xFF, 0xFE, 0x00, 0x03, 0xFF, 0xFB, 0xFF, 0xF8, 0x00, 0x1F, 0xFF, 0xEF,
  0xFF, 0xE0, 0x00, 0x7F, 0xFF, 0x3F, 0xFF, 0xC0, 0x01, 0xFF, 0xFC, 0x7F,
  0xFF, 0x00, 0x0F, 0xFF, 0xF1, 0xFF, 0xFC, 0x00, 0x3F, 0xFF, 0xC7, 0xFF,
  0xF8, 0x00, 0xFF, 0xFE, 0x1F, 0xFF, 0xE0, 0x03, 0xFF, 0xF8, 0x7F, 0xFF,
  0x80, 0x1F, 0xFF, 0xE0, 0xFF, 0xFE, 0x00, 0x7F, 0xFF, 0x83, 0xFF, 0xFC,
  0x01, 0xFF, 0xFF, 0xFF, 0xFF, 0xF0, 0x0F, 0xFF, 0xFF, 0xFF, 0xFF, 0xC0,
  0x3F, 0xFF, 0xFF, 0xFF, 0xFF, 0x80, 0xFF, 0xFF, 0xFF, 0xFF, 0xFE, 0x07,
  0xFF, 0xFF, 0xFF, 0xFF, 0xF8, 0x1F, 0xFF, 0xFF, 0xFF, 0xFF, 0xE0, 0x7F,
  0xFF, 0xFF, 0xFF, 0xFF, 0xC1, 0xFF, 0xFF, 0xFF, 0xFF, 0xFF, 0x0F, 0xFF,
  0xFF, 0xFF, 0xFF, 0xFC, 0x3F, 0xFF, 0xFF, 0xFF, 0xFF, 0xF8, 0xFF, 0xFF,
  0x80, 0x7F, 0xFF, 0xE7, 0xFF, 0xFE, 0x01, 0xFF, 0xFF, 0x9F, 0xFF, 0xF8,
  0x03, 0xFF, 0xFE, 0x7F, 0xFF, 0xE0, 0x0F, 0xFF, 0xFF, 0xFF, 0xFF, 0x00,
  0x3F, 0xFF, 0xFF, 0xFF, 0xFC, 0x00, 0x7F, 0xFF, 0xFF, 0xFF, 0xF0, 0x01,
  0xFF, 0xF8, 0x00, 0x3F, 0xC0, 0x07, 0xE0, 0x00, 0x00, 0x01, 0xE0, 0x00,
  0x00, 0x00, 0xFF, 0xFF, 0xC0, 0x00, 0x0F, 0xFF, 0xFF, 0xF8, 0x00, 0x7F,
  0xFF, 0xFF, 0xFE, 0x00, 0xFF, 0xFF, 0xFF, 0xFF, 0x80, 0xFF, 0xFF, 0xFF,
  0xFF, 0xC0, 0xFF, 0xFF, 0xFF, 0xFF, 0xE0, 0xFF, 0xFF, 0xFF, 0xFF, 0xF0,
  0xFF, 0xFF, 0xFF, 0xFF, 0xF0, 0xFF, 0xFF, 0xFF, 0xFF, 0xF8, 0xFF, 0xFF,
  0xFF, 0xFF, 0xF8, 0xFF, 0xFF, 0xFF, 0xFF, 0xFC, 0xFF, 0xFF, 0xFF, 0xFF,
  0xFC, 0xFF, 0xFF, 0xFF, 0xFF, 0xFC, 0xFF, 0xFF, 0xFF, 0xFF, 0xFC, 0xFF,
  0xFF, 0x8F, 0xFF, 0xFC, 0xFF, 0xFF, 0x03, 0xFF, 0xFC, 0xFF, 0xFF, 0x03,
  0xFF, 0xFC, 0xFF, 0xFF, 0x03, 0xFF, 0xFC, 0xFF, 0xFF, 0x03, 0xFF, 0xFC,
  0xFF, 0xFF, 0x03, 0xFF, 0xF8, 0xFF, 0xFF, 0x03, 0xFF, 0xF8, 0xFF, 0xFF,
  0x0F, 0xFF, 0xF0, 0xFF, 0xFF, 0x7F, 0xFF, 0xE0, 0xFF, 0xFF, 0xFF, 0xFF,
  0xC0, 0xFF, 0xFF, 0xFF, 0xFF, 0x00, 0xFF, 0xFF, 0xFF, 0xFE, 0x00, 0xFF,
  0xFF, 0xFF, 0xFF, 0xC0, 0xFF, 0xFF, 0xFF, 0xFF, 0xE0, 0xFF, 0xFF, 0xFF,
  0xFF, 0xF0, 0xFF, 0xFF, 0x0F, 0xFF, 0xF8, 0xFF, 0xFF, 0x07, 0xFF, 0xFC,
  0xFF, 0xFF, 0x03, 0xFF, 0xFE, 0xFF, 0xFF, 0x03, 0xFF, 0xFE, 0xFF, 0xFF,
  0x01, 0xFF, 0xFE, 0xFF, 0xFF, 0x03, 0xFF, 0xFF, 0xFF, 0xFF, 0x03, 0xFF,
  0xFF, 0xFF, 0xFF, 0x07, 0xFF, 0xFF, 0xFF, 0xFF, 0x1F, 0xFF, 0xFF, 0xFF,
  0xFF, 0xFF, 0xFF, 0xFF, 0xFF, 0xFF, 0xFF, 0xFF, 0xFF, 0xFF, 0xFF, 0xFF,
  0xFF, 0xFF, 0xFF, 0xFF, 0xFF, 0xFF, 0xFF, 0xFF, 0xFF, 0xFF, 0xFF, 0xFE,
  0xFF, 0xFF, 0xFF, 0xFF, 0xFE, 0xFF, 0xFF, 0xFF, 0xFF, 0xFC, 0xFF, 0xFF,
  0xFF, 0xFF, 0xF8, 0xFF, 0xFF, 0xFF, 0xFF, 0xF0, 0xFF, 0xFF, 0xFF, 0xFF,
  0xC0, 0x3F, 0xFF, 0xFF, 0xFF, 0x00, 0x07, 0xFF, 0xFF, 0xF8, 0x00, 0x00,
  0x1F, 0xFF, 0x00, 0x00, 0x00, 0x00, 0x00, 0x70, 0x00, 0x00, 0x01, 0xFF,
  0xFC, 0x00, 0x00, 0xFF, 0xFF, 0xF0, 0x00, 0x3F, 0xFF, 0xFF, 0x00, 0x0F,
  0xFF, 0xFF, 0xF0, 0x01, 0xFF, 0xFF, 0xFF, 0x00, 0x3F, 0xFF, 0xFF, 0xF0,
  0x07, 0xFF, 0xFF, 0xFE, 0x00, 0xFF, 0xFF, 0xFF, 0xE0, 0x1F, 0xFF, 0xFF,
  0xFE, 0x03, 0xFF, 0xFF, 0xFF, 0xE0, 0x7F, 0xFF, 0xFF, 0xFE, 0x07, 0xFF,
  0xFF, 0xFF, 0xE0, 0xFF, 0xFF, 0xFF, 0xFE, 0x0F, 0xFF, 0xFF, 0xFF, 0xE1,
  0xFF, 0xFF, 0xFF, 0xFC, 0x1F, 0xFF, 0xFF, 0xF8, 0xC3, 0xFF, 0xFF, 0xF0,
  0x00, 0x3F, 0xFF, 0xFC, 0x00, 0x03, 0xFF, 0xFF, 0x80, 0x00, 0x3F, 0xFF,
  0xF0, 0x00, 0x07, 0xFF, 0xFE, 0x00, 0x00, 0x7F, 0xFF, 0xC0, 0x00, 0x07,
  0xFF, 0xFC, 0x00, 0x00, 0x7F, 0xFF, 0xC0, 0x00, 0x07, 0xFF, 0xF8, 0x00,
  0x00, 0x7F, 0xFF, 0x80, 0x00, 0x07, 0xFF, 0xF8, 0x00, 0x00, 0xFF, 0xFF,
  0x80, 0x00, 0x0F, 0xFF, 0xF8, 0x00, 0x00, 0xFF, 0xFF, 0xC0, 0x00, 0x07,
  0xFF, 0xFC, 0x00, 0x01, 0x7F, 0xFF, 0xE0, 0x00, 0x67, 0xFF, 0xFF, 0x00,
  0x3E, 0x7F, 0xFF, 0xFF, 0xFF, 0xE7, 0xFF, 0xFF, 0xFF, 0xFE, 0x3F, 0xFF,
  0xFF, 0xFF, 0xE3, 0xFF, 0xFF, 0xFF, 0xFE, 0x3F, 0xFF, 0xFF, 0xFF, 0xE1,
  0xFF, 0xFF, 0xFF, 0xFE, 0x1F, 0xFF, 0xFF, 0xFF, 0xE0, 0xFF, 0xFF, 0xFF,
  0xFE, 0x07, 0xFF, 0xFF, 0xFF, 0xC0, 0x3F, 0xFF, 0xFF, 0xFC, 0x01, 0xFF,
  0xFF, 0xFF, 0xC0, 0x0F, 0xFF, 0xFF, 0xFC, 0x00, 0x7F, 0xFF, 0xFF, 0xC0,
  0x03, 0xFF, 0xFF, 0xFC, 0x00, 0x0F, 0xFF, 0xFF, 0x00, 0x00, 0x1F, 0xFF,
  0x80, 0x00, 0x00, 0x0C, 0x00, 0x00, 0x03, 0xFF, 0xFE, 0x00, 0x00, 0x7F,
  0xFF, 0xFF, 0xC0, 0x03, 0xFF, 0xFF, 0xFF, 0xE0, 0x07, 0xFF, 0xFF, 0xFF,
  0xE0, 0x0F, 0xFF, 0xFF, 0xFF, 0xF0, 0x1F, 0xFF, 0xFF, 0xFF, 0xF0, 0x3F,
  0xFF, 0xFF, 0xFF, 0xF0, 0x7F, 0xFF, 0xFF, 0xFF, 0xF0, 0xFF, 0xFF, 0xFF,
  0xFF, 0xE1, 0xFF, 0xFF, 0xFF, 0xFF, 0xE3, 0xFF, 0xFF, 0xFF, 0xFF, 0xE7,
  0xFF, 0xFF, 0xFF, 0xFF, 0xCF, 0xFF, 0xFF, 0xFF, 0xFF, 0x9F, 0xFF, 0xFF,
  0xFF, 0xFF, 0xBF, 0xFF, 0xE3, 0xFF, 0xFF, 0x7F, 0xFF, 0xC3, 0xFF, 0xFE,
  0xFF, 0xFF, 0x81, 0xFF, 0xFF, 0xFF, 0xFF, 0x03, 0xFF, 0xFF, 0xFF, 0xFE,
  0x03, 0xFF, 0xFF, 0xFF, 0xFC, 0x07, 0xFF, 0xFF, 0xFF, 0xF0, 0x07, 0xFF,
  0xFF, 0xFF, 0xE0, 0x0F, 0xFF, 0xFF, 0xFF, 0xC0, 0x1F, 0xFF, 0xFF, 0xFF,
  0x80, 0x3F, 0xFF, 0xFF, 0xFF, 0x00, 0x7F, 0xFF, 0xFF, 0xFE, 0x00, 0xFF,
  0xFF, 0xFF, 0xFC, 0x01, 0xFF, 0xFF, 0xFF, 0xF8, 0x07, 0xFF, 0xEF, 0xFF,
  0xF0, 0x0F, 0xFF, 0xDF, 0xFF, 0xE0, 0x3F, 0xFF, 0xBF, 0xFF, 0xC0, 0x7F,
  0xFF, 0x7F, 0xFF, 0x81, 0xFF, 0xFC, 0xFF, 0xFF, 0x07, 0xFF, 0xF9, 0xFF,
  0xFE, 0x1F, 0xFF, 0xE3, 0xFF, 0xFC, 0x7F, 0xFF, 0xC7, 0xFF, 0xFF, 0xFF,
  0xFF, 0x0F, 0xFF, 0xFF, 0xFF, 0xFE, 0x1F, 0xFF, 0xFF, 0xFF, 0xF8, 0x3F,
  0xFF, 0xFF, 0xFF, 0xE0, 0x7F, 0xFF, 0xFF, 0xFF, 0x80, 0xFF, 0xFF, 0xFF,
  0xFE, 0x01, 0xFF, 0xFF, 0xFF, 0xF8, 0x03, 0xFF, 0xFF, 0xFF, 0xE0, 0x07,
  0xFF, 0xFF, 0xFF, 0x00, 0x0F, 0xFF, 0xFF, 0xF8, 0x00, 0x1F, 0xFF, 0xFF,
  0xC0, 0x00, 0x3F, 0xFF, 0xFE, 0x00, 0x00, 0x7F, 0xFF, 0xC0, 0x00, 0x00,
  0x7F, 0xE0, 0x00, 0x00, 0x00, 0x7F, 0xFF, 0xFF, 0xFF, 0xBF, 0xFF, 0xFF,
  0xFF, 0x9F, 0xFF, 0xFF, 0xFF, 0xCF, 0xFF, 0xFF, 0xFF, 0xE7, 0xFF, 0xFF,
  0xFF, 0xF3, 0xFF, 0xFF, 0xFF, 0xFB, 0xFF, 0xFF, 0xFF, 0xFD, 0xFF, 0xFF,
  0xFF, 0xFE, 0xFF, 0xFF, 0xFF, 0xFF, 0x7F, 0xFF, 0xFF, 0xFF, 0xBF, 0xFF,
  0xFF, 0xFF, 0xDF, 0xFF, 0xFF, 0xFF, 0xEF, 0xFF, 0xFF, 0xFF, 0xF7, 0xFF,
  0xFF, 0x80, 0x03, 0xFF, 0xFE, 0x00, 0x01, 0xFF, 0xFF, 0x00, 0x00, 0xFF,
  0xFF, 0x80, 0x00, 0x7F, 0xFF, 0xC0, 0x00, 0x3F, 0xFF, 0xFF, 0xF8, 0x1F,
  0xFF, 0xFF, 0xFC, 0x0F, 0xFF, 0xFF, 0xFE, 0x07, 0xFF, 0xFF, 0xFF, 0x03,
  0xFF, 0xFF, 0xFF, 0x81, 0xFF, 0xFF, 0xFF, 0xC0, 0xFF, 0xFF, 0xFF, 0xE0,
  0x7F, 0xFF, 0xFF, 0xF0, 0x3F, 0xFF, 0xFF, 0xF0, 0x1F, 0xFF, 0xFF, 0xF8,
  0x0F, 0xFF, 0xFF, 0xFC, 0x07, 0xFF, 0xF8, 0x00, 0x03, 0xFF, 0xFC, 0x00,
  0x01, 0xFF, 0xFE, 0x00, 0x00, 0xFF, 0xFF, 0x00, 0x00, 0x7F, 0xFF, 0x80,
  0x00, 0x3F, 0xFF, 0xFF, 0xFF, 0x1F, 0xFF, 0xFF, 0xFF, 0x8F, 0xFF, 0xFF,
  0xFF, 0xC7, 0xFF, 0xFF, 0xFF, 0xE3, 0xFF, 0xFF, 0xFF, 0xF1, 0xFF, 0xFF,
  0xFF, 0xF8, 0xFF, 0xFF, 0xFF, 0xFC, 0x7F, 0xFF, 0xFF, 0xFE, 0x3F, 0xFF,
  0xFF, 0xFF, 0x1F, 0xFF, 0xFF, 0xFF, 0x8F, 0xFF, 0xFF, 0xFF, 0xC7, 0xFF,
  0xFF, 0xFF, 0xE3, 0xFF, 0xFF, 0xFF, 0xF1, 0xFF, 0xFF, 0xFF, 0xF0, 0xFF,
  0xFF, 0xFF, 0xF8, 0x7F, 0xFF, 0xFC, 0x00, 0x00, 0x7F, 0xFF, 0xFF, 0xFF,
  0xBF, 0xFF, 0xFF, 0xFF, 0x9F, 0xFF, 0xFF, 0xFF, 0xCF, 0xFF, 0xFF, 0xFF,
  0xE7, 0xFF, 0xFF, 0xFF, 0xF3, 0xFF, 0xFF, 0xFF, 0xFB, 0xFF, 0xFF, 0xFF,
  0xFD, 0xFF, 0xFF, 0xFF, 0xFE, 0xFF, 0xFF, 0xFF, 0xFF, 0x7F, 0xFF, 0xFF,
  0xFF, 0xBF, 0xFF, 0xFF, 0xFF, 0xDF, 0xFF, 0xFF, 0xFF, 0xEF, 0xFF, 0xFF,
  0xFF, 0xF7, 0xFF, 0xFF, 0x80, 0x03, 0xFF, 0xFE, 0x00, 0x01, 0xFF, 0xFF,
  0x00, 0x00, 0xFF, 0xFF, 0x80, 0x00, 0x7F, 0xFF, 0xC0, 0x00, 0x3F, 0xFF,
  0xFF, 0xFF, 0x1F, 0xFF, 0xFF, 0xFF, 0x8F, 0xFF, 0xFF, 0xFF, 0xC7, 0xFF,
  0xFF, 0xFF, 0xE3, 0xFF, 0xFF, 0xFF, 0xF1, 0xFF, 0xFF, 0xFF, 0xF0, 0xFF,
  0xFF, 0xFF, 0xF8, 0x7F, 0xFF, 0xFF, 0xFC, 0x3F, 0xFF, 0xFF, 0xFE, 0x1F,
  0xFF, 0xFF, 0xFF, 0x0F, 0xFF, 0xFF, 0xFF, 0x87, 0xFF, 0xFC, 0x00, 0x03,
  0xFF, 0xFE, 0x00, 0x01, 0xFF, 0xFF, 0x00, 0x00, 0xFF, 0xFF, 0x80, 0x00,
  0x7F, 0xFF, 0xC0, 0x00, 0x3F, 0xFF, 0xE0, 0x00, 0x1F, 0xFF, 0xF0, 0x00,
  0x0F, 0xFF, 0xF8, 0x00, 0x07, 0xFF, 0xFC, 0x00, 0x03, 0xFF, 0xFE, 0x00,
  0x01, 0xFF, 0xFF, 0x00, 0x00, 0xFF, 0xFF, 0x80, 0x00, 0x7F, 0xFF, 0xC0,
  0x00, 0x3F, 0xFF, 0xE0, 0x00, 0x1F, 0xFF, 0xF0, 0x00, 0x0F, 0xFF, 0xF8,
  0x00, 0x07, 0xFF, 0xFC, 0x00, 0x03, 0xFF, 0xFE, 0x00, 0x01, 0xFF, 0xFF,
  0x00, 0x00, 0xFF, 0xFF, 0x80, 0x00, 0x7F, 0xFF, 0xC0, 0x00, 0x00, 0x00,
  0x00, 0x0F, 0xFF, 0xE0, 0x00, 0x00, 0x07, 0xFF, 0xFF, 0xC0, 0x00, 0x01,
  0xFF, 0xFF, 0xFF, 0x00, 0x00, 0x7F, 0xFF, 0xFF, 0xE0, 0x00, 0x0F, 0xFF,
  0xFF, 0xFE, 0x00, 0x03, 0xFF, 0xFF, 0xFF, 0xE0, 0x00, 0x7F, 0xFF, 0xFF,
  0xFE, 0x00, 0x0F, 0xFF, 0xFF, 0xFF, 0xE0, 0x01, 0xFF, 0xFF, 0xFF, 0xFE,
  0x00, 0x1F, 0xFF, 0xFF, 0xFF, 0xE0, 0x03, 0xFF, 0xFF, 0xFF, 0xFE, 0x00,
  0x7F, 0xFF, 0xFF, 0xFF, 0xE0, 0x07, 0xFF, 0xFF, 0xFF, 0xFE, 0x00, 0xFF,
  0xFF, 0xFF, 0xFF, 0xE0, 0x0F, 0xFF, 0xFF, 0xF0, 0x3E, 0x01, 0xFF, 0xFF,
  0xF0, 0x00, 0x20, 0x1F, 0xFF, 0xFE, 0x00, 0x00, 0x03, 0xFF, 0xFF, 0x80,
  0x00, 0x00, 0x3F, 0xFF, 0xF0, 0x00, 0x00, 0x03, 0xFF, 0xFE, 0x00, 0x00,
  0x00, 0x7F, 0xFF, 0xE0, 0x00, 0x00, 0x07, 0xFF, 0xFC, 0x3F, 0xFF, 0xFE,
  0x7F, 0xFF, 0xC3, 0xFF, 0xFF, 0xE7, 0xFF, 0xFC, 0x3F, 0xFF, 0xFE, 0x7F,
  0xFF, 0x83, 0xFF, 0xFF, 0xEF, 0xFF, 0xF8, 0x3F, 0xFF, 0xFE, 0xFF, 0xFF,
  0x83, 0xFF, 0xFF, 0xEF, 0xFF, 0xF8, 0x3F, 0xFF, 0xFE, 0xFF, 0xFF, 0x83,
  0xFF, 0xFF, 0xEF, 0xFF, 0xFC, 0x3F, 0xFF, 0xFE, 0xFF, 0xFF, 0xC3, 0xFF,
  0xFF, 0xEF, 0xFF, 0xFC, 0x3F, 0xFF, 0xFE, 0x7F, 0xFF, 0xE0, 0x03, 0xFF,
  0xE7, 0xFF, 0xFF, 0x00, 0x3F, 0xFE, 0x7F, 0xFF, 0xF8, 0x03, 0xFF, 0xE7,
  0xFF, 0xFF, 0xC0, 0xFF, 0xFE, 0x7F, 0xFF, 0xFF, 0xFF, 0xFF, 0xE3, 0xFF,
  0xFF, 0xFF, 0xFF, 0xFE, 0x3F, 0xFF, 0xFF, 0xFF, 0xFF, 0xF1, 0xFF, 0xFF,
  0xFF, 0xFF, 0xFF, 0x1F, 0xFF, 0xFF, 0xFF, 0xFF, 0xF0, 0xFF, 0xFF, 0xFF,
  0xFF, 0xFF, 0x07, 0xFF, 0xFF, 0xFF, 0xFF, 0xF0, 0x7F, 0xFF, 0xFF, 0xFF,
  0xFF, 0x03, 0xFF, 0xFF, 0xFF, 0xFF, 0xE0, 0x1F, 0xFF, 0xFF, 0xFF, 0xFC,
  0x00, 0xFF, 0xFF, 0xFF, 0xFF, 0x80, 0x07, 0xFF, 0xFF, 0xFF, 0xF0, 0x00,
  0x1F, 0xFF, 0xFF, 0xFC, 0x00, 0x00, 0xFF, 0xFF, 0xFF, 0x00, 0x00, 0x01,
  0xFF, 0xFF, 0x80, 0x00, 0x00, 0x03, 0xFF, 0x80, 0x00, 0x00, 0x00, 0x00,
  0x7F, 0xFE, 0x0F, 0xC0, 0x00, 0x1F, 0xFF, 0xE3, 0xFF, 0xFC, 0x07, 0xFF,
  0xF8, 0xFF, 0xFF, 0x01, 0xFF, 0xFE, 0x3F, 0xFF, 0xC0, 0x7F, 0xFF, 0x8F,
  0xFF, 0xF0, 0x1F, 0xFF, 0xE3, 0xFF, 0xFC, 0x07, 0xFF, 0xF8, 0xFF, 0xFF,
  0x01, 0xFF, 0xFE, 0x3F, 0xFF, 0xC0, 0x7F, 0xFF, 0x8F, 0xFF, 0xF0, 0x1F,
  0xFF, 0xE3, 0xFF, 0xFC, 0x07, 0xFF, 0xF9, 0xFF, 0xFF, 0x01, 0xFF, 0xFE,
  0x7F, 0xFF, 0xC0, 0x7F, 0xFF, 0x9F, 0xFF, 0xF0, 0x1F, 0xFF, 0xE7, 0xFF,
  0xFC, 0x07, 0xFF, 0xF9, 0xFF, 0xFF, 0x01, 0xFF, 0xFE, 0x7F, 0xFF, 0xC0,
  0x7F, 0xFF, 0x9F, 0xFF, 0xF0, 0x1F, 0xFF, 0xE7, 0xFF, 0xFC, 0x07, 0xFF,
  0xF9, 0xFF, 0xFF, 0x01, 0xFF, 0xFE, 0x7F, 0xFF, 0xC0, 0x7F, 0xFF, 0x9F,
  0xFF, 0xE0, 0x1F, 0xFF, 0xE7, 0xFF, 0xF8, 0x07, 0xFF, 0xF9, 0xFF, 0xFE,
  0x01, 0xFF, 0xFE, 0x7F, 0xFF, 0x80, 0x7F, 0xFF, 0x9F, 0xFF, 0xE0, 0x1F,
  0xFF, 0xE7, 0xFF, 0xF8, 0x07, 0xFF, 0xF9, 0xFF, 0xFF, 0xFF, 0xFF, 0xFE,
  0x7F, 0xFF, 0xFF, 0xFF, 0xFF, 0x9F, 0xFF, 0xFF, 0xFF, 0xFF, 0xE7, 0xFF,
  0xFF, 0xFF, 0xFF, 0xF9, 0xFF, 0xFF, 0xFF, 0xFF, 0xFF, 0x7F, 0xFF, 0xFF,
  0xFF, 0xFF, 0xDF, 0xFF, 0xFF, 0xFF, 0xFF, 0xF7, 0xFF, 0xFF, 0xFF, 0xFF,
  0xFD, 0xFF, 0xFC, 0x03, 0xFF, 0xFF, 0x7F, 0xFF, 0x00, 0xFF, 0xFF, 0xDF,
  0xFF, 0xC0, 0x3F, 0xFF, 0xF7, 0xFF, 0xF0, 0x0F, 0xFF, 0xFD, 0xFF, 0xFC,
  0x03, 0xFF, 0xFF, 0x7F, 0xFF, 0x00, 0xFF, 0xFF, 0xDF, 0xFF, 0xC0, 0x1F,
  0xFF, 0xF7, 0xFF, 0xF0, 0x07, 0xFF, 0xFD, 0xFF, 0xFC, 0x01, 0xFF, 0xFF,
  0x7F, 0xFF, 0x00, 0x7F, 0xFF, 0xDF, 0xFF, 0xC0, 0x1F, 0xFF, 0xF7, 0xFF,
  0xF0, 0x07, 0xFF, 0xFD, 0xFF, 0xFC, 0x01, 0xFF, 0xFF, 0xFF, 0xFF, 0x00,
  0x7F, 0xFF, 0xFF, 0xFF, 0xC0, 0x1F, 0xFF, 0xF0, 0x00, 0x00, 0x07, 0xE0,
  0x00, 0x00, 0x07, 0xFF, 0xFF, 0xFF, 0xFF, 0xFF, 0xFF, 0xFF, 0xFF, 0xFF,
  0xFF, 0xFF, 0xFF, 0xFF, 0xFF, 0xFF, 0xFF, 0xFF, 0xFF, 0xFF, 0xFF, 0xFF,
  0xFF, 0xFF, 0xFF, 0xFF, 0xFF, 0xFF, 0xFF, 0xFF, 0xEF, 0xFF, 0xFB, 0xFF,
  0xFE, 0xFF, 0xFF, 0xBF, 0xFF, 0xEF, 0xFF, 0xFB, 0xFF, 0xFE, 0xFF, 0xFF,
  0xBF, 0xFF, 0xEF, 0xFF, 0xFB, 0xFF, 0xFE, 0xFF, 0xFF, 0xBF, 0xFF, 0xCF,
  0xFF, 0xF3, 0xFF, 0xFC, 0xFF, 0xFF, 0x3F, 0xFF, 0xCF, 0xFF, 0xF3, 0xFF,
  0xFC, 0xFF, 0xFF, 0x3F, 0xFF, 0xCF, 0xFF, 0xF3, 0xFF, 0xFC, 0xFF, 0xFF,
  0x3F, 0xFF, 0x8F, 0xFF, 0xE3, 0xFF, 0xF8, 0xFF, 0xFE, 0x3F, 0xFF, 0x8F,
  0xFF, 0xE3, 0xFF, 0xF8, 0xFF, 0xFE, 0x3F, 0xFF, 0x8F, 0xFF, 0xE3, 0xFF,
  0xE0, 0x00, 0x00, 0x01, 0xFF, 0xC0, 0x00, 0x07, 0xFF, 0xF8, 0x00, 0x00,
  0xFF, 0xFF, 0x00, 0x00, 0x1F, 0xFF, 0xE0, 0x00, 0x03, 0xFF, 0xFC, 0x00,
  0x00, 0x7F, 0xFF, 0x80, 0x00, 0x0F, 0xFF, 0xF0, 0x00, 0x01, 0xFF, 0xFE,
  0x00, 0x00, 0x1F, 0xFF, 0xC0, 0x00, 0x03, 0xFF, 0xFC, 0x00, 0x00, 0x7F,
  0xFF, 0x80, 0x00, 0x0F, 0xFF, 0xF0, 0x00, 0x01, 0xFF, 0xFE, 0x00, 0x00,
  0x3F, 0xFF, 0xC0, 0x00, 0x07, 0xFF, 0xF8, 0x00, 0x00, 0xFF, 0xFF, 0x00,
  0x00, 0x1F, 0xFF, 0xE0, 0x00, 0x03, 0xFF, 0xFC, 0x00, 0x00, 0x7F, 0xFF,
  0x80, 0x00, 0x0F, 0xFF, 0xF0, 0x00, 0x01, 0xFF, 0xFE, 0x00, 0x00, 0x3F,
  0xFF, 0xC0, 0x00, 0x07, 0xFF, 0xF8, 0x00, 0x00, 0xFF, 0xFF, 0x00, 0x00,
  0x1F, 0xFF, 0xE0, 0x00, 0x03, 0xFF, 0xFC, 0x00, 0x00, 0x7F, 0xFF, 0x80,
  0x00, 0x0F, 0xFF, 0xF0, 0x00, 0x01, 0xFF, 0xFE, 0x00, 0x00, 0x3F, 0xFF,
  0xC0, 0x00, 0x07, 0xFF, 0xF8, 0x00, 0x01, 0xFF, 0xFE, 0x20, 0x00, 0x3F,
  0xFF, 0xCE, 0x00, 0x0F, 0xFF, 0xF9, 0xF0, 0x03, 0xFF, 0xFF, 0x3F, 0x80,
  0xFF, 0xFF, 0xE7, 0xFF, 0xFF, 0xFF, 0xF8, 0xFF, 0xFF, 0xFF, 0xFF, 0x1F,
  0xFF, 0xFF, 0xFF, 0xC7, 0xFF, 0xFF, 0xFF, 0xF8, 0xFF, 0xFF, 0xFF, 0xFF,
  0x1F, 0xFF, 0xFF, 0xFF, 0xC3, 0xFF, 0xFF, 0xFF, 0xF0, 0x7F, 0xFF, 0xFF,
  0xFE, 0x0F, 0xFF, 0xFF, 0xFF, 0x81, 0xFF, 0xFF, 0xFF, 0xE0, 0x3F, 0xFF,
  0xFF, 0xF8, 0x01, 0xFF, 0xFF, 0xFC, 0x00, 0x0F, 0xFF, 0xFF, 0x00, 0x00,
  0x7F, 0xFF, 0x80, 0x00, 0x00, 0xFF, 0x00, 0x00, 0x00, 0x3F, 0xE0, 0x00,
  0x1F, 0xC0, 0x01, 0xFF, 0xFE, 0x01, 0xFF, 0xFF, 0xCF, 0xFF, 0xF0, 0x0F,
  0xFF, 0xFC, 0x7F, 0xFF, 0x80, 0xFF, 0xFF, 0xC7, 0xFF, 0xF8, 0x0F, 0xFF,
  0xFC, 0x3F, 0xFF, 0xC0, 0x7F, 0xFF, 0xE1, 0xFF, 0xFE, 0x07, 0xFF, 0xFE,
  0x0F, 0xFF, 0xF0, 0x7F, 0xFF, 0xE0, 0x7F, 0xFF, 0x83, 0xFF, 0xFF, 0x03,
  0xFF, 0xFC, 0x3F, 0xFF, 0xF0, 0x1F, 0xFF, 0xE3, 0xFF, 0xFF, 0x00, 0xFF,
  0xFF, 0x1F, 0xFF, 0xF0, 0x07, 0xFF, 0xF9, 0xFF, 0xFF, 0x80, 0x3F, 0xFF,
  0xDF, 0xFF, 0xF8, 0x01, 0xFF, 0xFE, 0xFF, 0xFF, 0x80, 0x0F, 0xFF, 0xFF,
  0xFF, 0xFC, 0x00, 0x7F, 0xFF, 0xFF, 0xFF, 0xC0, 0x03, 0xFF, 0xFF, 0xFF,
  0xFC, 0x00, 0x1F, 0xFF, 0xFF, 0xFF, 0xC0, 0x00, 0xFF, 0xFF, 0xFF, 0xFE,
  0x00, 0x07, 0xFF, 0xFF, 0xFF, 0xE0, 0x00, 0x3F, 0xFF, 0xFF, 0xFE, 0x00,
  0x01, 0xFF, 0xFF, 0xFF, 0xE0, 0x00, 0x0F, 0xFF, 0xFF, 0xFF, 0x00, 0x00,
  0x7F, 0xFF, 0xFF, 0xF0, 0x00, 0x03, 0xFF, 0xFF, 0xFF, 0xC0, 0x00, 0x1F,
  0xFF, 0xFF, 0xFE, 0x00, 0x00, 0xFF, 0xFF, 0xFF, 0xF8, 0x00, 0x07, 0xFF,
  0xFF, 0xFF, 0xC0, 0x00, 0x3F, 0xFF, 0xFF, 0xFF, 0x00, 0x01, 0xFF, 0xFF,
  0xFF, 0xFC, 0x00, 0x0F, 0xFF, 0xFF, 0xFF, 0xE0, 0x00, 0x7F, 0xFF, 0xFF,
  0xFF, 0x80, 0x03, 0xFF, 0xFF, 0xFF, 0xFC, 0x00, 0x1F, 0xFF, 0xFF, 0xFF,
  0xF0, 0x00, 0xFF, 0xFF, 0xFF, 0xFF, 0x80, 0x07, 0xFF, 0xFF, 0xFF, 0xFE,
  0x00, 0x3F, 0xFF, 0x7F, 0xFF, 0xF8, 0x01, 0xFF, 0xF9, 0xFF, 0xFF, 0xC0,
  0x0F, 0xFF, 0xCF, 0xFF, 0xFF, 0x00, 0x7F, 0xFE, 0x3F, 0xFF, 0xF8, 0x03,
  0xFF, 0xF0, 0xFF, 0xFF, 0xE0, 0x1F, 0xFF, 0x87, 0xFF, 0xFF, 0x00, 0xFF,
  0xFC, 0x1F, 0xFF, 0xFC, 0x07, 0xFF, 0xE0, 0x7F, 0xFF, 0xF0, 0x3F, 0xFF,
  0x01, 0xFF, 0xFF, 0x81, 0xFF, 0xF8, 0x0F, 0xFF, 0xFE, 0x0F, 0xFF, 0xC0,
  0x3F, 0xFF, 0xF0, 0x7F, 0xFE, 0x00, 0xFF, 0xFF, 0xC3, 0xFF, 0xF0, 0x07,
  0xFF, 0xF0, 0x1F, 0xFF, 0x80, 0x1F, 0xF0, 0x00, 0xFF, 0xFC, 0x00, 0x60,
  0x00, 0x0F, 0xFF, 0xE0, 0x00, 0x00, 0x00, 0x00, 0x7F, 0xFF, 0xE0, 0x01,
  0xFF, 0xFF, 0x80, 0x07, 0xFF, 0xFC, 0x00, 0x1F, 0xFF, 0xF0, 0x00, 0x7F,
  0xFF, 0xC0, 0x01, 0xFF, 0xFF, 0x00, 0x0F, 0xFF, 0xFC, 0x00, 0x3F, 0xFF,
  0xF0, 0x00, 0xFF, 0xFF, 0xC0, 0x03, 0xFF, 0xFF, 0x00, 0x0F, 0xFF, 0xFC,
  0x00, 0x3F, 0xFF, 0xF0, 0x00, 0xFF, 0xFF, 0x80, 0x03, 0xFF, 0xFE, 0x00,
  0x0F, 0xFF, 0xF8, 0x00, 0x3F, 0xFF, 0xE0, 0x00, 0xFF, 0xFF, 0x80, 0x03,
  0xFF, 0xFE, 0x00, 0x0F, 0xFF, 0xF8, 0x00, 0x3F, 0xFF, 0xE0, 0x00, 0xFF,
  0xFF, 0x80, 0x03, 0xFF, 0xFE, 0x00, 0x0F, 0xFF, 0xF8, 0x00, 0x3F, 0xFF,
  0xE0, 0x00, 0xFF, 0xFF, 0x00, 0x03, 0xFF, 0xFC, 0x00, 0x0F, 0xFF, 0xF0,
  0x00, 0x3F, 0xFF, 0xC0, 0x00, 0xFF, 0xFF, 0x00, 0x03, 0xFF, 0xFC, 0x00,
  0x0F, 0xFF, 0xFF, 0xFF, 0xFF, 0xFF, 0xFF, 0xFF, 0xFF, 0xFF, 0xFF, 0xFF,
  0xFF, 0xFF, 0xFF, 0xFF, 0xFF, 0xFF, 0xFF, 0xFF, 0xFF, 0xFF, 0xFF, 0xFF,
  0xFF, 0xFF, 0xFF, 0xFF, 0xFF, 0xFF, 0xFF, 0xFF, 0xFF, 0xFF, 0xBF, 0xFF,
  0xFF, 0xFE, 0xFF, 0xFF, 0xFF, 0xFB, 0xFF, 0xFF, 0xFF, 0xEF, 0xFF, 0xFF,
  0xFF, 0xBF, 0xFF, 0xFF, 0xFE, 0xFF, 0xFF, 0xFF, 0xFB, 0xFF, 0xFF, 0xFF,
  0xEF, 0xFF, 0xFC, 0x00, 0x3E, 0x00, 0x00, 0x00, 0x00, 0x00, 0x00, 0x00,
  0x1F, 0xFF, 0xF8, 0x00, 0x00, 0x00, 0x01, 0xFF, 0xFF, 0xDF, 0xFF, 0xF0,
  0x00, 0x0F, 0xFF, 0xFF, 0xFF, 0xFF, 0xC0, 0x00, 0x7F, 0xFF, 0xFF, 0xFF,
  0xFE, 0x00, 0x07, 0xFF, 0xFF, 0xFF, 0xFF, 0xF0, 0x00, 0x3F, 0xFF, 0xFF,
  0xFF, 0xFF, 0xC0, 0x03, 0xFF, 0xFF, 0xFF, 0xFF, 0xFE, 0x00, 0x1F, 0xFF,
  0xFF, 0xFF, 0xFF, 0xF0, 0x00, 0xFF, 0xFF, 0xFF, 0xFF, 0xFF, 0xC0, 0x0F,
  0xFF, 0xFF, 0xFF, 0xFF, 0xFE, 0x00, 0x7F, 0xFF, 0xFF, 0xFF, 0xFF, 0xF0,
  0x07, 0xFF, 0xFF, 0xFF, 0xFF, 0xFF, 0xC0, 0x3F, 0xFF, 0xFF, 0xFF, 0xFF,
  0xFE, 0x01, 0xFF, 0xFF, 0xFF, 0xFF, 0xFF, 0xF0, 0x1F, 0xFF, 0xFF, 0xDF,
  0xFF, 0xFF, 0x80, 0xFF, 0xFF, 0xFE, 0xFF, 0xFF, 0xFE, 0x0F, 0xFF, 0xFF,
  0xF7, 0xFF, 0xFF, 0xF0, 0x7F, 0xFF, 0xFF, 0xBF, 0xFF, 0xFF, 0x83, 0xFF,
  0xFF, 0xFD, 0xFF, 0xFF, 0xFE, 0x3F, 0xFF, 0xFF, 0xEF, 0xFF, 0xFF, 0xF1,
  0xFF, 0xFF, 0xFF, 0x7F, 0xFF, 0xFF, 0x8F, 0xFF, 0xFF, 0xFB, 0xFF, 0xFF,
  0xFE, 0xFF, 0xFF, 0xFF, 0xDF, 0xFF, 0xFF, 0xF7, 0xFF, 0xFF, 0xFE, 0xFF,
  0xFF, 0xFF, 0xFF, 0xFF, 0xFF, 0xF7, 0xFF, 0xFF, 0xFF, 0xFF, 0xFF, 0xFF,
  0xBF, 0xFF, 0xFF, 0xFF, 0xFF, 0xFF, 0xFD, 0xFF, 0xFF, 0xFF, 0xFF, 0xFF,
  0xFF, 0xEF, 0xFF, 0xFF, 0xFF, 0xFB, 0xFF, 0xFF, 0x7F, 0xFF, 0xFF, 0xFF,
  0xDF, 0xFF, 0xFB, 0xFF, 0xFD, 0xFF, 0xFE, 0xFF, 0xFF, 0x9F, 0xFF, 0xEF,
  0xFF, 0xE7, 0xFF, 0xFC, 0xFF, 0xFF, 0x7F, 0xFF, 0x3F, 0xFF, 0xE7, 0xFF,
  0xFB, 0xFF, 0xF9, 0xFF, 0xFF, 0x3F, 0xFF, 0xCF, 0xFF, 0x8F, 0xFF, 0xF9,
  0xFF, 0xFE, 0x7F, 0xFC, 0x7F, 0xFF, 0xCF, 0xFF, 0xF3, 0xFF, 0xE3, 0xFF,
  0xFE, 0x7F, 0xFF, 0x8F, 0xFE, 0x1F, 0xFF, 0xF3, 0xFF, 0xFC, 0x7F, 0xF0,
  0xFF, 0xFF, 0x9F, 0xFF, 0xE3, 0xFF, 0x87, 0xFF, 0xFC, 0xFF, 0xFF, 0x1F,
  0xF8, 0x3F, 0xFF, 0xE7, 0xFF, 0xF8, 0x7F, 0xC1, 0xFF, 0xFF, 0x3F, 0xFF,
  0xC3, 0xFE, 0x0F, 0xFF, 0xF9, 0xFF, 0xFE, 0x1F, 0xE0, 0x7F, 0xFF, 0xCF,
  0xFF, 0xF0, 0x7F, 0x03, 0xFF, 0xFE, 0x7F, 0xFF, 0x83, 0xF8, 0x1F, 0xFF,
  0xF3, 0xFF, 0xFC, 0x1F, 0x80, 0xFF, 0xFF, 0x1F, 0xFF, 0xE0, 0x00, 0x07,
  0xFF, 0xF8, 0xFF, 0xFF, 0x00, 0x00, 0x3F, 0xFF, 0xC7, 0xFF, 0xF8, 0x00,
  0x01, 0xFF, 0xFE, 0x00, 0x00, 0x00, 0x00, 0x0F, 0xFF, 0xF0, 0x00, 0x00,
  0x00, 0x00, 0x7F, 0xFC, 0x00, 0x00, 0x00, 0x20, 0x00, 0x00, 0x00, 0x3F,
  0xFF, 0xF0, 0x00, 0x00, 0x3F, 0x3F, 0xFF, 0xF0, 0x00, 0xFF, 0xFF, 0x3F,
  0xFF, 0xF0, 0x01, 0xFF, 0xFF, 0x3F, 0xFF, 0xF8, 0x01, 0xFF, 0xFF, 0x3F,
  0xFF, 0xF8, 0x01, 0xFF, 0xFF, 0x3F, 0xFF, 0xFC, 0x01, 0xFF, 0xFF, 0x7F,
  0xFF, 0xFC, 0x01, 0xFF, 0xFF, 0x7F, 0xFF, 0xFE, 0x01, 0xFF, 0xFF, 0x7F,
  0xFF, 0xFE, 0x01, 0xFF, 0xFF, 0x7F, 0xFF, 0xFF, 0x01, 0xFF, 0xFE, 0x7F,
  0xFF, 0xFF, 0x01, 0xFF, 0xFE, 0x7F, 0xFF, 0xFF, 0x81, 0xFF, 0xFE, 0x7F,
  0xFF, 0xFF, 0x81, 0xFF, 0xFE, 0x7F, 0xFF, 0xFF, 0xC1, 0xFF, 0xFE, 0x7F,
  0xFF, 0xFF, 0xC1, 0xFF, 0xFE, 0x7F, 0xFF, 0xFF, 0xE1, 0xFF, 0xFE, 0x7F,
  0xFF, 0xFF, 0xE1, 0xFF, 0xFE, 0x7F, 0xFF, 0xFF, 0xF1, 0xFF, 0xFE, 0x7F,
  0xFF, 0xFF, 0xF1, 0xFF, 0xFE, 0x7F, 0xFF, 0xFF, 0xF9, 0xFF, 0xFE, 0x7F,
  0xFF, 0xFF, 0xF9, 0xFF, 0xFE, 0x7F, 0xFF, 0xFF, 0xFD, 0xFF, 0xFE, 0x7F,
  0xFF, 0xFF, 0xFD, 0xFF, 0xFE, 0x7F, 0xFF, 0xFF, 0xFF, 0xFF, 0xFE, 0x7F,
  0xFF, 0xFF, 0xFF, 0xFF, 0xFE, 0x7F, 0xFF, 0xBF, 0xFF, 0xFF, 0xFE, 0x7F,
  0xFF, 0x9F, 0xFF, 0xFF, 0xFE, 0x7F, 0xFF, 0x9F, 0xFF, 0xFF, 0xFC, 0x7F,
  0xFF, 0x9F, 0xFF, 0xFF, 0xFC, 0x7F, 0xFF, 0x8F, 0xFF, 0xFF, 0xFC, 0x7F,
  0xFF, 0x8F, 0xFF, 0xFF, 0xFC, 0x7F, 0xFF, 0x87, 0xFF, 0xFF, 0xFC, 0x7F,
  0xFF, 0x87, 0xFF, 0xFF, 0xFC, 0x7F, 0xFF, 0x87, 0xFF, 0xFF, 0xFC, 0x7F,
  0xFF, 0x83, 0xFF, 0xFF, 0xFC, 0x7F, 0xFF, 0x83, 0xFF, 0xFF, 0xFC, 0x7F,
  0xFF, 0x83, 0xFF, 0xFF, 0xFC, 0x7F, 0xFF, 0x81, 0xFF, 0xFF, 0xFC, 0x7F,
  0xFF, 0x81, 0xFF, 0xFF, 0xFC, 0x7F, 0xFF, 0x80, 0xFF, 0xFF, 0xFC, 0x7F,
  0xFF, 0x80, 0xFF, 0xFF, 0xFC, 0x7F, 0xFF, 0x80, 0xFF, 0xFF, 0xFC, 0x7F,
  0xFF, 0x00, 0x7F, 0xFF, 0xFC, 0x7F, 0xFF, 0x00, 0x7F, 0xFF, 0xFC, 0x7F,
  0xFF, 0x00, 0x3F, 0xFF, 0xFC, 0x7F, 0xFF, 0x00, 0x3F, 0xFF, 0xFC, 0xFF,
  0xFF, 0x00, 0x3F, 0xFF, 0xF8, 0xFF, 0xFF, 0x00, 0x1F, 0xFF, 0xE0, 0xFF,
  0xFF, 0x00, 0x1F, 0x00, 0x00, 0x00, 0x00, 0x1F, 0x00, 0x00, 0x00, 0x00,
  0x3F, 0xFF, 0x80, 0x00, 0x00, 0x0F, 0xFF, 0xFF, 0x00, 0x00, 0x03, 0xFF,
  0xFF, 0xFC, 0x00, 0x00, 0x7F, 0xFF, 0xFF, 0xE0, 0x00, 0x0F, 0xFF, 0xFF,
  0xFF, 0x80, 0x01, 0xFF, 0xFF, 0xFF, 0xFC, 0x00, 0x3F, 0xFF, 0xFF, 0xFF,
  0xE0, 0x07, 0xFF, 0xFF, 0xFF, 0xFE, 0x00, 0xFF, 0xFF, 0xFF, 0xFF, 0xF0,
  0x1F, 0xFF, 0xFF, 0xFF, 0xFF, 0x81, 0xFF, 0xFF, 0xFF, 0xFF, 0xF8, 0x3F,
  0xFF, 0xFF, 0xFF, 0xFF, 0xC3, 0xFF, 0xFF, 0xFF, 0xFF, 0xFC, 0x7F, 0xFF,
  0xFF, 0xFF, 0xFF, 0xC7, 0xFF, 0xFF, 0xFF, 0xFF, 0xFE, 0x7F, 0xFF, 0xC0,
  0x7F, 0xFF, 0xEF, 0xFF, 0xF8, 0x03, 0xFF, 0xFE, 0xFF, 0xFF, 0x00, 0x1F,
  0xFF, 0xEF, 0xFF, 0xE0, 0x01, 0xFF, 0xFE, 0xFF, 0xFE, 0x00, 0x0F, 0xFF,
  0xFF, 0xFF, 0xE0, 0x00, 0xFF, 0xFF, 0xFF, 0xFE, 0x00, 0x0F, 0xFF, 0xFF,
  0xFF, 0xE0, 0x00, 0xFF, 0xFF, 0xFF, 0xFE, 0x00, 0x0F, 0xFF, 0xFF, 0xFF,
  0xE0, 0x00, 0xFF, 0xFE, 0xFF, 0xFE, 0x00, 0x0F, 0xFF, 0xEF, 0xFF, 0xF0,
  0x01, 0xFF, 0xFE, 0xFF, 0xFF, 0x00, 0x1F, 0xFF, 0xEF, 0xFF, 0xF8, 0x03,
  0xFF, 0xFE, 0x7F, 0xFF, 0xC0, 0xFF, 0xFF, 0xC7, 0xFF, 0xFF, 0xFF, 0xFF,
  0xFC, 0x7F, 0xFF, 0xFF, 0xFF, 0xFF, 0xC3, 0xFF, 0xFF, 0xFF, 0xFF, 0xF8,
  0x3F, 0xFF, 0xFF, 0xFF, 0xFF, 0x81, 0xFF, 0xFF, 0xFF, 0xFF, 0xF0, 0x0F,
  0xFF, 0xFF, 0xFF, 0xFE, 0x00, 0xFF, 0xFF, 0xFF, 0xFF, 0xE0, 0x07, 0xFF,
  0xFF, 0xFF, 0xFC, 0x00, 0x3F, 0xFF, 0xFF, 0xFF, 0x80, 0x01, 0xFF, 0xFF,
  0xFF, 0xF0, 0x00, 0x07, 0xFF, 0xFF, 0xFC, 0x00, 0x00, 0x3F, 0xFF, 0xFF,
  0x80, 0x00, 0x00, 0xFF, 0xFF, 0xE0, 0x00, 0x00, 0x03, 0xFF, 0xF8, 0x00,
  0x00, 0x00, 0x01, 0xF8, 0x00, 0x00, 0x00, 0x0F, 0xFE, 0x00, 0x00, 0x07,
  0xFF, 0xFF, 0xE0, 0x00, 0x7F, 0xFF, 0xFF, 0xFC, 0x00, 0xFF, 0xFF, 0xFF,
  0xFF, 0x00, 0xFF, 0xFF, 0xFF, 0xFF, 0x80, 0xFF, 0xFF, 0xFF, 0xFF, 0xE0,
  0xFF, 0xFF, 0xFF, 0xFF, 0xF0, 0xFF, 0xFF, 0xFF, 0xFF, 0xF8, 0xFF, 0xFF,
  0xFF, 0xFF, 0xF8, 0xFF, 0xFF, 0xFF, 0xFF, 0xFC, 0xFF, 0xFF, 0xFF, 0xFF,
  0xFE, 0xFF, 0xFF, 0xFF, 0xFF, 0xFE, 0xFF, 0xFF, 0xFF, 0xFF, 0xFE, 0xFF,
  0xFF, 0xFF, 0xFF, 0xFF, 0xFF, 0xFF, 0x83, 0xFF, 0xFF, 0xFF, 0xFF, 0x80,
  0xFF, 0xFF, 0xFF, 0xFF, 0x80, 0xFF, 0xFF, 0xFF, 0xFF, 0x80, 0x7F, 0xFF,
  0xFF, 0xFF, 0x80, 0x7F, 0xFF, 0xFF, 0xFF, 0x80, 0x7F, 0xFF, 0xFF, 0xFF,
  0x80, 0xFF, 0xFF, 0xFF, 0xFF, 0x80, 0xFF, 0xFF, 0xFF, 0xFF, 0x81, 0xFF,
  0xFF, 0xFF, 0xFF, 0x03, 0xFF, 0xFE, 0xFF, 0xFF, 0x0F, 0xFF, 0xFE, 0xFF,
  0xFF, 0xFF, 0xFF, 0xFC, 0xFF, 0xFF, 0xFF, 0xFF, 0xFC, 0xFF, 0xFF, 0xFF,
  0xFF, 0xF8, 0xFF, 0xFF, 0xFF, 0xFF, 0xF0, 0xFF, 0xFF, 0xFF, 0xFF, 0xE0,
  0xFF, 0xFF, 0xFF, 0xFF, 0xC0, 0xFF, 0xFF, 0xFF, 0xFF, 0x00, 0xFF, 0xFF,
  0xFF, 0xFC, 0x00, 0xFF, 0xFF, 0xFF, 0xF0, 0x00, 0xFF, 0xFF, 0xFF, 0x00,
  0x00, 0xFF, 0xFF, 0x00, 0x00, 0x00, 0xFF, 0xFF, 0x00, 0x00, 0x00, 0xFF,
  0xFF, 0x00, 0x00, 0x00, 0xFF, 0xFF, 0x00, 0x00, 0x00, 0xFF, 0xFF, 0x00,
  0x00, 0x00, 0xFF, 0xFF, 0x00, 0x00, 0x00, 0xFF, 0xFF, 0x00, 0x00, 0x00,
  0xFF, 0xFF, 0x00, 0x00, 0x00, 0xFF, 0xFF, 0x00, 0x00, 0x00, 0xFF, 0xFF,
  0x00, 0x00, 0x00, 0xFF, 0xFF, 0x00, 0x00, 0x00, 0xFF, 0xFF, 0x00, 0x00,
  0x00, 0xFF, 0xFF, 0x00, 0x00, 0x00, 0xFF, 0xFF, 0x00, 0x00, 0x00, 0xFF,
  0xFF, 0x00, 0x00, 0x00, 0xFF, 0xFF, 0x00, 0x00, 0x00, 0x00, 0x00, 0x7F,
  0xFF, 0x00, 0x00, 0x00, 0x01, 0xFF, 0xFF, 0xE0, 0x00, 0x00, 0x07, 0xFF,
  0xFF, 0xF8, 0x00, 0x00, 0x1F, 0xFF, 0xFF, 0xFE, 0x00, 0x00, 0x3F, 0xFF,
  0xFF, 0xFF, 0x00, 0x00, 0x7F, 0xFF, 0xFF, 0xFF, 0x80, 0x01, 0xFF, 0xFF,
  0xFF, 0xFF, 0xC0, 0x01, 0xFF, 0xFF, 0xFF, 0xFF, 0xE0, 0x03, 0xFF, 0xFF,
  0xFF, 0xFF, 0xF0, 0x07, 0xFF, 0xFF, 0xFF, 0xFF, 0xF8, 0x0F, 0xFF, 0xFF,
  0xFF, 0xFF, 0xF8, 0x0F, 0xFF, 0xFF, 0xFF, 0xFF, 0xFC, 0x1F, 0xFF, 0xFF,
  0xFF, 0xFF, 0xFC, 0x1F, 0xFF, 0xFF, 0xFF, 0xFF, 0xFE, 0x3F, 0xFF, 0xFF,
  0xFF, 0xFF, 0xFE, 0x3F, 0xFF, 0xFF, 0xFF, 0xFF, 0xFE, 0x7F, 0xFF, 0xF8,
  0x1F, 0xFF, 0xFF, 0x7F, 0xFF, 0xE0, 0x07, 0xFF, 0xFF, 0x7F, 0xFF, 0xC0,
  0x03, 0xFF, 0xFF, 0x7F, 0xFF, 0xC0, 0x03, 0xFF, 0xFF, 0x7F, 0xFF, 0x80,
  0x01, 0xFF, 0xFF, 0xFF, 0xFF, 0x80, 0x01, 0xFF, 0xFF, 0xFF, 0xFF, 0x80,
  0x01, 0xFF, 0xFF, 0xFF, 0xFF, 0x80, 0x01, 0xFF, 0xFF, 0xFF, 0xFF, 0x80,
  0x00, 0xFF, 0xFF, 0xFF, 0xFF, 0x80, 0x01, 0xFF, 0xFF, 0xFF, 0xFF, 0x80,
  0x01, 0xFF, 0xFF, 0x7F, 0xFF, 0x80, 0x01, 0xFF, 0xFF, 0x7F, 0xFF, 0xC0,
  0x03, 0xFF, 0xFF, 0x7F, 0xFF, 0xC0, 0x03, 0xFF, 0xFF, 0x7F, 0xFF, 0xE0,
  0x07, 0xFF, 0xFE, 0x7F, 0xFF, 0xF0, 0x0F, 0xFF, 0xFE, 0x3F, 0xFF, 0xFF,
  0xFF, 0xFF, 0xFE, 0x3F, 0xFF, 0xFF, 0xFF, 0xFF, 0xFC, 0x1F, 0xFF, 0xFF,
  0xFF, 0xFF, 0xFC, 0x1F, 0xFF, 0xFF, 0xFF, 0xFF, 0xF8, 0x0F, 0xFF, 0xFF,
  0xFF, 0xFF, 0xF8, 0x0F, 0xFF, 0xFF, 0xFF, 0xFF, 0xF0, 0x07, 0xFF, 0xFF,
  0xFF, 0xFF, 0xE0, 0x03, 0xFF, 0xFF, 0xFF, 0xFF, 0xE0, 0x01, 0xFF, 0xFF,
  0xFF, 0xFF, 0xC0, 0x00, 0xFF, 0xFF, 0xFF, 0xFF, 0x80, 0x00, 0x7F, 0xFF,
  0xFF, 0xFF, 0x80, 0x00, 0x3F, 0xFF, 0xFF, 0xFF, 0xC0, 0x00, 0x0F, 0xFF,
  0xFF, 0xFF, 0xE0, 0x00, 0x03, 0xFF, 0xFF, 0xFF, 0xF0, 0x00, 0x00, 0xFF,
  0xFF, 0xFF, 0xF8, 0x00, 0x00, 0x0F, 0xFB, 0xFF, 0xF8, 0x00, 0x00, 0x00,
  0x03, 0xFF, 0xF0, 0x00, 0x00, 0x00, 0x03, 0xFF, 0xC0, 0x00, 0x00, 0x00,
  0x01, 0xFF, 0x00, 0x00, 0x00, 0x00, 0x01, 0xFE, 0x00, 0x00, 0x00, 0x00,
  0x00, 0xF8, 0x00, 0x00, 0x00, 0x00, 0x00, 0xF0, 0x00, 0x00, 0x00, 0x00,
  0x00, 0xC0, 0x00, 0x00, 0x00, 0x00, 0x00, 0x80, 0x00, 0x00, 0x07, 0xFF,
  0x80, 0x00, 0x00, 0xFF, 0xFF, 0xFC, 0x00, 0x07, 0xFF, 0xFF, 0xFF, 0xC0,
  0x07, 0xFF, 0xFF, 0xFF, 0xF8, 0x03, 0xFF, 0xFF, 0xFF, 0xFE, 0x03, 0xFF,
  0xFF, 0xFF, 0xFF, 0x81, 0xFF, 0xFF, 0xFF, 0xFF, 0xE0, 0xFF, 0xFF, 0xFF,
  0xFF, 0xF8, 0x7F, 0xFF, 0xFF, 0xFF, 0xFE, 0x3F, 0xFF, 0xFF, 0xFF, 0xFF,
  0x1F, 0xFF, 0xFF, 0xFF, 0xFF, 0xCF, 0xFF, 0xFF, 0xFF, 0xFF, 0xE7, 0xFF,
  0xF8, 0x3F, 0xFF, 0xFB, 0xFF, 0xFC, 0x07, 0xFF, 0xFD, 0xFF, 0xFE, 0x01,
  0xFF, 0xFE, 0xFF, 0xFF, 0x00, 0xFF, 0xFF, 0x7F, 0xFF, 0x80, 0x3F, 0xFF,
  0xBF, 0xFF, 0xC0, 0x1F, 0xFF, 0xDF, 0xFF, 0xE0, 0x0F, 0xFF, 0xEF, 0xFF,
  0xF0, 0x07, 0xFF, 0xF7, 0xFF, 0xF8, 0x03, 0xFF, 0xFB, 0xFF, 0xFC, 0x03,
  0xFF, 0xFD, 0xFF, 0xFE, 0x03, 0xFF, 0xFE, 0xFF, 0xFF, 0x03, 0xFF, 0xFF,
  0x7F, 0xFF, 0x03, 0xFF, 0xFF, 0x3F, 0xFF, 0xFF, 0xFF, 0xFF, 0x9F, 0xFF,
  0xFF, 0xFF, 0xFF, 0x8F, 0xFF, 0xFF, 0xFF, 0xFF, 0xC7, 0xFF, 0xFF, 0xFF,
  0xFF, 0xC3, 0xFF, 0xFF, 0xFF, 0xFF, 0xC1, 0xFF, 0xFF, 0xFF, 0xFF, 0xC0,
  0xFF, 0xFF, 0xFF, 0xFF, 0xC0, 0x7F, 0xFF, 0xFF, 0xFF, 0xC0, 0x3F, 0xFF,
  0xFF, 0xFF, 0xC0, 0x1F, 0xFF, 0xFF, 0xFF, 0xF0, 0x0F, 0xFF, 0xFF, 0xFF,
  0xF8, 0x07, 0xFF, 0xF0, 0x7F, 0xFE, 0x03, 0xFF, 0xF8, 0x3F, 0xFF, 0x81,
  0xFF, 0xFC, 0x1F, 0xFF, 0xC0, 0xFF, 0xFE, 0x07, 0xFF, 0xF0, 0x7F, 0xFF,
  0x03, 0xFF, 0xF8, 0x3F, 0xFF, 0x81, 0xFF, 0xFE, 0x1F, 0xFF, 0xC0, 0x7F,
  0xFF, 0x0F, 0xFF, 0xE0, 0x3F, 0xFF, 0xC7, 0xFF, 0xF0, 0x1F, 0xFF, 0xF3,
  0xFF, 0xF8, 0x07, 0xFF, 0xF9, 0xFF, 0xFC, 0x03, 0xFF, 0xFE, 0xFF, 0xFE,
  0x00, 0xFF, 0xFF, 0x7F, 0xFE, 0x00, 0x7F, 0xF8, 0x7F, 0xFF, 0x00, 0x3F,
  0x80, 0x00, 0x00, 0x00, 0x08, 0x00, 0x00, 0x00, 0x07, 0xFF, 0xF0, 0x00,
  0x01, 0xFF, 0xFF, 0xF0, 0x00, 0x7F, 0xFF, 0xFF, 0xC0, 0x1F, 0xFF, 0xFF,
  0xF8, 0x03, 0xFF, 0xFF, 0xFF, 0x80, 0x7F, 0xFF, 0xFF, 0xF8, 0x0F, 0xFF,
  0xFF, 0xFF, 0x81, 0xFF, 0xFF, 0xFF, 0xF8, 0x3F, 0xFF, 0xFF, 0xFF, 0x83,
  0xFF, 0xFF, 0xFF, 0xF8, 0x7F, 0xFF, 0xFF, 0xFF, 0x87, 0xFF, 0xFF, 0xFF,
  0xF8, 0x7F, 0xFF, 0xFF, 0xFF, 0x8F, 0xFF, 0xFF, 0xFF, 0xF0, 0xFF, 0xFF,
  0xF0, 0xFF, 0x0F, 0xFF, 0xF0, 0x00, 0x30, 0xFF, 0xFE, 0x00, 0x00, 0x0F,
  0xFF, 0xE0, 0x00, 0x00, 0xFF, 0xFF, 0x00, 0x00, 0x0F, 0xFF, 0xFE, 0x00,
  0x00, 0xFF, 0xFF, 0xFF, 0xF8, 0x0F, 0xFF, 0xFF, 0xFF, 0xE0, 0x7F, 0xFF,
  0xFF, 0xFF, 0x07, 0xFF, 0xFF, 0xFF, 0xF8, 0x3F, 0xFF, 0xFF, 0xFF, 0xC3,
  0xFF, 0xFF, 0xFF, 0xFE, 0x1F, 0xFF, 0xFF, 0xFF, 0xE0, 0xFF, 0xFF, 0xFF,
  0xFE, 0x07, 0xFF, 0xFF, 0xFF, 0xF0, 0x1F, 0xFF, 0xFF, 0xFF, 0x00, 0x7F,
  0xFF, 0xFF, 0xF0, 0x00, 0x03, 0xFF, 0xFF, 0x00, 0x00, 0x0F, 0xFF, 0xF6,
  0x00, 0x00, 0xFF, 0xFF, 0x78, 0x00, 0x0F, 0xFF, 0xF7, 0xF8, 0x01, 0xFF,
  0xFF, 0x7F, 0xFF, 0xFF, 0xFF, 0xF7, 0xFF, 0xFF, 0xFF, 0xFF, 0x7F, 0xFF,
  0xFF, 0xFF, 0xE7, 0xFF, 0xFF, 0xFF, 0xFE, 0x7F, 0xFF, 0xFF, 0xFF, 0xE7,
  0xFF, 0xFF, 0xFF, 0xFC, 0xFF, 0xFF, 0xFF, 0xFF, 0xCF, 0xFF, 0xFF, 0xFF,
  0xF8, 0xFF, 0xFF, 0xFF, 0xFF, 0x0F, 0xFF, 0xFF, 0xFF, 0xE0, 0xFF, 0xFF,
  0xFF, 0xFC, 0x07, 0xFF, 0xFF, 0xFF, 0x80, 0x1F, 0xFF, 0xFF, 0xF0, 0x00,
  0x3F, 0xFF, 0xFC, 0x00, 0x00, 0x7F, 0xFE, 0x00, 0x00, 0x7F, 0xFF, 0xFF,
  0xFF, 0xFD, 0xFF, 0xFF, 0xFF, 0xFF, 0xF7, 0xFF, 0xFF, 0xFF, 0xFF, 0xDF,
  0xFF, 0xFF, 0xFF, 0xFF, 0x7F, 0xFF, 0xFF, 0xFF, 0xFF, 0xFF, 0xFF, 0xFF,
  0xFF, 0xFF, 0xFF, 0xFF, 0xFF, 0xFF, 0xFF, 0xFF, 0xFF, 0xFF, 0xFF, 0xFF,
  0xFF, 0xFF, 0xFF, 0xFF, 0xFF, 0xFF, 0xFF, 0xFF, 0xFF, 0xFF, 0xFF, 0xFF,
  0xFF, 0xFF, 0xFF, 0xFF, 0xFF, 0xFF, 0xFF, 0xFF, 0xFF, 0xFF, 0xFF, 0xFF,
  0xFF, 0xFF, 0xFF, 0xFF, 0xFF, 0xFF, 0xFF, 0xFF, 0xFF, 0xFF, 0xFF, 0xFE,
  0x00, 0xFE, 0x1F, 0xFF, 0xF0, 0x00, 0x00, 0x7F, 0xFF, 0xC0, 0x00, 0x01,
  0xFF, 0xFF, 0x00, 0x00, 0x07, 0xFF, 0xF8, 0x00, 0x00, 0x1F, 0xFF, 0xE0,
  0x00, 0x00, 0x7F, 0xFF, 0x80, 0x00, 0x01, 0xFF, 0xFE, 0x00, 0x00, 0x07,
  0xFF, 0xF8, 0x00, 0x00, 0x1F, 0xFF, 0xE0, 0x00, 0x00, 0x7F, 0xFF, 0x80,
  0x00, 0x01, 0xFF, 0xFE, 0x00, 0x00, 0x07, 0xFF, 0xF8, 0x00, 0x00, 0x1F,
  0xFF, 0xE0, 0x00, 0x00, 0xFF, 0xFF, 0x80, 0x00, 0x03, 0xFF, 0xFE, 0x00,
  0x00, 0x0F, 0xFF, 0xF0, 0x00, 0x00, 0x3F, 0xFF, 0xC0, 0x00, 0x00, 0xFF,
  0xFF, 0x00, 0x00, 0x03, 0xFF, 0xFC, 0x00, 0x00, 0x0F, 0xFF, 0xF0, 0x00,
  0x00, 0x3F, 0xFF, 0xC0, 0x00, 0x00, 0xFF, 0xFF, 0x00, 0x00, 0x03, 0xFF,
  0xFC, 0x00, 0x00, 0x0F, 0xFF, 0xF0, 0x00, 0x00, 0x3F, 0xFF, 0xC0, 0x00,
  0x00, 0xFF, 0xFF, 0x00, 0x00, 0x03, 0xFF, 0xFC, 0x00, 0x00, 0x0F, 0xFF,
  0xF0, 0x00, 0x00, 0x3F, 0xFF, 0x80, 0x00, 0x00, 0xFF, 0xFE, 0x00, 0x00,
  0x03, 0xFF, 0xF8, 0x00, 0x00, 0x0F, 0xFF, 0xE0, 0x00, 0x00, 0x3F, 0xFE,
  0x00, 0x00, 0x00, 0x00, 0x00, 0x3F, 0xFF, 0xCF, 0xFF, 0xF0, 0x0F, 0xFF,
  0xF3, 0xFF, 0xFC, 0x03, 0xFF, 0xFC, 0xFF, 0xFF, 0x00, 0xFF, 0xFF, 0x7F,
  0xFF, 0xC0, 0x3F, 0xFF, 0xDF, 0xFF, 0xF0, 0x0F, 0xFF, 0xF7, 0xFF, 0xF8,
  0x03, 0xFF, 0xFD, 0xFF, 0xFE, 0x00, 0xFF, 0xFF, 0x7F, 0xFF, 0x80, 0x3F,
  0xFF, 0xDF, 0xFF, 0xE0, 0x0F, 0xFF, 0xF7, 0xFF, 0xF8, 0x03, 0xFF, 0xFD,
  0xFF, 0xFE, 0x00, 0xFF, 0xFF, 0xFF, 0xFF, 0x80, 0x3F, 0xFF, 0xFF, 0xFF,
  0xC0, 0x0F, 0xFF, 0xFF, 0xFF, 0xF0, 0x03, 0xFF, 0xFF, 0xFF, 0xFC, 0x00,
  0xFF, 0xFF, 0xFF, 0xFF, 0x00, 0x3F, 0xFF, 0xFF, 0xFF, 0xC0, 0x0F, 0xFF,
  0xFF, 0xFF, 0xF0, 0x03, 0xFF, 0xFF, 0xFF, 0xFC, 0x01, 0xFF, 0xFE, 0xFF,
  0xFF, 0x00, 0x7F, 0xFF, 0xBF, 0xFF, 0xC0, 0x1F, 0xFF, 0xEF, 0xFF, 0xF0,
  0x07, 0xFF, 0xFB, 0xFF, 0xFC, 0x01, 0xFF, 0xFE, 0xFF, 0xFF, 0x00, 0x7F,
  0xFF, 0xBF, 0xFF, 0xC0, 0x1F, 0xFF, 0xCF, 0xFF, 0xF0, 0x07, 0xFF, 0xF3,
  0xFF, 0xFC, 0x03, 0xFF, 0xFC, 0x7F, 0xFF, 0x00, 0xFF, 0xFF, 0x1F, 0xFF,
  0xC0, 0x3F, 0xFF, 0x87, 0xFF, 0xF8, 0x0F, 0xFF, 0xE1, 0xFF, 0xFE, 0x03,
  0xFF, 0xF8, 0x7F, 0xFF, 0x81, 0xFF, 0xFC, 0x1F, 0xFF, 0xE0, 0x7F, 0xFF,
  0x03, 0xFF, 0xFC, 0x3F, 0xFF, 0xC0, 0xFF, 0xFF, 0x0F, 0xFF, 0xE0, 0x3F,
  0xFF, 0xFF, 0xFF, 0xF8, 0x07, 0xFF, 0xFF, 0xFF, 0xFC, 0x01, 0xFF, 0xFF,
  0xFF, 0xFF, 0x00, 0x3F, 0xFF, 0xFF, 0xFF, 0x80, 0x0F, 0xFF, 0xFF, 0xFF,
  0xC0, 0x01, 0xFF, 0xFF, 0xFF, 0xF0, 0x00, 0x7F, 0xFF, 0xFF, 0xF8, 0x00,
  0x0F, 0xFF, 0xFF, 0xFC, 0x00, 0x01, 0xFF, 0xFF, 0xFE, 0x00, 0x00, 0x3F,
  0xFF, 0xFF, 0x00, 0x00, 0x07, 0xFF, 0xFF, 0x80, 0x00, 0x00, 0x7F, 0xFF,
  0x80, 0x00, 0x00, 0x07, 0xFF, 0x80, 0x00, 0x00, 0x00, 0x1E, 0x00, 0x00,
  0x00, 0x00, 0x01, 0x00, 0x07, 0x00, 0x00, 0x7F, 0xF8, 0x00, 0x3F, 0xFF,
  0xFF, 0xFF, 0xE0, 0x01, 0xFF, 0xFF, 0xFF, 0xFF, 0x00, 0x1F, 0xFF, 0xF7,
  0xFF, 0xF8, 0x00, 0xFF, 0xFF, 0x3F, 0xFF, 0xC0, 0x07, 0xFF, 0xF9, 0xFF,
  0xFF, 0x00, 0x3F, 0xFF, 0xCF, 0xFF, 0xF8, 0x01, 0xFF, 0xFE, 0x3F, 0xFF,
  0xC0, 0x1F, 0xFF, 0xE1, 0xFF, 0xFE, 0x00, 0xFF, 0xFF, 0x0F, 0xFF, 0xF0,
  0x07, 0xFF, 0xF8, 0x3F, 0xFF, 0xC0, 0x3F, 0xFF, 0xC1, 0xFF, 0xFE, 0x03,
  0xFF, 0xFC, 0x0F, 0xFF, 0xF0, 0x1F, 0xFF, 0xE0, 0x3F, 0xFF, 0x80, 0xFF,
  0xFF, 0x01, 0xFF, 0xFE, 0x07, 0xFF, 0xF0, 0x0F, 0xFF, 0xF0, 0x3F, 0xFF,
  0x80, 0x3F, 0xFF, 0x83, 0xFF, 0xFC, 0x01, 0xFF, 0xFC, 0x1F, 0xFF, 0xE0,
  0x0F, 0xFF, 0xF0, 0xFF, 0xFE, 0x00, 0x3F, 0xFF, 0x87, 0xFF, 0xF0, 0x01,
  0xFF, 0xFC, 0x7F, 0xFF, 0x80, 0x0F, 0xFF, 0xE3, 0xFF, 0xFC, 0x00, 0x3F,
  0xFF, 0x9F, 0xFF, 0xC0, 0x01, 0xFF, 0xFC, 0xFF, 0xFE, 0x00, 0x0F, 0xFF,
  0xEF, 0xFF, 0xF0, 0x00, 0x3F, 0xFF, 0x7F, 0xFF, 0x80, 0x01, 0xFF, 0xFB,
  0xFF, 0xF8, 0x00, 0x0F, 0xFF, 0xFF, 0xFF, 0xC0, 0x00, 0x3F, 0xFF, 0xFF,
  0xFE, 0x00, 0x01, 0xFF, 0xFF, 0xFF, 0xF0, 0x00, 0x0F, 0xFF, 0xFF, 0xFF,
  0x00, 0x00, 0x7F, 0xFF, 0xFF, 0xF8, 0x00, 0x01, 0xFF, 0xFF, 0xFF, 0xC0,
  0x00, 0x0F, 0xFF, 0xFF, 0xFC, 0x00, 0x00, 0x7F, 0xFF, 0xFF, 0xE0, 0x00,
  0x01, 0xFF, 0xFF, 0xFF, 0x00, 0x00, 0x0F, 0xFF, 0xFF, 0xF8, 0x00, 0x00,
  0x7F, 0xFF, 0xFF, 0x80, 0x00, 0x01, 0xFF, 0xFF, 0xFC, 0x00, 0x00, 0x0F,
  0xFF, 0xFF, 0xE0, 0x00, 0x00, 0x7F, 0xFF, 0xFF, 0x00, 0x00, 0x01, 0xFF,
  0xFF, 0xF0, 0x00, 0x00, 0x0F, 0xFF, 0xFF, 0x80, 0x00, 0x00, 0x7F, 0xFF,
  0xFC, 0x00, 0x00, 0x01, 0xFF, 0xFF, 0xE0, 0x00, 0x00, 0x0F, 0xFF, 0xFE,
  0x00, 0x00, 0x00, 0x7F, 0xFF, 0xF0, 0x00, 0x00, 0x01, 0xFF, 0xFF, 0x80,
  0x00, 0x00, 0x0F, 0xFF, 0xFC, 0x00, 0x00, 0x00, 0x70, 0x00, 0x00, 0x00,
  0x00, 0x00, 0x80, 0x7F, 0xFE, 0x01, 0x80, 0x00, 0x0F, 0xFF, 0xC0, 0x7F,
  0xFE, 0x01, 0xFF, 0xF0, 0xFF, 0xFF, 0xC0, 0x7F, 0xFE, 0x01, 0xFF, 0xFF,
  0xFF, 0xFF, 0xC0, 0x7F, 0xFF, 0x01, 0xFF, 0xFF, 0x7F, 0xFF, 0xC0, 0x7F,
  0xFF, 0x01, 0xFF, 0xFF, 0x7F, 0xFF, 0xC0, 0x7F, 0xFF, 0x01, 0xFF, 0xFF,
  0x7F, 0xFF, 0xC0, 0xFF, 0xFF, 0x01, 0xFF, 0xFF, 0x7F, 0xFF, 0xC0, 0xFF,
  0xFF, 0x03, 0xFF, 0xFE, 0x7F, 0xFF, 0xC0, 0xFF, 0xFF, 0x83, 0xFF, 0xFE,
  0x7F, 0xFF, 0xC0, 0xFF, 0xFF, 0x83, 0xFF, 0xFE, 0x3F, 0xFF, 0xE0, 0xFF,
  0xFF, 0x83, 0xFF, 0xFE, 0x3F, 0xFF, 0xE0, 0xFF, 0xFF, 0x83, 0xFF, 0xFE,
  0x3F, 0xFF, 0xE0, 0xFF, 0xFF, 0x83, 0xFF, 0xFE, 0x3F, 0xFF, 0xE1, 0xFF,
  0xFF, 0x83, 0xFF, 0xFC, 0x3F, 0xFF, 0xE1, 0xFF, 0xFF, 0xC3, 0xFF, 0xFC,
  0x1F, 0xFF, 0xE1, 0xFF, 0xFF, 0xC3, 0xFF, 0xFC, 0x1F, 0xFF, 0xE1, 0xFF,
  0xFF, 0xC3, 0xFF, 0xFC, 0x1F, 0xFF, 0xE1, 0xFF, 0xFF, 0xC3, 0xFF, 0xFC,
  0x1F, 0xFF, 0xF1, 0xFF, 0xFF, 0xC7, 0xFF, 0xFC, 0x1F, 0xFF, 0xF3, 0xFF,
  0xFF, 0xE7, 0xFF, 0xF8, 0x1F, 0xFF, 0xF3, 0xFF, 0xFF, 0xE7, 0xFF, 0xF8,
  0x0F, 0xFF, 0xF3, 0xFF, 0xFF, 0xE7, 0xFF, 0xF8, 0x0F, 0xFF, 0xF3, 0xFF,
  0xFF, 0xE7, 0xFF, 0xF8, 0x0F, 0xFF, 0xF3, 0xFF, 0xFF, 0xE7, 0xFF, 0xF8,
  0x0F, 0xFF, 0xF3, 0xFF, 0xFF, 0xE7, 0xFF, 0xF8, 0x0F, 0xFF, 0xF7, 0xFF,
  0xFF, 0xF7, 0xFF, 0xF0, 0x0F, 0xFF, 0xFF, 0xFF, 0xFF, 0xF7, 0xFF, 0xF0,
  0x07, 0xFF, 0xFF, 0xFF, 0x7F, 0xF7, 0xFF, 0xF0, 0x07, 0xFF, 0xFF, 0xFF,
  0x7F, 0xFF, 0xFF, 0xF0, 0x07, 0xFF, 0xFF, 0xFF, 0x7F, 0xFF, 0xFF, 0xF0,
  0x07, 0xFF, 0xFF, 0xFE, 0x7F, 0xFF, 0xFF, 0xE0, 0x07, 0xFF, 0xFF, 0xFE,
  0x7F, 0xFF, 0xFF, 0xE0, 0x07, 0xFF, 0xFF, 0xFE, 0x7F, 0xFF, 0xFF, 0xE0,
  0x03, 0xFF, 0xFF, 0xFE, 0x3F, 0xFF, 0xFF, 0xE0, 0x03, 0xFF, 0xFF, 0xFE,
  0x3F, 0xFF, 0xFF, 0xE0, 0x03, 0xFF, 0xFF, 0xFC, 0x3F, 0xFF, 0xFF, 0xE0,
  0x03, 0xFF, 0xFF, 0xFC, 0x3F, 0xFF, 0xFF, 0xC0, 0x03, 0xFF, 0xFF, 0xFC,
  0x3F, 0xFF, 0xFF, 0xC0, 0x01, 0xFF, 0xFF, 0xFC, 0x3F, 0xFF, 0xFF, 0xC0,
  0x01, 0xFF, 0xFF, 0xFC, 0x1F, 0xFF, 0xFF, 0xC0, 0x01, 0xFF, 0xFF, 0xFC,
  0x1F, 0xFF, 0xFF, 0xC0, 0x01, 0xFF, 0xFF, 0xF8, 0x1F, 0xFF, 0xFF, 0xC0,
  0x01, 0xFF, 0xFF, 0xF8, 0x1F, 0xFF, 0xFF, 0x80, 0x01, 0xFF, 0xFF, 0xF8,
  0x1F, 0xFF, 0xFF, 0x80, 0x00, 0xFF, 0xFF, 0xF8, 0x0F, 0xFF, 0xFF, 0x80,
  0x00, 0xFF, 0xFF, 0xF8, 0x0F, 0xFF, 0xFF, 0x80, 0x00, 0xFF, 0xFF, 0xF0,
  0x0F, 0xFF, 0xFF, 0x80, 0x00, 0xFF, 0xFF, 0xF0, 0x0F, 0xFF, 0xFF, 0x80,
  0x00, 0xFF, 0xFF, 0xF0, 0x0F, 0xFF, 0xFF, 0x00, 0x00, 0x00, 0x00, 0x00,
  0x0F, 0xFF, 0xFF, 0x00, 0x00, 0x00, 0x40, 0x04, 0x00, 0x00, 0x00, 0x1F,
  0x00, 0x1F, 0xF0, 0x00, 0x07, 0xFC, 0x00, 0xFF, 0xFF, 0xC1, 0xFF, 0xF8,
  0x03, 0xFF, 0xFE, 0x3F, 0xFF, 0xE0, 0x1F, 0xFF, 0xF0, 0xFF, 0xFF, 0x80,
  0x7F, 0xFF, 0xC1, 0xFF, 0xFF, 0x01, 0xFF, 0xFE, 0x07, 0xFF, 0xFC, 0x0F,
  0xFF, 0xF8, 0x0F, 0xFF, 0xF8, 0x3F, 0xFF, 0xC0, 0x3F, 0xFF, 0xE1, 0xFF,
  0xFE, 0x00, 0x7F, 0xFF, 0xC7, 0xFF, 0xF8, 0x00, 0xFF, 0xFF, 0x3F, 0xFF,
  0xC0, 0x03, 0xFF, 0xFC, 0xFF, 0xFF, 0x00, 0x07, 0xFF, 0xFF, 0xFF, 0xF8,
  0x00, 0x1F, 0xFF, 0xFF, 0xFF, 0xE0, 0x00, 0x3F, 0xFF, 0xFF, 0xFF, 0x00,
  0x00, 0xFF, 0xFF, 0xFF, 0xF8, 0x00, 0x01, 0xFF, 0xFF, 0xFF, 0xE0, 0x00,
  0x07, 0xFF, 0xFF, 0xFF, 0x00, 0x00, 0x0F, 0xFF, 0xFF, 0xFC, 0x00, 0x00,
  0x3F, 0xFF, 0xFF, 0xE0, 0x00, 0x00, 0x7F, 0xFF, 0xFF, 0x80, 0x00, 0x00,
  0xFF, 0xFF, 0xFC, 0x00, 0x00, 0x03, 0xFF, 0xFF, 0xE0, 0x00, 0x00, 0x07,
  0xFF, 0xFF, 0x80, 0x00, 0x00, 0x1F, 0xFF, 0xFC, 0x00, 0x00, 0x00, 0x7F,
  0xFF, 0xF0, 0x00, 0x00, 0x03, 0xFF, 0xFF, 0xE0, 0x00, 0x00, 0x1F, 0xFF,
  0xFF, 0x80, 0x00, 0x00, 0x7F, 0xFF, 0xFF, 0x00, 0x00, 0x03, 0xFF, 0xFF,
  0xFE, 0x00, 0x00, 0x1F, 0xFF, 0xFF, 0xF8, 0x00, 0x00, 0x7F, 0xFF, 0xFF,
  0xF0, 0x00, 0x03, 0xFF, 0xFF, 0xFF, 0xC0, 0x00, 0x1F, 0xFF, 0xFF, 0xFF,
  0x80, 0x00, 0x7F, 0xFF, 0xFF, 0xFE, 0x00, 0x03, 0xFF, 0xFF, 0xFF, 0xFC,
  0x00, 0x0F, 0xFF, 0xF7, 0xFF, 0xF8, 0x00, 0x7F, 0xFF, 0xCF, 0xFF, 0xE0,
  0x03, 0xFF, 0xFE, 0x3F, 0xFF, 0xC0, 0x0F, 0xFF, 0xF8, 0xFF, 0xFF, 0x00,
  0x7F, 0xFF, 0xC1, 0xFF, 0xFE, 0x03, 0xFF, 0xFF, 0x07, 0xFF, 0xF8, 0x0F,
  0xFF, 0xF8, 0x0F, 0xFF, 0xF0, 0x7F, 0xFF, 0xE0, 0x3F, 0xFF, 0xC3, 0xFF,
  0xFF, 0x00, 0x7F, 0xFF, 0x81, 0xFF, 0xFC, 0x01, 0xFF, 0xFF, 0x00, 0xFF,
  0xE0, 0x03, 0xFF, 0xC0, 0x00, 0x7F, 0x80, 0x0F, 0xF8, 0x00, 0x00, 0x7C,
  0x00, 0x3E, 0x00, 0x00, 0x00, 0x30, 0x00, 0x40, 0x00, 0x00, 0x00, 0x07,
  0xC0, 0x07, 0xFE, 0x00, 0x1F, 0xFF, 0x00, 0x1F, 0xFF, 0xFF, 0xFF, 0xFE,
  0x00, 0xFF, 0xFF, 0x9F, 0xFF, 0xF8, 0x03, 0xFF, 0xFE, 0x7F, 0xFF, 0xE0,
  0x1F, 0xFF, 0xF0, 0xFF, 0xFF, 0x80, 0xFF, 0xFF, 0x83, 0xFF, 0xFE, 0x03,
  0xFF, 0xFC, 0x0F, 0xFF, 0xFC, 0x1F, 0xFF, 0xF0, 0x1F, 0xFF, 0xF0, 0x7F,
  0xFF, 0x80, 0x7F, 0xFF, 0xC3, 0xFF, 0xFC, 0x00, 0xFF, 0xFF, 0x1F, 0xFF,
  0xF0, 0x03, 0xFF, 0xFC, 0x7F, 0xFF, 0x80, 0x0F, 0xFF, 0xF3, 0xFF, 0xFC,
  0x00, 0x1F, 0xFF, 0xEF, 0xFF, 0xE0, 0x00, 0x7F, 0xFF, 0xFF, 0xFF, 0x80,
  0x00, 0xFF, 0xFF, 0xFF, 0xFC, 0x00, 0x03, 0xFF, 0xFF, 0xFF, 0xE0, 0x00,
  0x0F, 0xFF, 0xFF, 0xFF, 0x80, 0x00, 0x1F, 0xFF, 0xFF, 0xFC, 0x00, 0x00,
  0x7F, 0xFF, 0xFF, 0xE0, 0x00, 0x00, 0xFF, 0xFF, 0xFF, 0x00, 0x00, 0x03,
  0xFF, 0xFF, 0xFC, 0x00, 0x00, 0x0F, 0xFF, 0xFF, 0xE0, 0x00, 0x00, 0x1F,
  0xFF, 0xFF, 0x00, 0x00, 0x00, 0x7F, 0xFF, 0xFC, 0x00, 0x00, 0x01, 0xFF,
  0xFF, 0xE0, 0x00, 0x00, 0x03, 0xFF, 0xFF, 0x00, 0x00, 0x00, 0x0F, 0xFF,
  0xF8, 0x00, 0x00, 0x00, 0x3F, 0xFF, 0xE0, 0x00, 0x00, 0x00, 0xFF, 0xFF,
  0x80, 0x00, 0x00, 0x03, 0xFF, 0xFE, 0x00, 0x00, 0x00, 0x0F, 0xFF, 0xF8,
  0x00, 0x00, 0x00, 0x3F, 0xFF, 0xE0, 0x00, 0x00, 0x00, 0xFF, 0xFF, 0x80,
  0x00, 0x00, 0x03, 0xFF, 0xFE, 0x00, 0x00, 0x00, 0x0F, 0xFF, 0xF8, 0x00,
  0x00, 0x00, 0x3F, 0xFF, 0xE0, 0x00, 0x00, 0x00, 0xFF, 0xFF, 0x80, 0x00,
  0x00, 0x03, 0xFF, 0xFE, 0x00, 0x00, 0x00, 0x0F, 0xFF, 0xF8, 0x00, 0x00,
  0x00, 0x3F, 0xFF, 0xE0, 0x00, 0x00, 0x00, 0xFF, 0xFF, 0x80, 0x00, 0x00,
  0x03, 0xFF, 0xFE, 0x00, 0x00, 0x00, 0x0F, 0xFF, 0xF8, 0x00, 0x00, 0x00,
  0x3F, 0xFF, 0xE0, 0x00, 0x00, 0x00, 0xFF, 0xFF, 0x80, 0x00, 0x00, 0x03,
  0xFF, 0xFC, 0x00, 0x00, 0x00, 0x0F, 0xFF, 0xF0, 0x00, 0x00, 0x00, 0x3F,
  0xFF, 0xC0, 0x00, 0x00, 0x3F, 0xFF, 0xFF, 0xFF, 0x9F, 0xFF, 0xFF, 0xFF,
  0xCF, 0xFF, 0xFF, 0xFF, 0xE7, 0xFF, 0xFF, 0xFF, 0xF3, 0xFF, 0xFF, 0xFF,
  0xF9, 0xFF, 0xFF, 0xFF, 0xFC, 0xFF, 0xFF, 0xFF, 0xFE, 0x7F, 0xFF, 0xFF,
  0xFF, 0x3F, 0xFF, 0xFF, 0xFF, 0x9F, 0xFF, 0xFF, 0xFF, 0xCF, 0xFF, 0xFF,
  0xFF, 0xE7, 0xFF, 0xFF, 0xFF, 0xF3, 0xFF, 0xFF, 0xFF, 0xF9, 0xFF, 0xE1,
  0xFF, 0xFC, 0x00, 0x01, 0xFF, 0xFC, 0x00, 0x00, 0xFF, 0xFE, 0x00, 0x00,
  0xFF, 0xFE, 0x00, 0x00, 0xFF, 0xFE, 0x00, 0x00, 0xFF, 0xFE, 0x00, 0x00,
  0x7F, 0xFF, 0x00, 0x00, 0x7F, 0xFF, 0x00, 0x00, 0x7F, 0xFF, 0x00, 0x00,
  0x7F, 0xFF, 0x00, 0x00, 0x3F, 0xFF, 0x80, 0x00, 0x3F, 0xFF, 0x80, 0x00,
  0x3F, 0xFF, 0x80, 0x00, 0x3F, 0xFF, 0x80, 0x00, 0x3F, 0xFF, 0xC0, 0x00,
  0x1F, 0xFF, 0xC0, 0x00, 0x1F, 0xFF, 0xC0, 0x00, 0x1F, 0xFF, 0xC0, 0x00,
  0x1F, 0xFF, 0xE0, 0x00, 0x0F, 0xFF, 0xE0, 0x00, 0x0F, 0xFF, 0xE0, 0x00,
  0x0F, 0xFF, 0xFF, 0xFF, 0xEF, 0xFF, 0xFF, 0xFF, 0xF7, 0xFF, 0xFF, 0xFF,
  0xFF, 0xFF, 0xFF, 0xFF, 0xFD, 0xFF, 0xFF, 0xFF, 0xFE, 0xFF, 0xFF, 0xFF,
  0xFF, 0x7F, 0xFF, 0xFF, 0xFF, 0xBF, 0xFF, 0xFF, 0xFF, 0xDF, 0xFF, 0xFF,
  0xFF, 0xEF, 0xFF, 0xFF, 0xFF, 0xF7, 0xFF, 0xFF, 0xFF, 0xFB, 0xFF, 0xFF,
  0xFF, 0xFD, 0xFF, 0xFF, 0xFF, 0xFE, 0x7F, 0xFF, 0xFF, 0xFF, 0x3F, 0xFF,
  0xFF, 0xFF, 0x9F, 0xFF, 0xFE, 0x00, 0x00, 0x7F, 0xFF, 0xFF, 0x7F, 0xFF,
  0xFF, 0x7F, 0xFF, 0xFF, 0x7F, 0xFF, 0xFF, 0x7F, 0xFF, 0xFF, 0x7F, 0xFF,
  0xFF, 0x7F, 0xFF, 0xFF, 0x7F, 0xFF, 0xFF, 0x7F, 0xFF, 0xFF, 0x7F, 0xFC,
  0x00, 0x7F, 0xFC, 0x00, 0x7F, 0xFC, 0x00, 0x7F, 0xFC, 0x00, 0x7F, 0xFC,
  0x00, 0x7F, 0xFC, 0x00, 0x7F, 0xFC, 0x00, 0x7F, 0xFC, 0x00, 0x7F, 0xFC,
  0x00, 0x7F, 0xFC, 0x00, 0x7F, 0xFC, 0x00, 0x7F, 0xFC, 0x00, 0xFF, 0xFC,
  0x00, 0xFF, 0xFC, 0x00, 0xFF, 0xFC, 0x00, 0xFF, 0xFC, 0x00, 0xFF, 0xFC,
  0x00, 0xFF, 0xFC, 0x00, 0xFF, 0xFC, 0x00, 0xFF, 0xFC, 0x00, 0xFF, 0xFC,
  0x00, 0xFF, 0xFC, 0x00, 0xFF, 0xFC, 0x00, 0xFF, 0xFC, 0x00, 0xFF, 0xFC,
  0x00, 0xFF, 0xFC, 0x00, 0xFF, 0xFC, 0x00, 0xFF, 0xFC, 0x00, 0xFF, 0xFC,
  0x00, 0xFF, 0xFC, 0x00, 0xFF, 0xFC, 0x00, 0xFF, 0xFC, 0x00, 0xFF, 0xF8,
  0x00, 0xFF, 0xF8, 0x00, 0xFF, 0xF8, 0x00, 0xFF, 0xF8, 0x00, 0xFF, 0xF8,
  0x00, 0xFF, 0xF8, 0x00, 0xFF, 0xF8, 0x00, 0xFF, 0xF8, 0x00, 0xFF, 0xFF,
  0xFE, 0xFF, 0xFF, 0xFE, 0xFF, 0xFF, 0xFE, 0xFF, 0xFF, 0xFE, 0xFF, 0xFF,
  0xFE, 0xFF, 0xFF, 0xFE, 0xFF, 0xFF, 0xFE, 0xFF, 0xFF, 0xFE, 0xFF, 0xFF,
  0xFE, 0xFF, 0xFF, 0xFE, 0x00, 0x06, 0x00, 0x00, 0x00, 0x0F, 0x80, 0x00,
  0x00, 0x0F, 0xE0, 0x00, 0x00, 0x1F, 0xF8, 0x00, 0x00, 0x1F, 0xFF, 0x00,
  0x00, 0x3F, 0xFF, 0xC0, 0x00, 0x07, 0xFF, 0xF0, 0x00, 0x01, 0xFF, 0xFE,
  0x00, 0x00, 0x3F, 0xFF, 0x80, 0x00, 0x0F, 0xFF, 0xF0, 0x00, 0x01, 0xFF,
  0xFC, 0x00, 0x00, 0x7F, 0xFF, 0x00, 0x00, 0x1F, 0xFF, 0xE0, 0x00, 0x03,
  0xFF, 0xF8, 0x00, 0x00, 0xFF, 0xFE, 0x00, 0x00, 0x1F, 0xFF, 0xC0, 0x00,
  0x07, 0xFF, 0xF0, 0x00, 0x01, 0xFF, 0xFC, 0x00, 0x00, 0x3F, 0xFF, 0x80,
  0x00, 0x0F, 0xFF, 0xE0, 0x00, 0x01, 0xFF, 0xF8, 0x00, 0x00, 0x7F, 0xFF,
  0x00, 0x00, 0x1F, 0xFF, 0xC0, 0x00, 0x03, 0xFF, 0xF8, 0x00, 0x00, 0xFF,
  0xFE, 0x00, 0x00, 0x1F, 0xFF, 0x80, 0x00, 0x07, 0xFF, 0xF0, 0x00, 0x01,
  0xFF, 0xFC, 0x00, 0x00, 0x3F, 0xFF, 0x00, 0x00, 0x0F, 0xFF, 0xE0, 0x00,
  0x01, 0xFF, 0xF8, 0x00, 0x00, 0x7F, 0xFF, 0x00, 0x00, 0x0F, 0xFF, 0xC0,
  0x00, 0x03, 0xFF, 0xF0, 0x00, 0x00, 0xFF, 0xFE, 0x00, 0x00, 0x1F, 0xFF,
  0x80, 0x00, 0x07, 0xFF, 0xF0, 0x00, 0x00, 0xFF, 0xFC, 0x00, 0x00, 0x3F,
  0xFF, 0x00, 0x00, 0x07, 0xFF, 0xE0, 0x00, 0x01, 0xFF, 0xF8, 0x00, 0x00,
  0x3F, 0xFF, 0x00, 0x00, 0x0F, 0xFF, 0xC0, 0x00, 0x01, 0xFF, 0xF8, 0x00,
  0x00, 0x7F, 0xFE, 0x00, 0x00, 0x0F, 0xFF, 0xC0, 0x00, 0x03, 0xFF, 0xF0,
  0x00, 0x00, 0x7F, 0xFC, 0x00, 0x00, 0x1F, 0xFF, 0x80, 0x00, 0x03, 0xFF,
  0xF0, 0x00, 0x00, 0xFF, 0xF0, 0x00, 0x00, 0x1F, 0xF0, 0x00, 0x00, 0x07,
  0xE0, 0x00, 0x00, 0x00, 0xE0, 0x00, 0x00, 0x00, 0x20, 0x00, 0x7F, 0xFF,
  0xFF, 0x7F, 0xFF, 0xFF, 0x7F, 0xFF, 0xFF, 0x7F, 0xFF, 0xFF, 0x7F, 0xFF,
  0xFF, 0x7F, 0xFF, 0xFF, 0x7F, 0xFF, 0xFF, 0x7F, 0xFF, 0xFF, 0x7F, 0xFF,
  0xFF, 0x7F, 0xFF, 0xFF, 0x00, 0x1F, 0xFF, 0x00, 0x1F, 0xFF, 0x00, 0x1F,
  0xFF, 0x00, 0x1F, 0xFF, 0x00, 0x1F, 0xFF, 0x00, 0x3F, 0xFF, 0x00, 0x3F,
  0xFF, 0x00, 0x3F, 0xFF, 0x00, 0x3F, 0xFF, 0x00, 0x3F, 0xFF, 0x00, 0x3F,
  0xFF, 0x00, 0x3F, 0xFF, 0x00, 0x3F, 0xFF, 0x00, 0x3F, 0xFF, 0x00, 0x3F,
  0xFF, 0x00, 0x3F, 0xFF, 0x00, 0x3F, 0xFF, 0x00, 0x3F, 0xFF, 0x00, 0x3F,
  0xFF, 0x00, 0x3F, 0xFF, 0x00, 0x3F, 0xFF, 0x00, 0x3F, 0xFF, 0x00, 0x3F,
  0xFF, 0x00, 0x3F, 0xFF, 0x00, 0x3F, 0xFF, 0x00, 0x3F, 0xFF, 0x00, 0x3F,
  0xFE, 0x00, 0x3F, 0xFE, 0x00, 0x3F, 0xFE, 0x00, 0x3F, 0xFE, 0x00, 0x3F,
  0xFE, 0x00, 0x3F, 0xFE, 0x00, 0x3F, 0xFE, 0x00, 0x3F, 0xFE, 0x00, 0x3F,
  0xFE, 0x00, 0x3F, 0xFE, 0x00, 0x3F, 0xFE, 0x00, 0x3F, 0xFE, 0x00, 0x3F,
  0xFE, 0xFC, 0x3F, 0xFE, 0xFF, 0xFF, 0xFE, 0xFF, 0xFF, 0xFE, 0xFF, 0xFF,
  0xFE, 0xFF, 0xFF, 0xFE, 0xFF, 0xFF, 0xFE, 0xFF, 0xFF, 0xFE, 0xFF, 0xFF,
  0xFE, 0xFF, 0xFF, 0xFE, 0xFF, 0xFF, 0xFE, 0x00, 0x1F, 0xFF, 0x00, 0x00,
  0x0F, 0xFF, 0xE0, 0x00, 0x03, 0xFF, 0xF8, 0x00, 0x01, 0xFF, 0xFF, 0x00,
  0x00, 0x7F, 0xFF, 0xC0, 0x00, 0x3F, 0xFF, 0xF8, 0x00, 0x0F, 0xFF, 0xFE,
  0x00, 0x07, 0xFF, 0xFF, 0x80, 0x01, 0xFF, 0xFF, 0xF0, 0x00, 0xFF, 0xFF,
  0xFC, 0x00, 0x3F, 0xFF, 0xFF, 0x80, 0x0F, 0xFF, 0xFF, 0xE0, 0x07, 0xFF,
  0xFF, 0xF8, 0x01, 0xFF, 0xFF, 0xFF, 0x00, 0xFF, 0xFB, 0xFF, 0xC0, 0x3F,
  0xFE, 0xFF, 0xF8, 0x1F, 0xFF, 0x3F, 0xFE, 0x07, 0xFF, 0xC7, 0xFF, 0xC3,
  0xFF, 0xF1, 0xFF, 0xF0, 0xFF, 0xF8, 0x7F, 0xFC, 0x7F, 0xFE, 0x1F, 0xFF,
  0x9F, 0xFF, 0x83, 0xFF, 0xEF, 0xFF, 0xC0, 0xFF, 0xFB, 0xFF, 0xF0, 0x3F,
  0xFF, 0x0F, 0xFC, 0x07, 0xFF, 0xC0, 0x3E, 0x01, 0xFF, 0xE0, 0x00, 0x80,
  0x7F, 0x00, 0x00, 0x00, 0x08, 0x00, 0x00, 0x00, 0x3F, 0xFF, 0xFF, 0xFF,
  0xFF, 0xFF, 0xFF, 0xFF, 0xFF, 0xFF, 0xFF, 0xFF, 0xFF, 0xFF, 0xFF, 0xDF,
  0xFF, 0xFF, 0xBF, 0xFF, 0xFF, 0x7F, 0xFF, 0xFE, 0xFF, 0xFF, 0xFD, 0xFF,
  0xFF, 0xFB, 0xFF, 0xFF, 0xF0, 0x02, 0x00, 0x00, 0x30, 0x00, 0x07, 0x80,
  0x00, 0xFC, 0x00, 0x1F, 0xE0, 0x03, 0xFF, 0x00, 0x3F, 0xF8, 0x07, 0xFF,
  0xC0, 0xFF, 0xFE, 0x03, 0xFF, 0xF0, 0x1F, 0xFF, 0x80, 0x7F, 0xFC, 0x01,
  0xFF, 0xE0, 0x0F, 0xFF, 0x00, 0x3F, 0xF0, 0x01, 0xFE, 0x00, 0x0F, 0xC0,
  0x00, 0x38, 0x00, 0x01, 0x00, 0x00, 0x00, 0x00, 0x03, 0x80, 0x00, 0x00,
  0x0F, 0xFF, 0xFE, 0x00, 0x00, 0x00, 0x7F, 0xFF, 0xFC, 0x00, 0x00, 0x01,
  0xFF, 0xFF, 0xF0, 0x00, 0x00, 0x07, 0xFF, 0xFF, 0xC0, 0x00, 0x00, 0x3F,
  0xFF, 0xFF, 0x00, 0x00, 0x00, 0xFF, 0xFF, 0xFE, 0x00, 0x00, 0x03, 0xFF,
  0xFF, 0xF8, 0x00, 0x00, 0x0F, 0xFF, 0xFF, 0xE0, 0x00, 0x00, 0x7F, 0xFF,
  0xFF, 0xC0, 0x00, 0x01, 0xFF, 0xFF, 0xFF, 0x00, 0x00, 0x07, 0xFF, 0xFF,
  0xFC, 0x00, 0x00, 0x3F, 0xFF, 0xFF, 0xF0, 0x00, 0x00, 0xFF, 0xFF, 0xFF,
  0xE0, 0x00, 0x03, 0xFF, 0xFF, 0xFF, 0x80, 0x00, 0x1F, 0xFF, 0xFF, 0xFE,
  0x00, 0x00, 0x7F, 0xFF, 0xFF, 0xFC, 0x00, 0x01, 0xFF, 0xFF, 0xFF, 0xF0,
  0x00, 0x07, 0xFF, 0xFF, 0xFF, 0xC0, 0x00, 0x3F, 0xFF, 0xFF, 0xFF, 0x80,
  0x00, 0xFF, 0xFE, 0xFF, 0xFE, 0x00, 0x03, 0xFF, 0xFB, 0xFF, 0xF8, 0x00,
  0x1F, 0xFF, 0xEF, 0xFF, 0xE0, 0x00, 0x7F, 0xFF, 0x3F, 0xFF, 0xC0, 0x01,
  0xFF, 0xFC, 0x7F, 0xFF, 0x00, 0x0F, 0xFF, 0xF1, 0xFF, 0xFC, 0x00, 0x3F,
  0xFF, 0xC7, 0xFF, 0xF8, 0x00, 0xFF, 0xFE, 0x1F, 0xFF, 0xE0, 0x03, 0xFF,
  0xF8, 0x7F, 0xFF, 0x80, 0x1F, 0xFF, 0xE0, 0xFF, 0xFE, 0x00, 0x7F, 0xFF,
  0x83, 0xFF, 0xFC, 0x01, 0xFF, 0xFF, 0xFF, 0xFF, 0xF0, 0x0F, 0xFF, 0xFF,
  0xFF, 0xFF, 0xC0, 0x3F, 0xFF, 0xFF, 0xFF, 0xFF, 0x80, 0xFF, 0xFF, 0xFF,
  0xFF, 0xFE, 0x07, 0xFF, 0xFF, 0xFF, 0xFF, 0xF8, 0x1F, 0xFF, 0xFF, 0xFF,
  0xFF, 0xE0, 0x7F, 0xFF, 0xFF, 0xFF, 0xFF, 0xC1, 0xFF, 0xFF, 0xFF, 0xFF,
  0xFF, 0x0F, 0xFF, 0xFF, 0xFF, 0xFF, 0xFC, 0x3F, 0xFF, 0xFF, 0xFF, 0xFF,
  0xF8, 0xFF, 0xFF, 0x80, 0x7F, 0xFF, 0xE7, 0xFF, 0xFE, 0x01, 0xFF, 0xFF,
  0x9F, 0xFF, 0xF8, 0x03, 0xFF, 0xFE, 0x7F, 0xFF, 0xE0, 0x0F, 0xFF, 0xFF,
  0xFF, 0xFF, 0x00, 0x3F, 0xFF, 0xFF, 0xFF, 0xFC, 0x00, 0x7F, 0xFF, 0xFF,
  0xFF, 0xF0, 0x01, 0xFF, 0xF8, 0x00, 0x3F, 0xC0, 0x07, 0xE0, 0x00, 0x00,
  0x01, 0xE0, 0x00, 0x00, 0x00, 0xFF, 0xFF, 0xC0, 0x00, 0x0F, 0xFF, 0xFF,
  0xF8, 0x00, 0x7F, 0xFF, 0xFF, 0xFE, 0x00, 0xFF, 0xFF, 0xFF, 0xFF, 0x80,
  0xFF, 0xFF, 0xFF, 0xFF, 0xC0, 0xFF, 0xFF, 0xFF, 0xFF, 0xE0, 0xFF, 0xFF,
  0xFF, 0xFF, 0xF0, 0xFF, 0xFF, 0xFF, 0xFF, 0xF0, 0xFF, 0xFF, 0xFF, 0xFF,
  0xF8, 0xFF, 0xFF, 0xFF, 0xFF, 0xF8, 0xFF, 0xFF, 0xFF, 0xFF, 0xFC, 0xFF,
  0xFF, 0xFF, 0xFF, 0xFC, 0xFF, 0xFF, 0xFF, 0xFF, 0xFC, 0xFF, 0xFF, 0xFF,
  0xFF, 0xFC, 0xFF, 0xFF, 0x8F, 0xFF, 0xFC, 0xFF, 0xFF, 0x03, 0xFF, 0xFC,
  0xFF, 0xFF, 0x03, 0xFF, 0xFC, 0xFF, 0xFF, 0x03, 0xFF, 0xFC, 0xFF, 0xFF,
  0x03, 0xFF, 0xFC, 0xFF, 0xFF, 0x03, 0xFF, 0xF8, 0xFF, 0xFF, 0x03, 0xFF,
  0xF8, 0xFF, 0xFF, 0x0F, 0xFF, 0xF0, 0xFF, 0xFF, 0x7F, 0xFF, 0xE0, 0xFF,
  0xFF, 0xFF, 0xFF, 0xC0, 0xFF, 0xFF, 0xFF, 0xFF, 0x00, 0xFF, 0xFF, 0xFF,
  0xFE, 0x00, 0xFF, 0xFF, 0xFF, 0xFF, 0xC0, 0xFF, 0xFF, 0xFF, 0xFF, 0xE0,
  0xFF, 0xFF, 0xFF, 0xFF, 0xF0, 0xFF, 0xFF, 0x0F, 0xFF, 0xF8, 0xFF, 0xFF,
  0x07, 0xFF, 0xFC, 0xFF, 0xFF, 0x03, 0xFF, 0xFE, 0xFF, 0xFF, 0x03, 0xFF,
  0xFE, 0xFF, 0xFF, 0x01, 0xFF, 0xFE, 0xFF, 0xFF, 0x03, 0xFF, 0xFF, 0xFF,
  0xFF, 0x03, 0xFF, 0xFF, 0xFF, 0xFF, 0x07, 0xFF, 0xFF, 0xFF, 0xFF, 0x1F,
  0xFF, 0xFF, 0xFF, 0xFF, 0xFF, 0xFF, 0xFF, 0xFF, 0xFF, 0xFF, 0xFF, 0xFF,
  0xFF, 0xFF, 0xFF, 0xFF, 0xFF, 0xFF, 0xFF, 0xFF, 0xFF, 0xFF, 0xFF, 0xFF,
  0xFF, 0xFF, 0xFE, 0xFF, 0xFF, 0xFF, 0xFF, 0xFE, 0xFF, 0xFF, 0xFF, 0xFF,
  0xFC, 0xFF, 0xFF, 0xFF, 0xFF, 0xF8, 0xFF, 0xFF, 0xFF, 0xFF, 0xF0, 0xFF,
  0xFF, 0xFF, 0xFF, 0xC0, 0x3F, 0xFF, 0xFF, 0xFF, 0x00, 0x07, 0xFF, 0xFF,
  0xF8, 0x00, 0x00, 0x1F, 0xFF, 0x00, 0x00, 0x00, 0x00, 0x3F, 0xFE, 0x00,
  0x00, 0x3F, 0xFF, 0xF8, 0x00, 0x3F, 0xFF, 0xFF, 0x00, 0x0F, 0xFF, 0xFF,
  0xE0, 0x07, 0xFF, 0xFF, 0xFC, 0x01, 0xFF, 0xFF, 0xFF, 0x80, 0x7F, 0xFF,
  0xFF, 0xE0, 0x1F, 0xFF, 0xFF, 0xFC, 0x07, 0xFF, 0xFF, 0xFF, 0x81, 0xFF,
  0xFF, 0xFF, 0xF0, 0x3F, 0xFF, 0xFF, 0xFE, 0x0F, 0xFF, 0xFF, 0xFF, 0xC1,
  0xFF, 0xFF, 0xFF, 0xF8, 0x7F, 0xFF, 0xFF, 0xFF, 0x0F, 0xFF, 0xFF, 0xFF,
  0xE3, 0xFF, 0xFF, 0xFF, 0xFC, 0x7F, 0xFF, 0xFF, 0x00, 0x0F, 0xFF, 0xFF,
  0x00, 0x03, 0xFF, 0xFF, 0xC0, 0x00, 0x7F, 0xFF, 0xF0, 0x00, 0x0F, 0xFF,
  0xFC, 0x00, 0x01, 0xFF, 0xFF, 0x00, 0x00, 0x3F, 0xFF, 0xE0, 0x00, 0x07,
  0xFF, 0xFC, 0x00, 0x00, 0xFF, 0xFF, 0x00, 0x00, 0x1F, 0xFF, 0xE0, 0x00,
  0x03, 0xFF, 0xFC, 0x00, 0x00, 0x7F, 0xFF, 0x80, 0x00, 0x0F, 0xFF, 0xF0,
  0x00, 0x01, 0xFF, 0xFF, 0x00, 0x00, 0x3F, 0xFF, 0xE0, 0x00, 0x07, 0xFF,
  0xFE, 0x00, 0x03, 0xFF, 0xFF, 0xE0, 0x01, 0xFF, 0xFF, 0xFF, 0x01, 0xFD,
  0xFF, 0xFF, 0xFF, 0xFF, 0x3F, 0xFF, 0xFF, 0xFF, 0xE7, 0xFF, 0xFF, 0xFF,
  0xFC, 0x7F, 0xFF, 0xFF, 0xFF, 0x8F, 0xFF, 0xFF, 0xFF, 0xF0, 0xFF, 0xFF,
  0xFF, 0xFE, 0x0F, 0xFF, 0xFF, 0xFF, 0xC1, 0xFF, 0xFF, 0xFF, 0xF8, 0x1F,
  0xFF, 0xFF, 0xFF, 0x01, 0xFF, 0xFF, 0xFF, 0xE0, 0x1F, 0xFF, 0xFF, 0xFC,
  0x01, 0xFF, 0xFF, 0xFF, 0x80, 0x0F, 0xFF, 0xFF, 0xF0, 0x00, 0xFF, 0xFF,
  0xFC, 0x00, 0x03, 0xFF, 0xFC, 0x00, 0x00, 0x0F, 0xF8, 0x00, 0x00, 0x0F,
  0xF0, 0x00, 0x00, 0x1F, 0xFF, 0xFF, 0x00, 0x01, 0xFF, 0xFF, 0xFF, 0xC0,
  0x07, 0xFF, 0xFF, 0xFF, 0xE0, 0x0F, 0xFF, 0xFF, 0xFF, 0xE0, 0x1F, 0xFF,
  0xFF, 0xFF, 0xE0, 0x3F, 0xFF, 0xFF, 0xFF, 0xE0, 0x7F, 0xFF, 0xFF, 0xFF,
  0xE0, 0xFF, 0xFF, 0xFF, 0xFF, 0xE1, 0xFF, 0xFF, 0xFF, 0xFF, 0xE3, 0xFF,
  0xFF, 0xFF, 0xFF, 0xC7, 0xFF, 0xFF, 0xFF, 0xFF, 0xCF, 0xFF, 0xFF, 0xFF,
  0xFF, 0x9F, 0xFF, 0xFF, 0xFF, 0xFF, 0xBF, 0xFF, 0xFF, 0xFF, 0xFF, 0x7F,
  0xFF, 0xC3, 0xFF, 0xFE, 0xFF, 0xFF, 0x83, 0xFF, 0xFF, 0xFF, 0xFF, 0x03,
  0xFF, 0xFF, 0xFF, 0xFE, 0x03, 0xFF, 0xFF, 0xFF, 0xFC, 0x07, 0xFF, 0xFF,
  0xFF, 0xF0, 0x0F, 0xFF, 0xFF, 0xFF, 0xE0, 0x0F, 0xFF, 0xFF, 0xFF, 0xC0,
  0x1F, 0xFF, 0xFF, 0xFF, 0x80, 0x3F, 0xFF, 0xFF, 0xFF, 0x00, 0x7F, 0xFF,
  0xFF, 0xFE, 0x00, 0xFF, 0xFF, 0xFF, 0xFC, 0x01, 0xFF, 0xFF, 0xFF, 0xF8,
  0x07, 0xFF, 0xEF, 0xFF, 0xF0, 0x0F, 0xFF, 0xDF, 0xFF, 0xE0, 0x3F, 0xFF,
  0xBF, 0xFF, 0xC0, 0x7F, 0xFF, 0x7F, 0xFF, 0x81, 0xFF, 0xFC, 0xFF, 0xFF,
  0x07, 0xFF, 0xF9, 0xFF, 0xFE, 0x3F, 0xFF, 0xE3, 0xFF, 0xFD, 0xFF, 0xFF,
  0xC7, 0xFF, 0xFF, 0xFF, 0xFF, 0x0F, 0xFF, 0xFF, 0xFF, 0xFE, 0x1F, 0xFF,
  0xFF, 0xFF, 0xF8, 0x3F, 0xFF, 0xFF, 0xFF, 0xE0, 0x7F, 0xFF, 0xFF, 0xFF,
  0x80, 0xFF, 0xFF, 0xFF, 0xFE, 0x01, 0xFF, 0xFF, 0xFF, 0xF8, 0x03, 0xFF,
  0xFF, 0xFF, 0xC0, 0x07, 0xFF, 0xFF, 0xFF, 0x00, 0x0F, 0xFF, 0xFF, 0xF8,
  0x00, 0x1F, 0xFF, 0xFF, 0x80, 0x00, 0x3F, 0xFF, 0xF8, 0x00, 0x00, 0x7F,
  0xFE, 0x00, 0x00, 0x00, 0x00, 0x00, 0xFF, 0xE0, 0x00, 0x00, 0x0F, 0xFF,
  0xF0, 0x00, 0x00, 0x7F, 0xFF, 0xF8, 0x00, 0x01, 0xFF, 0xFF, 0xF8, 0x00,
  0x0F, 0xFF, 0xFF, 0xF8, 0x00, 0x3F, 0xFF, 0xFF, 0xF8, 0x00, 0xFF, 0xFF,
  0xFF, 0xF8, 0x01, 0xFF, 0xFF, 0xFF, 0xF8, 0x07, 0xFF, 0xFF, 0xFF, 0xF0,
  0x1F, 0xFF, 0xFF, 0xFF, 0xF0, 0x3F, 0xFF, 0xFF, 0xFF, 0xE0, 0xFF, 0xFF,
  0xFF, 0xFF, 0xE1, 0xFF, 0xFF, 0xFF, 0xFF, 0xC7, 0xFF, 0xFF, 0xFF, 0xFF,
  0x8F, 0xFF, 0xFE, 0xFF, 0xFF, 0xBF, 0xFF, 0xF0, 0x7F, 0xFF, 0x7F, 0xFF,
  0xC0, 0x7F, 0xFE, 0xFF, 0xFF, 0x00, 0xFF, 0xFF, 0xFF, 0xFC, 0x01, 0xFF,
  0xFF, 0xFF, 0xF8, 0x01, 0xFF, 0xFF, 0xFF, 0xF0, 0x03, 0xFF, 0xFF, 0xFF,
  0xC1, 0xFF, 0xFF, 0xFF, 0xFF, 0xFF, 0xFF, 0xFF, 0xFF, 0xFF, 0xFF, 0xFF,
  0xFF, 0xFF, 0xFF, 0xFF, 0xFF, 0xFF, 0xFF, 0xFF, 0xFF, 0xFF, 0xFF, 0xFF,
  0xFF, 0xFF, 0xFF, 0xFF, 0xFF, 0xFF, 0xFF, 0xFF, 0xFF, 0xFF, 0xFF, 0xFF,
  0xF8, 0x1F, 0xFF, 0xFF, 0xF0, 0x00, 0x3F, 0xFF, 0xF8, 0x00, 0x00, 0x7F,
  0xFF, 0x80, 0x00, 0x10, 0xFF, 0xFF, 0x00, 0x00, 0x61, 0xFF, 0xFF, 0x00,
  0x03, 0xC1, 0xFF, 0xFF, 0x00, 0x1F, 0x83, 0xFF, 0xFF, 0x00, 0xFF, 0x07,
  0xFF, 0xFF, 0xFF, 0xFC, 0x07, 0xFF, 0xFF, 0xFF, 0xF8, 0x0F, 0xFF, 0xFF,
  0xFF, 0xF0, 0x1F, 0xFF, 0xFF, 0xFF, 0xE0, 0x1F, 0xFF, 0xFF, 0xFF, 0xC0,
  0x1F, 0xFF, 0xFF, 0xFF, 0x80, 0x3F, 0xFF, 0xFF, 0xFF, 0x00, 0x3F, 0xFF,
  0xFF, 0xFE, 0x00, 0x3F, 0xFF, 0xFF, 0xFC, 0x00, 0x3F, 0xFF, 0xFF, 0xF0,
  0x00, 0x3F, 0xFF, 0xFF, 0xE0, 0x00, 0x3F, 0xFF, 0xFF, 0xC0, 0x00, 0x1F,
  0xFF, 0xFE, 0x00, 0x00, 0x0F, 0xFF, 0xF0, 0x00, 0x00, 0x03, 0xFE, 0x00,
  0x00, 0x3F, 0xFF, 0xFF, 0xFF, 0xCF, 0xFF, 0xFF, 0xFF, 0xE3, 0xFF, 0xFF,
  0xFF, 0xF9, 0xFF, 0xFF, 0xFF, 0xFE, 0x7F, 0xFF, 0xFF, 0xFF, 0x9F, 0xFF,
  0xFF, 0xFF, 0xE7, 0xFF, 0xFF, 0xFF, 0xF9, 0xFF, 0xFF, 0xFF, 0xFE, 0x7F,
  0xFF, 0xFF, 0xFF, 0x9F, 0xFF, 0xFF, 0xFF, 0xE7, 0xFF, 0xFF, 0xFF, 0xF9,
  0xFF, 0xFF, 0xFF, 0xFE, 0x7F, 0xFF, 0xFF, 0xFF, 0x9F, 0xFF, 0xF0, 0x00,
  0x07, 0xFF, 0xFC, 0x00, 0x01, 0xFF, 0xFF, 0x00, 0x00, 0x7F, 0xFF, 0xC0,
  0x00, 0x1F, 0xFF, 0xF0, 0x00, 0x07, 0xFF, 0xFF, 0xFF, 0xE1, 0xFF, 0xFF,
  0xFF, 0xF8, 0x7F, 0xFF, 0xFF, 0xFE, 0x1F, 0xFF, 0xFF, 0xFF, 0x87, 0xFF,
  0xFF, 0xFF, 0xE1, 0xFF, 0xFF, 0xFF, 0xF0, 0x7F, 0xFF, 0xFF, 0xFC, 0x1F,
  0xFF, 0xFF, 0xFF, 0x07, 0xFF, 0xFF, 0xFF, 0xC1, 0xFF, 0xFF, 0xFF, 0xF0,
  0x7F, 0xFF, 0xFF, 0xF8, 0x1F, 0xFF, 0xF0, 0x00, 0x07, 0xFF, 0xFC, 0x00,
  0x01, 0xFF, 0xFF, 0x00, 0x00, 0x7F, 0xFF, 0xC0, 0x00, 0x1F, 0xFF, 0xF0,
  0x00, 0x07, 0xFF, 0xFC, 0x00, 0x01, 0xFF, 0xFF, 0x00, 0x00, 0x7F, 0xFF,
  0xC0, 0x00, 0x1F, 0xFF, 0xF0, 0x00, 0x07, 0xFF, 0xFC, 0x00, 0x01, 0xFF,
  0xFF, 0x00, 0x00, 0x7F, 0xFF, 0xC0, 0x00, 0x1F, 0xFF, 0xF0, 0x00, 0x07,
  0xFF, 0xFC, 0x00, 0x01, 0xFF, 0xFF, 0x00, 0x00, 0x7F, 0xFF, 0xC0, 0x00,
  0x1F, 0xFF, 0xF0, 0x00, 0x07, 0xFF, 0xFC, 0x00, 0x03, 0xFF, 0xFF, 0x00,
  0x00, 0x00, 0x00, 0x00, 0xFC, 0x00, 0x00, 0x00, 0x01, 0xFF, 0xFF, 0x00,
  0x00, 0x00, 0xFF, 0xFF, 0xFE, 0x00, 0x00, 0x3F, 0xFF, 0xFF, 0xF0, 0x00,
  0x07, 0xFF, 0xFF, 0xFF, 0x00, 0x01, 0xFF, 0xFF, 0xFF, 0xE0, 0x00, 0x3F,
  0xFF, 0xFF, 0xFE, 0x00, 0x07, 0xFF, 0xFF, 0xFF, 0xE0, 0x00, 0xFF, 0xFF,
  0xFF, 0xFE, 0x00, 0x1F, 0xFF, 0xFF, 0xFF, 0xE0, 0x03, 0xFF, 0xFF, 0xFF,
  0xFE, 0x00, 0x7F, 0xFF, 0xFF, 0xFF, 0xE0, 0x07, 0xFF, 0xFF, 0xFF, 0xFE,
  0x00, 0xFF, 0xFF, 0xFF, 0xFF, 0xE0, 0x0F, 0xFF, 0xFF, 0xFF, 0xFE, 0x01,
  0xFF, 0xFF, 0xFC, 0x00, 0xE0, 0x1F, 0xFF, 0xFE, 0x00, 0x00, 0x03, 0xFF,
  0xFF, 0xC0, 0x00, 0x00, 0x3F, 0xFF, 0xF8, 0x00, 0x00, 0x03, 0xFF, 0xFF,
  0x00, 0x00, 0x00, 0x7F, 0xFF, 0xE0, 0x00, 0x00, 0x07, 0xFF, 0xFC, 0x1F,
  0xFF, 0xFE, 0x7F, 0xFF, 0xC3, 0xFF, 0xFF, 0xE7, 0xFF, 0xFC, 0x3F, 0xFF,
  0xFE, 0x7F, 0xFF, 0x83, 0xFF, 0xFF, 0xEF, 0xFF, 0xF8, 0x3F, 0xFF, 0xFE,
  0xFF, 0xFF, 0x83, 0xFF, 0xFF, 0xEF, 0xFF, 0xF8, 0x3F, 0xFF, 0xFE, 0xFF,
  0xFF, 0x83, 0xFF, 0xFF, 0xEF, 0xFF, 0xFC, 0x3F, 0xFF, 0xFE, 0xFF, 0xFF,
  0xC3, 0xFF, 0xFF, 0xEF, 0xFF, 0xFC, 0x3F, 0xFF, 0xFE, 0x7F, 0xFF, 0xE0,
  0x03, 0xFF, 0xE7, 0xFF, 0xFF, 0x00, 0x3F, 0xFF, 0x7F, 0xFF, 0xF8, 0x03,
  0xFF, 0xF7, 0xFF, 0xFF, 0xC0, 0xFF, 0xFF, 0x3F, 0xFF, 0xFF, 0xFF, 0xFF,
  0xF3, 0xFF, 0xFF, 0xFF, 0xFF, 0xFF, 0x3F, 0xFF, 0xFF, 0xFF, 0xFF, 0xF1,
  0xFF, 0xFF, 0xFF, 0xFF, 0xFF, 0x1F, 0xFF, 0xFF, 0xFF, 0xFF, 0xF0, 0xFF,
  0xFF, 0xFF, 0xFF, 0xFF, 0x07, 0xFF, 0xFF, 0xFF, 0xFF, 0xF0, 0x3F, 0xFF,
  0xFF, 0xFF, 0xFE, 0x03, 0xFF, 0xFF, 0xFF, 0xFF, 0xE0, 0x1F, 0xFF, 0xFF,
  0xFF, 0xF8, 0x00, 0x7F, 0xFF, 0xFF, 0xFF, 0x00, 0x03, 0xFF, 0xFF, 0xFF,
  0xC0, 0x00, 0x0F, 0xFF, 0xFF, 0xF8, 0x00, 0x00, 0x3F, 0xFF, 0xFC, 0x00,
  0x00, 0x00, 0x7F, 0xFE, 0x00, 0x00, 0x3F, 0x00, 0x00, 0x7F, 0xFF, 0x8F,
  0xFF, 0xF0, 0x1F, 0xFF, 0xE3, 0xFF, 0xFC, 0x07, 0xFF, 0xF8, 0xFF, 0xFF,
  0x01, 0xFF, 0xFE, 0x3F, 0xFF, 0xC0, 0x7F, 0xFF, 0x8F, 0xFF, 0xF0, 0x1F,
  0xFF, 0xE3, 0xFF, 0xFC, 0x07, 0xFF, 0xF8, 0xFF, 0xFF, 0x01, 0xFF, 0xFE,
  0x3F, 0xFF, 0xC0, 0x7F, 0xFF, 0x8F, 0xFF, 0xF0, 0x1F, 0xFF, 0xE7, 0xFF,
  0xFC, 0x07, 0xFF, 0xF9, 0xFF, 0xFF, 0x01, 0xFF, 0xFE, 0x7F, 0xFF, 0xC0,
  0x7F, 0xFF, 0x9F, 0xFF, 0xF0, 0x1F, 0xFF, 0xE7, 0xFF, 0xFC, 0x07, 0xFF,
  0xF9, 0xFF, 0xFF, 0x01, 0xFF, 0xFE, 0x7F, 0xFF, 0xC0, 0x7F, 0xFF, 0x9F,
  0xFF, 0xF0, 0x1F, 0xFF, 0xE7, 0xFF, 0xFC, 0x07, 0xFF, 0xF9, 0xFF, 0xFF,
  0x01, 0xFF, 0xFE, 0x7F, 0xFF, 0x80, 0x7F, 0xFF, 0x9F, 0xFF, 0xE0, 0x1F,
  0xFF, 0xE7, 0xFF, 0xF8, 0x07, 0xFF, 0xF9, 0xFF, 0xFE, 0x01, 0xFF, 0xFE,
  0x7F, 0xFF, 0x80, 0x7F, 0xFF, 0x9F, 0xFF, 0xE0, 0x1F, 0xFF, 0xE7, 0xFF,
  0xFF, 0xFF, 0xFF, 0xF9, 0xFF, 0xFF, 0xFF, 0xFF, 0xFE, 0x7F, 0xFF, 0xFF,
  0xFF, 0xFF, 0x9F, 0xFF, 0xFF, 0xFF, 0xFF, 0xE7, 0xFF, 0xFF, 0xFF, 0xFF,
  0xFD, 0xFF, 0xFF, 0xFF, 0xFF, 0xFF, 0x7F, 0xFF, 0xFF, 0xFF, 0xFF, 0xDF,
  0xFF, 0xFF, 0xFF, 0xFF, 0xF7, 0xFF, 0xF0, 0x0F, 0xFF, 0xFD, 0xFF, 0xFC,
  0x03, 0xFF, 0xFF, 0x7F, 0xFF, 0x00, 0xFF, 0xFF, 0xDF, 0xFF, 0xC0, 0x3F,
  0xFF, 0xF7, 0xFF, 0xF0, 0x0F, 0xFF, 0xFD, 0xFF, 0xFC, 0x01, 0xFF, 0xFF,
  0x7F, 0xFF, 0x00, 0x7F, 0xFF, 0xDF, 0xFF, 0xC0, 0x1F, 0xFF, 0xF7, 0xFF,
  0xF0, 0x07, 0xFF, 0xFD, 0xFF, 0xFC, 0x01, 0xFF, 0xFF, 0x7F, 0xFF, 0x00,
  0x7F, 0xFF, 0xDF, 0xFF, 0xC0, 0x1F, 0xFF, 0xF7, 0xFF, 0xF0, 0x07, 0xFF,
  0xFF, 0xFF, 0xFC, 0x01, 0xFF, 0xFF, 0xFF, 0xFF, 0x00, 0x00, 0x00, 0x00,
  0x00, 0x07, 0xFF, 0xFF, 0xFF, 0xFF, 0xFF, 0xFF, 0xFF, 0xF7, 0xFF, 0xFE,
  0xFF, 0xFF, 0xDF, 0xFF, 0xFB, 0xFF, 0xFE, 0x7F, 0xFF, 0xCF, 0xFF, 0xF9,
  0xFF, 0xFF, 0x3F, 0xFF, 0xE7, 0xFF, 0xFC, 0xFF, 0xFF, 0x9F, 0xFF, 0xF3,
  0xFF, 0xFE, 0x7F, 0xFF, 0xCF, 0xFF, 0xF9, 0xFF, 0xFF, 0x3F, 0xFF, 0xE7,
  0xFF, 0xFC, 0xFF, 0xFF, 0x9F, 0xFF, 0xF3, 0xFF, 0xFE, 0x7F, 0xFF, 0xCF,
  0xFF, 0xF9, 0xFF, 0xFF, 0x3F, 0xFF, 0xC7, 0xFF, 0xF8, 0xFF, 0xFF, 0x1F,
  0xFF, 0xE3, 0xFF, 0xFC, 0x7F, 0xFF, 0x8F, 0xFF, 0xF1, 0xFF, 0xFE, 0x3F,
  0xFF, 0xC7, 0xFF, 0xF8, 0xFF, 0xFF, 0x0F, 0xFF, 0xE1, 0xFF, 0xFC, 0x3F,
  0xFF, 0x87, 0xFF, 0xF0, 0xFF, 0xFE, 0x1F, 0xFF, 0xC3, 0xFF, 0xF8, 0x7F,
  0xFF, 0x0F, 0xFF, 0xC1, 0xFF, 0xF0, 0x00, 0x00, 0x01, 0xFF, 0xC0, 0x00,
  0x07, 0xFF, 0xF8, 0x00, 0x00, 0xFF, 0xFF, 0x00, 0x00, 0x1F, 0xFF, 0xE0,
  0x00, 0x03, 0xFF, 0xFC, 0x00, 0x00, 0x7F, 0xFF, 0x80, 0x00, 0x0F, 0xFF,
  0xF0, 0x00, 0x01, 0xFF, 0xFE, 0x00, 0x00, 0x1F, 0xFF, 0xC0, 0x00, 0x03,
  0xFF, 0xFC, 0x00, 0x00, 0x7F, 0xFF, 0x80, 0x00, 0x0F, 0xFF, 0xF0, 0x00,
  0x01, 0xFF, 0xFE, 0x00, 0x00, 0x3F, 0xFF, 0xC0, 0x00, 0x07, 0xFF, 0xF8,
  0x00, 0x00, 0xFF, 0xFF, 0x00, 0x00, 0x1F, 0xFF, 0xE0, 0x00, 0x03, 0xFF,
  0xFC, 0x00, 0x00, 0x7F, 0xFF, 0x80, 0x00, 0x0F, 0xFF, 0xF0, 0x00, 0x01,
  0xFF, 0xFE, 0x00, 0x00, 0x3F, 0xFF, 0xC0, 0x00, 0x07, 0xFF, 0xF8, 0x00,
  0x00, 0xFF, 0xFF, 0x00, 0x00, 0x1F, 0xFF, 0xE0, 0x00, 0x03, 0xFF, 0xFC,
  0x00, 0x00, 0x7F, 0xFF, 0x80, 0x00, 0x0F, 0xFF, 0xF0, 0x00, 0x01, 0xFF,
  0xFE, 0x00, 0x00, 0x3F, 0xFF, 0xC0, 0x00, 0x07, 0xFF, 0xF8, 0x00, 0x01,
  0xFF, 0xFE, 0x20, 0x00, 0x3F, 0xFF, 0xCE, 0x00, 0x0F, 0xFF, 0xF9, 0xF0,
  0x03, 0xFF, 0xFF, 0x3F, 0x80, 0xFF, 0xFF, 0xE7, 0xFF, 0xFF, 0xFF, 0xF8,
  0xFF, 0xFF, 0xFF, 0xFF, 0x1F, 0xFF, 0xFF, 0xFF, 0xC7, 0xFF, 0xFF, 0xFF,
  0xF8, 0xFF, 0xFF, 0xFF, 0xFF, 0x1F, 0xFF, 0xFF, 0xFF, 0xC3, 0xFF, 0xFF,
  0xFF, 0xF0, 0x7F, 0xFF, 0xFF, 0xFE, 0x0F, 0xFF, 0xFF, 0xFF, 0x81, 0xFF,
  0xFF, 0xFF, 0xE0, 0x3F, 0xFF, 0xFF, 0xF8, 0x01, 0xFF, 0xFF, 0xFC, 0x00,
  0x0F, 0xFF, 0xFF, 0x00, 0x00, 0x7F, 0xFF, 0x80, 0x00, 0x00, 0xFF, 0x00,
  0x00, 0x00, 0x60, 0x00, 0x00, 0x00, 0x00, 0x1F, 0xFF, 0xE0, 0x18, 0x00,
  0x07, 0xFF, 0xF8, 0x07, 0xF0, 0x01, 0xFF, 0xFE, 0x03, 0xFF, 0xC0, 0x7F,
  0xFF, 0x81, 0xFF, 0xFF, 0x1F, 0xFF, 0xC0, 0xFF, 0xFF, 0xFF, 0xFF, 0xF0,
  0x3F, 0xFF, 0xFB, 0xFF, 0xFC, 0x1F, 0xFF, 0xFC, 0xFF, 0xFF, 0x0F, 0xFF,
  0xFF, 0x3F, 0xFF, 0xC3, 0xFF, 0xFF, 0x8F, 0xFF, 0xF1, 0xFF, 0xFF, 0xC3,
  0xFF, 0xFC, 0xFF, 0xFF, 0xE0, 0xFF, 0xFF, 0x3F, 0xFF, 0xF0, 0x3F, 0xFF,
  0xDF, 0xFF, 0xF8, 0x0F, 0xFF, 0xFF, 0xFF, 0xFE, 0x03, 0xFF, 0xFF, 0xFF,
  0xFF, 0x00, 0xFF, 0xFF, 0xFF, 0xFF, 0x80, 0x3F, 0xFF, 0xFF, 0xFF, 0xC0,
  0x0F, 0xFF, 0xFF, 0xFF, 0xE0, 0x03, 0xFF, 0xFF, 0xFF, 0xF0, 0x00, 0xFF,
  0xFF, 0xFF, 0xFC, 0x00, 0x3F, 0xFF, 0xFF, 0xFE, 0x00, 0x0F, 0xFF, 0xFF,
  0xFF, 0x00, 0x03, 0xFF, 0xFF, 0xFF, 0x80, 0x00, 0xFF, 0xFF, 0xFF, 0xF0,
  0x00, 0x3F, 0xFF, 0xFF, 0xFC, 0x00, 0x0F, 0xFF, 0xFF, 0xFF, 0x80, 0x03,
  0xFF, 0xFF, 0xFF, 0xE0, 0x00, 0xFF, 0xFF, 0xFF, 0xFC, 0x00, 0x3F, 0xFF,
  0xFF, 0xFF, 0x80, 0x0F, 0xFF, 0xFF, 0xFF, 0xE0, 0x03, 0xFF, 0xFF, 0xFF,
  0xFC, 0x00, 0xFF, 0xFF, 0xFF, 0xFF, 0x00, 0x3F, 0xFF, 0xFF, 0xFF, 0xE0,
  0x0F, 0xFF, 0xFF, 0xFF, 0xFC, 0x03, 0xFF, 0xFF, 0xFF, 0xFF, 0x00, 0xFF,
  0xFD, 0xFF, 0xFF, 0xE0, 0x3F, 0xFF, 0x3F, 0xFF, 0xF8, 0x0F, 0xFF, 0xCF,
  0xFF, 0xFF, 0x03, 0xFF, 0xF1, 0xFF, 0xFF, 0xE0, 0xFF, 0xFC, 0x3F, 0xFF,
  0xF8, 0x3F, 0xFF, 0x07, 0xFF, 0xFF, 0x0F, 0xFF, 0xC1, 0xFF, 0xFF, 0xC3,
  0xFF, 0xF0, 0x3F, 0xFF, 0xF8, 0xFF, 0xFC, 0x07, 0xFF, 0xFE, 0x3F, 0xFF,
  0x00, 0xFF, 0xFF, 0xCF, 0xFF, 0xC0, 0x3F, 0xFF, 0xFB, 0xFF, 0xF0, 0x07,
  0xFF, 0xFC, 0xFF, 0xFC, 0x00, 0xFF, 0xC0, 0x3F, 0xFC, 0x00, 0x1E, 0x00,
  0x00, 0x7F, 0xFF, 0xE0, 0x01, 0xFF, 0xFF, 0x80, 0x07, 0xFF, 0xFC, 0x00,
  0x1F, 0xFF, 0xF0, 0x00, 0x7F, 0xFF, 0xC0, 0x03, 0xFF, 0xFF, 0x00, 0x0F,
  0xFF, 0xFC, 0x00, 0x3F, 0xFF, 0xF0, 0x00, 0xFF, 0xFF, 0xC0, 0x03, 0xFF,
  0xFF, 0x00, 0x0F, 0xFF, 0xFC, 0x00, 0x3F, 0xFF, 0xF0, 0x00, 0xFF, 0xFF,
  0xC0, 0x03, 0xFF, 0xFF, 0x00, 0x0F, 0xFF, 0xF8, 0x00, 0x3F, 0xFF, 0xE0,
  0x00, 0xFF, 0xFF, 0x80, 0x03, 0xFF, 0xFE, 0x00, 0x0F, 0xFF, 0xF8, 0x00,
  0x3F, 0xFF, 0xE0, 0x00, 0xFF, 0xFF, 0x80, 0x03, 0xFF, 0xFE, 0x00, 0x0F,
  0xFF, 0xF8, 0x00, 0x3F, 0xFF, 0xE0, 0x00, 0xFF, 0xFF, 0x80, 0x03, 0xFF,
  0xFE, 0x00, 0x0F, 0xFF, 0xF8, 0x00, 0x3F, 0xFF, 0xC0, 0x00, 0xFF, 0xFF,
  0x00, 0x03, 0xFF, 0xFC, 0x00, 0x0F, 0xFF, 0xF0, 0x00, 0x3F, 0xFF, 0xC0,
  0x00, 0xFF, 0xFF, 0xFF, 0xFF, 0xFF, 0xFF, 0xFF, 0xFF, 0xFF, 0xFF, 0xFF,
  0xFF, 0xFF, 0xFF, 0xFF, 0xFF, 0xFF, 0xFF, 0xFF, 0xFF, 0xFF, 0xFF, 0xFF,
  0xFF, 0xFF, 0xFF, 0xFF, 0xFF, 0xFF, 0xFE, 0xFF, 0xFF, 0xFF, 0xFB, 0xFF,
  0xFF, 0xFF, 0xEF, 0xFF, 0xFF, 0xFF, 0xBF, 0xFF, 0xFF, 0xFE, 0xFF, 0xFF,
  0xFF, 0xFB, 0xFF, 0xFF, 0xFF, 0xEF, 0xFF, 0xFF, 0xFF, 0xBF, 0xFF, 0xFF,
  0x80, 0xFF, 0xC0, 0x00, 0x00, 0x00, 0x00, 0x00, 0x7F, 0x80, 0x1F, 0xF0,
  0x00, 0x00, 0x7F, 0x0F, 0xFE, 0x03, 0xFF, 0xE0, 0x07, 0xFF, 0xF8, 0xFF,
  0xF8, 0x3F, 0xFF, 0x80, 0x3F, 0xFF, 0xCF, 0xFF, 0xE7, 0xFF, 0xFE, 0x01,
  0xFF, 0xFE, 0xFF, 0xFF, 0x7F, 0xFF, 0xF8, 0x0F, 0xFF, 0xFF, 0xFF, 0xFF,
  0xFF, 0xFF, 0xE0, 0x7F, 0xFF, 0xFF, 0xFF, 0xFF, 0xFF, 0xFF, 0x03, 0xFF,
  0xFF, 0xFF, 0xFF, 0xFF, 0xFF, 0xFC, 0x1F, 0xFF, 0xFF, 0xFF, 0xFF, 0xFF,
  0xFF, 0xE0, 0xFF, 0xFF, 0xFF, 0xFF, 0xFF, 0xFF, 0xFF, 0x07, 0xFF, 0xFF,
  0xFF, 0xFF, 0xFF, 0xFF, 0xFC, 0x7F, 0xFF, 0xFF, 0xFF, 0xFF, 0xFF, 0xFF,
  0xE3, 0xFF, 0xFF, 0xBF, 0xFF, 0xF9, 0xFF, 0xFF, 0x1F, 0xFF, 0xF1, 0xFF,
  0xFF, 0x8F, 0xFF, 0xF8, 0xFF, 0xFF, 0x87, 0xFF, 0xF8, 0x3F, 0xFF, 0xE7,
  0xFF, 0xFC, 0x3F, 0xFF, 0xC1, 0xFF, 0xFF, 0x3F, 0xFF, 0xC1, 0xFF, 0xFE,
  0x0F, 0xFF, 0xF9, 0xFF, 0xFE, 0x0F, 0xFF, 0xF0, 0x7F, 0xFF, 0xCF, 0xFF,
  0xF0, 0x7F, 0xFF, 0x83, 0xFF, 0xFE, 0x7F, 0xFF, 0x83, 0xFF, 0xFC, 0x1F,
  0xFF, 0xF3, 0xFF, 0xFC, 0x1F, 0xFF, 0xE0, 0xFF, 0xFF, 0x9F, 0xFF, 0xE0,
  0x7F, 0xFF, 0x03, 0xFF, 0xFC, 0xFF, 0xFF, 0x03, 0xFF, 0xF8, 0x1F, 0xFF,
  0xE7, 0xFF, 0xF8, 0x1F, 0xFF, 0xC0, 0xFF, 0xFF, 0x3F, 0xFF, 0xC0, 0xFF,
  0xFE, 0x07, 0xFF, 0xF9, 0xFF, 0xFE, 0x07, 0xFF, 0xF0, 0x3F, 0xFF, 0xCF,
  0xFF, 0xF0, 0x3F, 0xFF, 0x81, 0xFF, 0xFE, 0x7F, 0xFF, 0x81, 0xFF, 0xFC,
  0x1F, 0xFF, 0xF7, 0xFF, 0xFC, 0x0F, 0xFF, 0xE0, 0xFF, 0xFF, 0xBF, 0xFF,
  0xE0, 0x7F, 0xFF, 0x07, 0xFF, 0xFD, 0xFF, 0xFF, 0x07, 0xFF, 0xF8, 0x3F,
  0xFF, 0xEF, 0xFF, 0xF8, 0x3F, 0xFF, 0xC1, 0xFF, 0xFF, 0x7F, 0xFF, 0xC1,
  0xFF, 0xFE, 0x0F, 0xFF, 0xFB, 0xFF, 0xFE, 0x0F, 0xFF, 0xF0, 0x7F, 0xFF,
  0xDF, 0xFF, 0xF0, 0x7F, 0xFF, 0x83, 0xFF, 0xFE, 0xFF, 0xFF, 0x03, 0xFF,
  0xFC, 0x1F, 0xFF, 0xF7, 0xFF, 0xF8, 0x1F, 0xFF, 0xE0, 0xFF, 0xFF, 0xBF,
  0xFF, 0xC0, 0xFF, 0xFF, 0x07, 0xFF, 0xFD, 0xFF, 0xFE, 0x07, 0xFF, 0xF8,
  0x3F, 0xFF, 0xFF, 0xFF, 0xF0, 0x3F, 0xFF, 0xC3, 0xFF, 0xFF, 0xFF, 0xFF,
  0x81, 0xFF, 0xFC, 0x1F, 0xFF, 0xFF, 0xFF, 0xFC, 0x1F, 0xFF, 0xE0, 0xFF,
  0xFF, 0xFF, 0xFF, 0xE0, 0xFF, 0xFF, 0x07, 0xFF, 0xFF, 0xFF, 0xFF, 0x07,
  0xFF, 0xF8, 0x3F, 0xFF, 0xFF, 0xFF, 0xF8, 0x3F, 0xFF, 0xC1, 0xFF, 0xFF,
  0x7F, 0xFF, 0xC1, 0xFF, 0xFE, 0x0F, 0xFF, 0xFB, 0xFF, 0xFE, 0x0F, 0xFF,
  0xF0, 0x7F, 0xF8, 0x1F, 0xFF, 0xF0, 0x7F, 0xC0, 0x00, 0x00, 0x00, 0xFF,
  0xFF, 0x80, 0x00, 0x00, 0x00, 0x00, 0x00, 0x00, 0x00, 0x20, 0x1E, 0x00,
  0x03, 0xFF, 0xFE, 0x0F, 0xFC, 0x00, 0x3F, 0xFF, 0xE3, 0xFF, 0xF0, 0x03,
  0xFF, 0xFE, 0x7F, 0xFF, 0x80, 0x3F, 0xFF, 0xEF, 0xFF, 0xFC, 0x03, 0xFF,
  0xFF, 0xFF, 0xFF, 0xE0, 0x3F, 0xFF, 0xFF, 0xFF, 0xFF, 0x03, 0xFF, 0xFF,
  0xFF, 0xFF, 0xF0, 0x3F, 0xFF, 0xFF, 0xFF, 0xFF, 0x83, 0xFF, 0xFF, 0xFF,
  0xFF, 0xF8, 0x3F, 0xFF, 0xFF, 0xFF, 0xFF, 0xC3, 0xFF, 0xFF, 0xFF, 0xFF,
  0xFC, 0x3F, 0xFF, 0xFF, 0xFF, 0xFF, 0xC3, 0xFF, 0xFF, 0x8F, 0xFF, 0xFC,
  0x3F, 0xFF, 0xF0, 0x7F, 0xFF, 0xE3, 0xFF, 0xFF, 0x07, 0xFF, 0xFE, 0x3F,
  0xFF, 0xE0, 0x7F, 0xFF, 0xE3, 0xFF, 0xFE, 0x03, 0xFF, 0xFE, 0x3F, 0xFF,
  0xE0, 0x3F, 0xFF, 0xE3, 0xFF, 0xFE, 0x03, 0xFF, 0xFE, 0x3F, 0xFF, 0xC0,
  0x3F, 0xFF, 0xE7, 0xFF, 0xFC, 0x03, 0xFF, 0xFF, 0x7F, 0xFF, 0xC0, 0x3F,
  0xFF, 0xF7, 0xFF, 0xFC, 0x03, 0xFF, 0xFF, 0x7F, 0xFF, 0xC0, 0x3F, 0xFF,
  0xF7, 0xFF, 0xFC, 0x03, 0xFF, 0xFF, 0x7F, 0xFF, 0xC0, 0x3F, 0xFF, 0xF7,
  0xFF, 0xFC, 0x03, 0xFF, 0xFF, 0x7F, 0xFF, 0xC0, 0x3F, 0xFF, 0xF7, 0xFF,
  0xFC, 0x03, 0xFF, 0xFF, 0x7F, 0xFF, 0xC0, 0x3F, 0xFF, 0xF7, 0xFF, 0xFC,
  0x03, 0xFF, 0xFF, 0x7F, 0xFF, 0xC0, 0x3F, 0xFF, 0xF7, 0xFF, 0xFC, 0x03,
  0xFF, 0xFF, 0x7F, 0xFF, 0xC0, 0x7F, 0xFF, 0xF7, 0xFF, 0xFC, 0x07, 0xFF,
  0xFF, 0x7F, 0xFF, 0xC0, 0x7F, 0xFF, 0xF7, 0xFF, 0xFC, 0x07, 0xFF, 0xFF,
  0x7F, 0xFF, 0xC0, 0x7F, 0xFF, 0xF7, 0xFF, 0xFC, 0x07, 0xFF, 0xFF, 0xFF,
  0xFF, 0xC0, 0x7F, 0xFF, 0xFF, 0xFF, 0xFC, 0x07, 0xFF, 0xFF, 0xFF, 0xFF,
  0xC0, 0xFF, 0xFF, 0xFF, 0xFF, 0xFC, 0x0F, 0xFF, 0xFF, 0xFF, 0xFF, 0xC0,
  0xFF, 0xFF, 0xFF, 0xFF, 0xFC, 0x0F, 0xFF, 0xFF, 0xFF, 0xFF, 0xC0, 0xFF,
  0xFF, 0xFF, 0xFF, 0xFC, 0x0F, 0xFF, 0xFE, 0xFF, 0xFF, 0xC1, 0xFF, 0xFF,
  0xEF, 0xFE, 0x00, 0x00, 0x00, 0x00, 0x00, 0x00, 0x3F, 0x80, 0x00, 0x00,
  0x00, 0x3F, 0xFF, 0xC0, 0x00, 0x00, 0x0F, 0xFF, 0xFF, 0x00, 0x00, 0x03,
  0xFF, 0xFF, 0xFC, 0x00, 0x00, 0x7F, 0xFF, 0xFF, 0xE0, 0x00, 0x0F, 0xFF,
  0xFF, 0xFF, 0x80, 0x03, 0xFF, 0xFF, 0xFF, 0xFC, 0x00, 0x7F, 0xFF, 0xFF,
  0xFF, 0xE0, 0x07, 0xFF, 0xFF, 0xFF, 0xFE, 0x00, 0xFF, 0xFF, 0xFF, 0xFF,
  0xF0, 0x1F, 0xFF, 0xFF, 0xFF, 0xFF, 0x81, 0xFF, 0xFF, 0xFF, 0xFF, 0xF8,
  0x3F, 0xFF, 0xFF, 0xFF, 0xFF, 0xC3, 0xFF, 0xFF, 0xFF, 0xFF, 0xFC, 0x7F,
  0xFF, 0xFF, 0xFF, 0xFF, 0xC7, 0xFF, 0xFF, 0xFF, 0xFF, 0xFE, 0x7F, 0xFF,
  0xC0, 0x7F, 0xFF, 0xEF, 0xFF, 0xF8, 0x03, 0xFF, 0xFE, 0xFF, 0xFF, 0x00,
  0x1F, 0xFF, 0xEF, 0xFF, 0xE0, 0x01, 0xFF, 0xFE, 0xFF, 0xFE, 0x00, 0x0F,
  0xFF, 0xFF, 0xFF, 0xE0, 0x00, 0xFF, 0xFF, 0xFF, 0xFE, 0x00, 0x0F, 0xFF,
  0xFF, 0xFF, 0xE0, 0x00, 0xFF, 0xFF, 0xFF, 0xFE, 0x00, 0x0F, 0xFF, 0xFF,
  0xFF, 0xE0, 0x00, 0xFF, 0xFE, 0xFF, 0xFE, 0x00, 0x0F, 0xFF, 0xEF, 0xFF,
  0xF0, 0x01, 0xFF, 0xFE, 0xFF, 0xFF, 0x00, 0x1F, 0xFF, 0xEF, 0xFF, 0xF8,
  0x03, 0xFF, 0xFE, 0x7F, 0xFF, 0xC0, 0xFF, 0xFF, 0xC7, 0xFF, 0xFF, 0xFF,
  0xFF, 0xFC, 0x7F, 0xFF, 0xFF, 0xFF, 0xFF, 0xC3, 0xFF, 0xFF, 0xFF, 0xFF,
  0xF8, 0x3F, 0xFF, 0xFF, 0xFF, 0xFF, 0x81, 0xFF, 0xFF, 0xFF, 0xFF, 0xF0,
  0x0F, 0xFF, 0xFF, 0xFF, 0xFE, 0x00, 0xFF, 0xFF, 0xFF, 0xFF, 0xC0, 0x07,
  0xFF, 0xFF, 0xFF, 0xFC, 0x00, 0x3F, 0xFF, 0xFF, 0xFF, 0x80, 0x01, 0xFF,
  0xFF, 0xFF, 0xF0, 0x00, 0x07, 0xFF, 0xFF, 0xFC, 0x00, 0x00, 0x3F, 0xFF,
  0xFF, 0x80, 0x00, 0x00, 0xFF, 0xFF, 0xE0, 0x00, 0x00, 0x01, 0xFF, 0xF8,
  0x00, 0x00, 0x00, 0x01, 0xF0, 0x00, 0x00, 0x01, 0xFF, 0xFF, 0xC0, 0x00,
  0x1F, 0xFF, 0xFF, 0xF8, 0x00, 0xFF, 0xFF, 0xFF, 0xFE, 0x00, 0xFF, 0xFF,
  0xFF, 0xFF, 0x80, 0xFF, 0xFF, 0xFF, 0xFF, 0xC0, 0xFF, 0xFF, 0xFF, 0xFF,
  0xE0, 0xFF, 0xFF, 0xFF, 0xFF, 0xF0, 0xFF, 0xFF, 0xFF, 0xFF, 0xF8, 0xFF,
  0xFF, 0xFF, 0xFF, 0xFC, 0xFF, 0xFF, 0xFF, 0xFF, 0xFC, 0xFF, 0xFF, 0xFF,
  0xFF, 0xFE, 0xFF, 0xFF, 0xFF, 0xFF, 0xFE, 0xFF, 0xFF, 0xFF, 0xFF, 0xFF,
  0xFF, 0xFF, 0xE7, 0xFF, 0xFF, 0xFF, 0xFF, 0x81, 0xFF, 0xFF, 0xFF, 0xFF,
  0x80, 0xFF, 0xFF, 0xFF, 0xFF, 0x80, 0xFF, 0xFF, 0xFF, 0xFF, 0x80, 0x7F,
  0xFF, 0xFF, 0xFF, 0x80, 0x7F, 0xFF, 0xFF, 0xFF, 0x80, 0x7F, 0xFF, 0xFF,
  0xFF, 0x80, 0xFF, 0xFF, 0xFF, 0xFF, 0x80, 0xFF, 0xFF, 0xFF, 0xFF, 0x81,
  0xFF, 0xFE, 0xFF, 0xFF, 0x07, 0xFF, 0xFE, 0xFF, 0xFF, 0xFF, 0xFF, 0xFC,
  0xFF, 0xFF, 0xFF, 0xFF, 0xFC, 0xFF, 0xFF, 0xFF, 0xFF, 0xF8, 0xFF, 0xFF,
  0xFF, 0xFF, 0xF0, 0xFF, 0xFF, 0xFF, 0xFF, 0xE0, 0xFF, 0xFF, 0xFF, 0xFF,
  0xC0, 0xFF, 0xFF, 0xFF, 0xFF, 0x80, 0xFF, 0xFF, 0xFF, 0xFE, 0x00, 0xFF,
  0xFF, 0xFF, 0xF8, 0x00, 0xFF, 0xFF, 0xFF, 0xC0, 0x00, 0xFF, 0xFF, 0xF0,
  0x00, 0x00, 0xFF, 0xFF, 0x00, 0x00, 0x00, 0xFF, 0xFF, 0x00, 0x00, 0x00,
  0xFF, 0xFF, 0x00, 0x00, 0x00, 0xFF, 0xFF, 0x00, 0x00, 0x00, 0xFF, 0xFF,
  0x00, 0x00, 0x00, 0xFF, 0xFF, 0x00, 0x00, 0x00, 0xFF, 0xFF, 0x00, 0x00,
  0x00, 0xFF, 0xFF, 0x00, 0x00, 0x00, 0xFF, 0xFF, 0x00, 0x00, 0x00, 0xFF,
  0xFF, 0x00, 0x00, 0x00, 0xFF, 0xFF, 0x00, 0x00, 0x00, 0xFF, 0xFF, 0x00,
  0x00, 0x00, 0xFF, 0xFF, 0x00, 0x00, 0x00, 0xFF, 0xFF, 0x00, 0x00, 0x00,
  0x00, 0x00, 0x7F, 0xFF, 0x00, 0x00, 0x00, 0x01, 0xFF, 0xFF, 0xE0, 0x00,
  0x00, 0x07, 0xFF, 0xFF, 0xF8, 0x00, 0x00, 0x1F, 0xFF, 0xFF, 0xFE, 0x00,
  0x00, 0x3F, 0xFF, 0xFF, 0xFF, 0x00, 0x00, 0x7F, 0xFF, 0xFF, 0xFF, 0x80,
  0x01, 0xFF, 0xFF, 0xFF, 0xFF, 0xC0, 0x01, 0xFF, 0xFF, 0xFF, 0xFF, 0xE0,
  0x03, 0xFF, 0xFF, 0xFF, 0xFF, 0xF0, 0x07, 0xFF, 0xFF, 0xFF, 0xFF, 0xF8,
  0x0F, 0xFF, 0xFF, 0xFF, 0xFF, 0xF8, 0x0F, 0xFF, 0xFF, 0xFF, 0xFF, 0xFC,
  0x1F, 0xFF, 0xFF, 0xFF, 0xFF, 0xFC, 0x1F, 0xFF, 0xFF, 0xFF, 0xFF, 0xFE,
  0x3F, 0xFF, 0xFF, 0xFF, 0xFF, 0xFE, 0x3F, 0xFF, 0xFF, 0xFF, 0xFF, 0xFE,
  0x7F, 0xFF, 0xF8, 0x1F, 0xFF, 0xFF, 0x7F, 0xFF, 0xE0, 0x07, 0xFF, 0xFF,
  0x7F, 0xFF, 0xC0, 0x03, 0xFF, 0xFF, 0x7F, 0xFF, 0xC0, 0x03, 0xFF, 0xFF,
  0x7F, 0xFF, 0x80, 0x01, 0xFF, 0xFF, 0xFF, 0xFF, 0x80, 0x01, 0xFF, 0xFF,
  0xFF, 0xFF, 0x80, 0x01, 0xFF, 0xFF, 0xFF, 0xFF, 0x80, 0x01, 0xFF, 0xFF,
  0xFF, 0xFF, 0x80, 0x00, 0xFF, 0xFF, 0xFF, 0xFF, 0x80, 0x01, 0xFF, 0xFF,
  0xFF, 0xFF, 0x80, 0x01, 0xFF, 0xFF, 0x7F, 0xFF, 0x80, 0x01, 0xFF, 0xFF,
  0x7F, 0xFF, 0xC0, 0x03, 0xFF, 0xFF, 0x7F, 0xFF, 0xC0, 0x03, 0xFF, 0xFF,
  0x7F, 0xFF, 0xE0, 0x07, 0xFF, 0xFE, 0x7F, 0xFF, 0xF0, 0x0F, 0xFF, 0xFE,
  0x3F, 0xFF, 0xFF, 0xFF, 0xFF, 0xFE, 0x3F, 0xFF, 0xFF, 0xFF, 0xFF, 0xFC,
  0x1F, 0xFF, 0xFF, 0xFF, 0xFF, 0xFC, 0x1F, 0xFF, 0xFF, 0xFF, 0xFF, 0xF8,
  0x0F, 0xFF, 0xFF, 0xFF, 0xFF, 0xF8, 0x0F, 0xFF, 0xFF, 0xFF, 0xFF, 0xF0,
  0x07, 0xFF, 0xFF, 0xFF, 0xFF, 0xE0, 0x03, 0xFF, 0xFF, 0xFF, 0xFF, 0xE0,
  0x01, 0xFF, 0xFF, 0xFF, 0xFF, 0xC0, 0x00, 0xFF, 0xFF, 0xFF, 0xFF, 0x80,
  0x00, 0x7F, 0xFF, 0xFF, 0xFF, 0x80, 0x00, 0x3F, 0xFF, 0xFF, 0xFF, 0xC0,
  0x00, 0x0F, 0xFF, 0xFF, 0xFF, 0xE0, 0x00, 0x03, 0xFF, 0xFF, 0xFF, 0xF0,
  0x00, 0x00, 0xFF, 0xFF, 0xFF, 0xF8, 0x00, 0x00, 0x0F, 0xFB, 0xFF, 0xF8,
  0x00, 0x00, 0x00, 0x03, 0xFF, 0xF0, 0x00, 0x00, 0x00, 0x03, 0xFF, 0xC0,
  0x00, 0x00, 0x00, 0x01, 0xFF, 0x00, 0x00, 0x00, 0x00, 0x01, 0xFE, 0x00,
  0x00, 0x00, 0x00, 0x00, 0xF8, 0x00, 0x00, 0x00, 0x00, 0x00, 0xF0, 0x00,
  0x00, 0x00, 0x00, 0x00, 0xC0, 0x00, 0x00, 0x00, 0x00, 0x00, 0x80, 0x00,
  0x00, 0x07, 0xFF, 0x80, 0x00, 0x00, 0xFF, 0xFF, 0xFC, 0x00, 0x07, 0xFF,
  0xFF, 0xFF, 0xC0, 0x07, 0xFF, 0xFF, 0xFF, 0xF8, 0x03, 0xFF, 0xFF, 0xFF,
  0xFE, 0x03, 0xFF, 0xFF, 0xFF, 0xFF, 0x81, 0xFF, 0xFF, 0xFF, 0xFF, 0xE0,
  0xFF, 0xFF, 0xFF, 0xFF, 0xF8, 0x7F, 0xFF, 0xFF, 0xFF, 0xFE, 0x3F, 0xFF,
  0xFF, 0xFF, 0xFF, 0x1F, 0xFF, 0xFF, 0xFF, 0xFF, 0xCF, 0xFF, 0xFF, 0xFF,
  0xFF, 0xE7, 0xFF, 0xF8, 0x3F, 0xFF, 0xFB, 0xFF, 0xFC, 0x07, 0xFF, 0xFD,
  0xFF, 0xFE, 0x01, 0xFF, 0xFE, 0xFF, 0xFF, 0x00, 0xFF, 0xFF, 0x7F, 0xFF,
  0x80, 0x3F, 0xFF, 0xBF, 0xFF, 0xC0, 0x1F, 0xFF, 0xDF, 0xFF, 0xE0, 0x0F,
  0xFF, 0xEF, 0xFF, 0xF0, 0x07, 0xFF, 0xF7, 0xFF, 0xF8, 0x03, 0xFF, 0xFB,
  0xFF, 0xFC, 0x03, 0xFF, 0xFD, 0xFF, 0xFE, 0x03, 0xFF, 0xFE, 0xFF, 0xFF,
  0x03, 0xFF, 0xFF, 0x7F, 0xFF, 0x03, 0xFF, 0xFF, 0x3F, 0xFF, 0xFF, 0xFF,
  0xFF, 0x9F, 0xFF, 0xFF, 0xFF, 0xFF, 0x8F, 0xFF, 0xFF, 0xFF, 0xFF, 0xC7,
  0xFF, 0xFF, 0xFF, 0xFF, 0xC3, 0xFF, 0xFF, 0xFF, 0xFF, 0xC1, 0xFF, 0xFF,
  0xFF, 0xFF, 0xC0, 0xFF, 0xFF, 0xFF, 0xFF, 0xC0, 0x7F, 0xFF, 0xFF, 0xFF,
  0xC0, 0x3F, 0xFF, 0xFF, 0xFF, 0xC0, 0x1F, 0xFF, 0xFF, 0xFF, 0xF0, 0x0F,
  0xFF, 0xFF, 0xFF, 0xF8, 0x07, 0xFF, 0xF0, 0x7F, 0xFE, 0x03, 0xFF, 0xF8,
  0x3F, 0xFF, 0x81, 0xFF, 0xFC, 0x1F, 0xFF, 0xC0, 0xFF, 0xFE, 0x07, 0xFF,
  0xF0, 0x7F, 0xFF, 0x03, 0xFF, 0xF8, 0x3F, 0xFF, 0x81, 0xFF, 0xFE, 0x1F,
  0xFF, 0xC0, 0x7F, 0xFF, 0x0F, 0xFF, 0xE0, 0x3F, 0xFF, 0xC7, 0xFF, 0xF0,
  0x1F, 0xFF, 0xF3, 0xFF, 0xF8, 0x07, 0xFF, 0xF9, 0xFF, 0xFC, 0x03, 0xFF,
  0xFE, 0xFF, 0xFE, 0x00, 0xFF, 0xFF, 0x7F, 0xFE, 0x00, 0x7F, 0xF8, 0x7F,
  0xFF, 0x00, 0x3F, 0x80, 0x00, 0x00, 0x00, 0x08, 0x00, 0x00, 0x00, 0x01,
  0xFF, 0xC0, 0x00, 0x00, 0xFF, 0xFF, 0xE0, 0x00, 0x7F, 0xFF, 0xFF, 0xC0,
  0x0F, 0xFF, 0xFF, 0xF8, 0x03, 0xFF, 0xFF, 0xFF, 0x80, 0x7F, 0xFF, 0xFF,
  0xF8, 0x0F, 0xFF, 0xFF, 0xFF, 0x81, 0xFF, 0xFF, 0xFF, 0xF8, 0x1F, 0xFF,
  0xFF, 0xFF, 0x83, 0xFF, 0xFF, 0xFF, 0xF8, 0x7F, 0xFF, 0xFF, 0xFF, 0x87,
  0xFF, 0xFF, 0xFF, 0xF8, 0x7F, 0xFF, 0xFF, 0xFF, 0x8F, 0xFF, 0xFF, 0xFF,
  0xF8, 0xFF, 0xFF, 0xFF, 0xFF, 0x0F, 0xFF, 0xF8, 0x00, 0xF0, 0xFF, 0xFE,
  0x00, 0x01, 0x0F, 0xFF, 0xE0, 0x00, 0x00, 0xFF, 0xFF, 0x00, 0x00, 0x0F,
  0xFF, 0xFC, 0x7C, 0x00, 0xFF, 0xFF, 0xFF, 0xF8, 0x0F, 0xFF, 0xFF, 0xFF,
  0xE0, 0x7F, 0xFF, 0xFF, 0xFF, 0x07, 0xFF, 0xFF, 0xFF, 0xF8, 0x3F, 0xFF,
  0xFF, 0xFF, 0xC3, 0xFF, 0xFF, 0xFF, 0xFE, 0x1F, 0xFF, 0xFF, 0xFF, 0xE0,
  0xFF, 0xFF, 0xFF, 0xFF, 0x07, 0xFF, 0xFF, 0xFF, 0xF0, 0x1F, 0xFF, 0xFF,
  0xFF, 0x00, 0x3F, 0xFF, 0xFF, 0xF0, 0x00, 0x01, 0xFF, 0xFF, 0x40, 0x00,
  0x0F, 0xFF, 0xF7, 0x00, 0x00, 0xFF, 0xFF, 0x7C, 0x00, 0x0F, 0xFF, 0xF7,
  0xFC, 0x01, 0xFF, 0xFF, 0x7F, 0xFF, 0xFF, 0xFF, 0xF7, 0xFF, 0xFF, 0xFF,
  0xFF, 0x7F, 0xFF, 0xFF, 0xFF, 0xE7, 0xFF, 0xFF, 0xFF, 0xFE, 0x7F, 0xFF,
  0xFF, 0xFF, 0xEF, 0xFF, 0xFF, 0xFF, 0xFC, 0xFF, 0xFF, 0xFF, 0xFF, 0x8F,
  0xFF, 0xFF, 0xFF, 0xF8, 0xFF, 0xFF, 0xFF, 0xFF, 0x0F, 0xFF, 0xFF, 0xFF,
  0xE0, 0x7F, 0xFF, 0xFF, 0xFC, 0x01, 0xFF, 0xFF, 0xFF, 0x00, 0x03, 0xFF,
  0xFF, 0xC0, 0x00, 0x07, 0xFF, 0xE0, 0x00, 0x7F, 0xFF, 0xFF, 0xFF, 0xFD,
  0xFF, 0xFF, 0xFF, 0xFF, 0xF7, 0xFF, 0xFF, 0xFF, 0xFF, 0xDF, 0xFF, 0xFF,
  0xFF, 0xFF, 0x7F, 0xFF, 0xFF, 0xFF, 0xFD, 0xFF, 0xFF, 0xFF, 0xFF, 0xF7,
  0xFF, 0xFF, 0xFF, 0xFF, 0xFF, 0xFF, 0xFF, 0xFF, 0xFF, 0xFF, 0xFF, 0xFF,
  0xFF, 0xFF, 0xFF, 0xFF, 0xFF, 0xFF, 0xFF, 0xFF, 0xFF, 0xFF, 0xFF, 0xFF,
  0xFF, 0xFF, 0xFF, 0xFF, 0xFF, 0xFF, 0xFF, 0xFF, 0xFF, 0xFF, 0xFF, 0xFF,
  0xFF, 0xFF, 0xFF, 0xFF, 0xFF, 0xFF, 0xFF, 0xFF, 0xFF, 0xFC, 0x00, 0x80,
  0x1F, 0xFF, 0xF0, 0x00, 0x00, 0x7F, 0xFF, 0xC0, 0x00, 0x01, 0xFF, 0xFF,
  0x00, 0x00, 0x07, 0xFF, 0xFC, 0x00, 0x00, 0x1F, 0xFF, 0xF0, 0x00, 0x00,
  0x7F, 0xFF, 0xC0, 0x00, 0x01, 0xFF, 0xFF, 0x00, 0x00, 0x07, 0xFF, 0xF8,
  0x00, 0x00, 0x1F, 0xFF, 0xE0, 0x00, 0x00, 0x7F, 0xFF, 0x80, 0x00, 0x01,
  0xFF, 0xFE, 0x00, 0x00, 0x07, 0xFF, 0xF8, 0x00, 0x00, 0x1F, 0xFF, 0xE0,
  0x00, 0x00, 0x7F, 0xFF, 0x80, 0x00, 0x01, 0xFF, 0xFE, 0x00, 0x00, 0x07,
  0xFF, 0xF8, 0x00, 0x00, 0x1F, 0xFF, 0xE0, 0x00, 0x00, 0x7F, 0xFF, 0x80,
  0x00, 0x01, 0xFF, 0xFE, 0x00, 0x00, 0x07, 0xFF, 0xF8, 0x00, 0x00, 0x1F,
  0xFF, 0xE0, 0x00, 0x00, 0x7F, 0xFF, 0x80, 0x00, 0x00, 0xFF, 0xFE, 0x00,
  0x00, 0x03, 0xFF, 0xF8, 0x00, 0x00, 0x0F, 0xFF, 0xE0, 0x00, 0x00, 0x3F,
  0xFF, 0x80, 0x00, 0x00, 0xFF, 0xFE, 0x00, 0x00, 0x03, 0xFF, 0xF8, 0x00,
  0x00, 0x0F, 0xFF, 0xE0, 0x00, 0x00, 0x3F, 0xFF, 0x80, 0x00, 0x00, 0xFF,
  0xFE, 0x00, 0x00, 0x03, 0xFF, 0xE0, 0x00, 0x00, 0x00, 0x00, 0x3F, 0xFF,
  0xC0, 0x00, 0x00, 0x0F, 0xFF, 0xF1, 0xFF, 0xFF, 0x03, 0xFF, 0xFC, 0xFF,
  0xFF, 0x80, 0xFF, 0xFF, 0x3F, 0xFF, 0xE0, 0x3F, 0xFF, 0xCF, 0xFF, 0xF8,
  0x0F, 0xFF, 0xE3, 0xFF, 0xFE, 0x03, 0xFF, 0xF8, 0xFF, 0xFF, 0x00, 0xFF,
  0xFE, 0x3F, 0xFF, 0xC0, 0x3F, 0xFF, 0x9F, 0xFF, 0xF0, 0x0F, 0xFF, 0xE7,
  0xFF, 0xFC, 0x03, 0xFF, 0xF9, 0xFF, 0xFE, 0x00, 0xFF, 0xFE, 0x7F, 0xFF,
  0x80, 0x3F, 0xFF, 0x9F, 0xFF, 0xE0, 0x0F, 0xFF, 0xC7, 0xFF, 0xF8, 0x03,
  0xFF, 0xF1, 0xFF, 0xFE, 0x00, 0xFF, 0xFC, 0x7F, 0xFF, 0x00, 0x3F, 0xFF,
  0x1F, 0xFF, 0xC0, 0x1F, 0xFF, 0xCF, 0xFF, 0xF0, 0x07, 0xFF, 0xF3, 0xFF,
  0xFC, 0x01, 0xFF, 0xFC, 0xFF, 0xFF, 0x00, 0x7F, 0xFF, 0x3F, 0xFF, 0xC0,
  0x1F, 0xFF, 0xCF, 0xFF, 0xF0, 0x07, 0xFF, 0xF3, 0xFF, 0xFC, 0x01, 0xFF,
  0xFC, 0xFF, 0xFF, 0x00, 0xFF, 0xFE, 0x3F, 0xFF, 0x80, 0x3F, 0xFF, 0x8F,
  0xFF, 0xE0, 0x0F, 0xFF, 0xE3, 0xFF, 0xF8, 0x03, 0xFF, 0xF8, 0xFF, 0xFF,
  0x01, 0xFF, 0xFE, 0x3F, 0xFF, 0xC0, 0x7F, 0xFF, 0x8F, 0xFF, 0xF0, 0x1F,
  0xFF, 0xE1, 0xFF, 0xFC, 0x0F, 0xFF, 0xF8, 0x7F, 0xFF, 0x03, 0xFF, 0xFE,
  0x1F, 0xFF, 0xE1, 0xFF, 0xFF, 0x87, 0xFF, 0xFC, 0xFF, 0xFF, 0xC0, 0xFF,
  0xFF, 0xFF, 0xFF, 0xF0, 0x3F, 0xFF, 0xFF, 0xFF, 0xFC, 0x07, 0xFF, 0xFF,
  0xFF, 0xFF, 0x01, 0xFF, 0xFF, 0xFF, 0xFF, 0xC0, 0x3F, 0xFF, 0xFF, 0xFF,
  0xF0, 0x0F, 0xFF, 0xFF, 0xFF, 0xFC, 0x01, 0xFF, 0xFF, 0xFF, 0xFF, 0x00,
  0x3F, 0xFF, 0xFF, 0xFF, 0xC0, 0x07, 0xFF, 0xFF, 0xFF, 0xF0, 0x00, 0xFF,
  0xFF, 0xFF, 0xFC, 0x00, 0x1F, 0xFF, 0xBF, 0xFF, 0x00, 0x01, 0xFF, 0x9F,
  0xFF, 0xC0, 0x00, 0x00, 0x07, 0xFF, 0xE0, 0x00, 0x00, 0x01, 0xFF, 0xF8,
  0x00, 0x00, 0x00, 0x7C, 0x00, 0x00, 0x00, 0x00, 0x00, 0x07, 0x00, 0x00,
  0x00, 0x00, 0x00, 0x3F, 0xFF, 0xC0, 0x00, 0x40, 0x01, 0xFF, 0xFE, 0x0F,
  0xFF, 0x00, 0x0F, 0xFF, 0xFF, 0xFF, 0xF8, 0x00, 0xFF, 0xFF, 0x7F, 0xFF,
  0xC0, 0x07, 0xFF, 0xF9, 0xFF, 0xFE, 0x00, 0x3F, 0xFF, 0xCF, 0xFF, 0xF8,
  0x01, 0xFF, 0xFE, 0x7F, 0xFF, 0xC0, 0x1F, 0xFF, 0xE1, 0xFF, 0xFE, 0x00,
  0xFF, 0xFF, 0x0F, 0xFF, 0xF0, 0x07, 0xFF, 0xF8, 0x7F, 0xFF, 0xC0, 0x3F,
  0xFF, 0xC1, 0xFF, 0xFE, 0x01, 0xFF, 0xFC, 0x0F, 0xFF, 0xF0, 0x1F, 0xFF,
  0xE0, 0x7F, 0xFF, 0x80, 0xFF, 0xFF, 0x01, 0xFF, 0xFE, 0x07, 0xFF, 0xF8,
  0x0F, 0xFF, 0xF0, 0x3F, 0xFF, 0x80, 0x7F, 0xFF, 0x83, 0xFF, 0xFC, 0x01,
  0xFF, 0xFC, 0x1F, 0xFF, 0xE0, 0x0F, 0xFF, 0xF0, 0xFF, 0xFE, 0x00, 0x3F,
  0xFF, 0x87, 0xFF, 0xF0, 0x01, 0xFF, 0xFC, 0x3F, 0xFF, 0x80, 0x0F, 0xFF,
  0xE3, 0xFF, 0xFC, 0x00, 0x3F, 0xFF, 0x9F, 0xFF, 0xC0, 0x01, 0xFF, 0xFC,
  0xFF, 0xFE, 0x00, 0x0F, 0xFF, 0xE7, 0xFF, 0xF0, 0x00, 0x3F, 0xFF, 0x7F,
  0xFF, 0x80, 0x01, 0xFF, 0xFF, 0xFF, 0xF8, 0x00, 0x0F, 0xFF, 0xFF, 0xFF,
  0xC0, 0x00, 0x3F, 0xFF, 0xFF, 0xFE, 0x00, 0x01, 0xFF, 0xFF, 0xFF, 0xE0,
  0x00, 0x0F, 0xFF, 0xFF, 0xFF, 0x00, 0x00, 0x3F, 0xFF, 0xFF, 0xF8, 0x00,
  0x01, 0xFF, 0xFF, 0xFF, 0xC0, 0x00, 0x0F, 0xFF, 0xFF, 0xFC, 0x00, 0x00,
  0x3F, 0xFF, 0xFF, 0xE0, 0x00, 0x01, 0xFF, 0xFF, 0xFF, 0x00, 0x00, 0x0F,
  0xFF, 0xFF, 0xF8, 0x00, 0x00, 0x3F, 0xFF, 0xFF, 0x80, 0x00, 0x01, 0xFF,
  0xFF, 0xFC, 0x00, 0x00, 0x0F, 0xFF, 0xFF, 0xE0, 0x00, 0x00, 0x3F, 0xFF,
  0xFE, 0x00, 0x00, 0x01, 0xFF, 0xFF, 0xF0, 0x00, 0x00, 0x0F, 0xFF, 0xFF,
  0x80, 0x00, 0x00, 0x3F, 0xFF, 0xFC, 0x00, 0x00, 0x01, 0xFF, 0xFF, 0xC0,
  0x00, 0x00, 0x0F, 0xFF, 0xFE, 0x00, 0x00, 0x00, 0x3F, 0xFF, 0xF0, 0x00,
  0x00, 0x01, 0xFF, 0xF0, 0x00, 0x00, 0x00, 0x00, 0x00, 0x00, 0x00, 0x01,
  0x80, 0x00, 0x00, 0x00, 0x00, 0x00, 0x00, 0x01, 0xFF, 0xF0, 0x00, 0x7F,
  0xC0, 0x00, 0x00, 0x01, 0xFF, 0xFF, 0xFF, 0xFF, 0xC0, 0x00, 0x00, 0x01,
  0xFF, 0xFF, 0xFF, 0xFF, 0xC0, 0x7F, 0xFE, 0x01, 0xFF, 0xFF, 0x7F, 0xFF,
  0xC0, 0x7F, 0xFE, 0x01, 0xFF, 0xFF, 0x7F, 0xFF, 0xC0, 0x7F, 0xFF, 0x01,
  0xFF, 0xFF, 0x7F, 0xFF, 0xC0, 0x7F, 0xFF, 0x01, 0xFF, 0xFE, 0x7F, 0xFF,
  0xC0, 0x7F, 0xFF, 0x03, 0xFF, 0xFE, 0x7F, 0xFF, 0xC0, 0xFF, 0xFF, 0x03,
  0xFF, 0xFE, 0x3F, 0xFF, 0xE0, 0xFF, 0xFF, 0x03, 0xFF, 0xFE, 0x3F, 0xFF,
  0xE0, 0xFF, 0xFF, 0x83, 0xFF, 0xFE, 0x3F, 0xFF, 0xE0, 0xFF, 0xFF, 0x83,
  0xFF, 0xFE, 0x3F, 0xFF, 0xE0, 0xFF, 0xFF, 0x83, 0xFF, 0xFC, 0x3F, 0xFF,
  0xE0, 0xFF, 0xFF, 0x83, 0xFF, 0xFC, 0x3F, 0xFF, 0xE1, 0xFF, 0xFF, 0xC3,
  0xFF, 0xFC, 0x1F, 0xFF, 0xE1, 0xFF, 0xFF, 0xC3, 0xFF, 0xFC, 0x1F, 0xFF,
  0xE1, 0xFF, 0xFF, 0xC3, 0xFF, 0xFC, 0x1F, 0xFF, 0xF1, 0xFF, 0xFF, 0xC3,
  0xFF, 0xFC, 0x1F, 0xFF, 0xF1, 0xFF, 0xFF, 0xC7, 0xFF, 0xF8, 0x1F, 0xFF,
  0xF3, 0xFF, 0xFF, 0xE7, 0xFF, 0xF8, 0x0F, 0xFF, 0xF3, 0xFF, 0xFF, 0xE7,
  0xFF, 0xF8, 0x0F, 0xFF, 0xF3, 0xFF, 0xFF, 0xE7, 0xFF, 0xF8, 0x0F, 0xFF,
  0xF3, 0xFF, 0xFF, 0xE7, 0xFF, 0xF8, 0x0F, 0xFF, 0xF3, 0xFF, 0xFF, 0xE7,
  0xFF, 0xF0, 0x0F, 0xFF, 0xF3, 0xFF, 0xFF, 0xF7, 0xFF, 0xF0, 0x07, 0xFF,
  0xFF, 0xFF, 0x7F, 0xF7, 0xFF, 0xF0, 0x07, 0xFF, 0xFF, 0xFF, 0x7F, 0xF7,
  0xFF, 0xF0, 0x07, 0xFF, 0xFF, 0xFF, 0x7F, 0xF7, 0xFF, 0xF0, 0x07, 0xFF,
  0xFF, 0xFF, 0x7F, 0xFF, 0xFF, 0xF0, 0x07, 0xFF, 0xFF, 0xFE, 0x7F, 0xFF,
  0xFF, 0xE0, 0x07, 0xFF, 0xFF, 0xFE, 0x7F, 0xFF, 0xFF, 0xE0, 0x03, 0xFF,
  0xFF, 0xFE, 0x3F, 0xFF, 0xFF, 0xE0, 0x03, 0xFF, 0xFF, 0xFE, 0x3F, 0xFF,
  0xFF, 0xE0, 0x03, 0xFF, 0xFF, 0xFE, 0x3F, 0xFF, 0xFF, 0xE0, 0x03, 0xFF,
  0xFF, 0xFC, 0x3F, 0xFF, 0xFF, 0xE0, 0x03, 0xFF, 0xFF, 0xFC, 0x3F, 0xFF,
  0xFF, 0xC0, 0x01, 0xFF, 0xFF, 0xFC, 0x1F, 0xFF, 0xFF, 0xC0, 0x01, 0xFF,
  0xFF, 0xFC, 0x1F, 0xFF, 0xFF, 0xC0, 0x01, 0xFF, 0xFF, 0xFC, 0x1F, 0xFF,
  0xFF, 0xC0, 0x01, 0xFF, 0xFF, 0xF8, 0x1F, 0xFF, 0xFF, 0xC0, 0x01, 0xFF,
  0xFF, 0xF8, 0x1F, 0xFF, 0xFF, 0xC0, 0x01, 0xFF, 0xFF, 0xF8, 0x1F, 0xFF,
  0xFF, 0x80, 0x00, 0xFF, 0xFF, 0xF8, 0x0F, 0xFF, 0xFF, 0x80, 0x00, 0xFF,
  0xFF, 0xF8, 0x0F, 0xFF, 0xFF, 0x80, 0x00, 0xFF, 0xFF, 0xF0, 0x0F, 0xFF,
  0xFF, 0x80, 0x00, 0xFF, 0xFF, 0xF0, 0x0F, 0xFF, 0xFF, 0x80, 0x00, 0xFF,
  0xC0, 0x00, 0x0F, 0xFF, 0xFF, 0x00, 0x00, 0x00, 0x00, 0x00, 0x0F, 0xFF,
  0xFF, 0x00, 0x00, 0x03, 0x80, 0x0F, 0xC0, 0x00, 0x01, 0xFC, 0x00, 0x7F,
  0xFE, 0x40, 0xFF, 0xF0, 0x07, 0xFF, 0xFC, 0xFF, 0xFF, 0x80, 0x3F, 0xFF,
  0xE7, 0xFF, 0xFE, 0x03, 0xFF, 0xFE, 0x1F, 0xFF, 0xF0, 0x1F, 0xFF, 0xE0,
  0xFF, 0xFF, 0xC1, 0xFF, 0xFF, 0x03, 0xFF, 0xFE, 0x0F, 0xFF, 0xF0, 0x0F,
  0xFF, 0xF8, 0xFF, 0xFF, 0x80, 0x7F, 0xFF, 0xC7, 0xFF, 0xF8, 0x01, 0xFF,
  0xFE, 0x7F, 0xFF, 0x80, 0x0F, 0xFF, 0xFB, 0xFF, 0xFC, 0x00, 0x3F, 0xFF,
  0xFF, 0xFF, 0xC0, 0x00, 0xFF, 0xFF, 0xFF, 0xFE, 0x00, 0x07, 0xFF, 0xFF,
  0xFF, 0xE0, 0x00, 0x1F, 0xFF, 0xFF, 0xFE, 0x00, 0x00, 0xFF, 0xFF, 0xFF,
  0xF0, 0x00, 0x03, 0xFF, 0xFF, 0xFF, 0x00, 0x00, 0x1F, 0xFF, 0xFF, 0xF8,
  0x00, 0x00, 0x7F, 0xFF, 0xFF, 0x80, 0x00, 0x01, 0xFF, 0xFF, 0xF8, 0x00,
  0x00, 0x0F, 0xFF, 0xFF, 0xC0, 0x00, 0x00, 0x3F, 0xFF, 0xFC, 0x00, 0x00,
  0x01, 0xFF, 0xFF, 0xC0, 0x00, 0x00, 0x0F, 0xFF, 0xFF, 0x00, 0x00, 0x00,
  0xFF, 0xFF, 0xF8, 0x00, 0x00, 0x0F, 0xFF, 0xFF, 0xE0, 0x00, 0x00, 0x7F,
  0xFF, 0xFF, 0x00, 0x00, 0x07, 0xFF, 0xFF, 0xFC, 0x00, 0x00, 0x3F, 0xFF,
  0xFF, 0xF0, 0x00, 0x03, 0xFF, 0xFF, 0xFF, 0x80, 0x00, 0x3F, 0xFF, 0xFF,
  0xFE, 0x00, 0x01, 0xFF, 0xFF, 0xFF, 0xF8, 0x00, 0x1F, 0xFF, 0xFF, 0xFF,
  0xC0, 0x01, 0xFF, 0xFF, 0xFF, 0xFF, 0x00, 0x0F, 0xFF, 0xFF, 0xFF, 0xF8,
  0x00, 0xFF, 0xFF, 0x9F, 0xFF, 0xE0, 0x0F, 0xFF, 0xFC, 0xFF, 0xFF, 0x80,
  0x7F, 0xFF, 0xC3, 0xFF, 0xFC, 0x07, 0xFF, 0xFE, 0x1F, 0xFF, 0xF0, 0x3F,
  0xFF, 0xE0, 0x7F, 0xFF, 0x83, 0xFF, 0xFE, 0x03, 0xFF, 0xFE, 0x3F, 0xFF,
  0xF0, 0x0F, 0xFF, 0xF9, 0xFF, 0xFF, 0x00, 0x7F, 0xFF, 0xC3, 0xFF, 0xF8,
  0x01, 0xFF, 0xF8, 0x03, 0xFF, 0x80, 0x07, 0xFE, 0x00, 0x03, 0xFC, 0x00,
  0x3F, 0x00, 0x00, 0x03, 0xC0, 0x00, 0xC0, 0x00, 0x00, 0x06, 0x00, 0x00,
  0x00, 0x00, 0x00, 0x0F, 0xC0, 0x07, 0xFC, 0x00, 0x3F, 0xFF, 0x00, 0x3F,
  0xFF, 0xFF, 0xFF, 0xFC, 0x00, 0xFF, 0xFF, 0xBF, 0xFF, 0xF8, 0x07, 0xFF,
  0xFC, 0x7F, 0xFF, 0xE0, 0x1F, 0xFF, 0xE1, 0xFF, 0xFF, 0x80, 0x7F, 0xFF,
  0x83, 0xFF, 0xFF, 0x03, 0xFF, 0xFC, 0x0F, 0xFF, 0xFC, 0x0F, 0xFF, 0xF0,
  0x1F, 0xFF, 0xF0, 0x7F, 0xFF, 0x80, 0x7F, 0xFF, 0xE1, 0xFF, 0xFC, 0x00,
  0xFF, 0xFF, 0x87, 0xFF, 0xF0, 0x03, 0xFF, 0xFF, 0x3F, 0xFF, 0x80, 0x07,
  0xFF, 0xFC, 0xFF, 0xFE, 0x00, 0x1F, 0xFF, 0xF7, 0xFF, 0xF0, 0x00, 0x3F,
  0xFF, 0xFF, 0xFF, 0x80, 0x00, 0xFF, 0xFF, 0xFF, 0xFE, 0x00, 0x01, 0xFF,
  0xFF, 0xFF, 0xF0, 0x00, 0x07, 0xFF, 0xFF, 0xFF, 0x80, 0x00, 0x0F, 0xFF,
  0xFF, 0xFE, 0x00, 0x00, 0x3F, 0xFF, 0xFF, 0xF0, 0x00, 0x00, 0x7F, 0xFF,
  0xFF, 0xC0, 0x00, 0x01, 0xFF, 0xFF, 0xFE, 0x00, 0x00, 0x03, 0xFF, 0xFF,
  0xF0, 0x00, 0x00, 0x0F, 0xFF, 0xFF, 0xC0, 0x00, 0x00, 0x1F, 0xFF, 0xFE,
  0x00, 0x00, 0x00, 0x7F, 0xFF, 0xF8, 0x00, 0x00, 0x00, 0xFF, 0xFF, 0xC0,
  0x00, 0x00, 0x03, 0xFF, 0xFE, 0x00, 0x00, 0x00, 0x0F, 0xFF, 0xF8, 0x00,
  0x00, 0x00, 0x3F, 0xFF, 0xE0, 0x00, 0x00, 0x00, 0xFF, 0xFF, 0x80, 0x00,
  0x00, 0x03, 0xFF, 0xFE, 0x00, 0x00, 0x00, 0x0F, 0xFF, 0xF8, 0x00, 0x00,
  0x00, 0x3F, 0xFF, 0xE0, 0x00, 0x00, 0x00, 0xFF, 0xFF, 0x80, 0x00, 0x00,
  0x03, 0xFF, 0xFE, 0x00, 0x00, 0x00, 0x0F, 0xFF, 0xF8, 0x00, 0x00, 0x00,
  0x3F, 0xFF, 0xE0, 0x00, 0x00, 0x00, 0xFF, 0xFF, 0x80, 0x00, 0x00, 0x03,
  0xFF, 0xFF, 0x00, 0x00, 0x00, 0x0F, 0xFF, 0xFC, 0x00, 0x00, 0x00, 0x3F,
  0xFF, 0xF0, 0x00, 0x00, 0x00, 0xFF, 0xFF, 0xC0, 0x00, 0x00, 0x03, 0xFF,
  0xFF, 0x00, 0x00, 0x00, 0x0F, 0xFF, 0xFC, 0x00, 0x00, 0x00, 0x3F, 0xFF,
  0xF0, 0x00, 0x00, 0x00, 0xFF, 0xFF, 0xC0, 0x00, 0x00, 0xFF, 0xFF, 0xFF,
  0xFF, 0xFF, 0xFF, 0xFF, 0xFF, 0xFF, 0xFF, 0xFF, 0xFF, 0xFF, 0xFF, 0xFF,
  0xFF, 0xFF, 0xFF, 0xFF, 0xFF, 0xFF, 0xFF, 0xFF, 0xFF, 0xFF, 0xFF, 0xFF,
  0xFF, 0xFF, 0xFF, 0xFF, 0xFF, 0xFF, 0xFF, 0xFF, 0xFF, 0xFF, 0xFF, 0xFF,
  0xFF, 0xFF, 0xFF, 0xFF, 0xFF, 0xFF, 0xFF, 0xFF, 0xFF, 0xFF, 0xFF, 0xFF,
  0xFF, 0xFF, 0xFF, 0x80, 0x01, 0xFF, 0xF8, 0x00, 0x01, 0xFF, 0xFC, 0x00,
  0x01, 0xFF, 0xFC, 0x00, 0x01, 0xFF, 0xFC, 0x00, 0x01, 0xFF, 0xFC, 0x00,
  0x01, 0xFF, 0xFC, 0x00, 0x00, 0xFF, 0xFE, 0x00, 0x00, 0xFF, 0xFE, 0x00,
  0x00, 0xFF, 0xFE, 0x00, 0x00, 0xFF, 0xFE, 0x00, 0x00, 0xFF, 0xFE, 0x00,
  0x00, 0x7F, 0xFF, 0x00, 0x00, 0x7F, 0xFF, 0x00, 0x00, 0x7F, 0xFF, 0x00,
  0x00, 0x7F, 0xFF, 0x00, 0x00, 0x7F, 0xFF, 0x00, 0x00, 0x7F, 0xFF, 0x80,
  0x00, 0x3F, 0xFF, 0x80, 0x00, 0x3F, 0xFF, 0x80, 0x00, 0x3F, 0xFF, 0xFF,
  0xFF, 0x3F, 0xFF, 0xFF, 0xFF, 0xBF, 0xFF, 0xFF, 0xFF, 0xDF, 0xFF, 0xFF,
  0xFF, 0xEF, 0xFF, 0xFF, 0xFF, 0xF7, 0xFF, 0xFF, 0xFF, 0xF9, 0xFF, 0xFF,
  0xFF, 0xFC, 0xFF, 0xFF, 0xFF, 0xFE, 0x7F, 0xFF, 0xFF, 0xFF, 0x3F, 0xFF,
  0xFF, 0xFF, 0x9F, 0xFF, 0xFF, 0xFF, 0xCF, 0xFF, 0xFF, 0xFF, 0xE7, 0xFF,
  0xFF, 0xFF, 0xF3, 0xFF, 0xFF, 0xFF, 0xF9, 0xFF, 0xFF, 0xFF, 0xFE, 0x7F,
  0xFF, 0xF8, 0x00, 0x00, 0x00, 0x3F, 0x00, 0x00, 0x07, 0xFF, 0xE0, 0x00,
  0x3F, 0xFF, 0xF8, 0x01, 0xFF, 0xFF, 0xF0, 0x07, 0xFF, 0xFF, 0xC0, 0x1F,
  0xFF, 0xFF, 0x80, 0x7F, 0xFF, 0xFE, 0x01, 0xFF, 0xFF, 0xFC, 0x03, 0xFF,
  0xFF, 0xF8, 0x07, 0xFF, 0xFF, 0xE0, 0x0F, 0xFF, 0xFF, 0xC0, 0x1F, 0xFF,
  0xC1, 0x00, 0x3F, 0xFF, 0x00, 0x00, 0x7F, 0xFC, 0x00, 0x00, 0xFF, 0xF8,
  0x00, 0x00, 0xFF, 0xF0, 0x00, 0x01, 0xFF, 0xE0, 0x00, 0x01, 0xFF, 0xE0,
  0x00, 0x03, 0xFF, 0xC0, 0x00, 0x07, 0xFF, 0x80, 0x00, 0x0F, 0xFF, 0x80,
  0x00, 0x1F, 0xFF, 0x00, 0x00, 0x3F, 0xFE, 0x00, 0x00, 0xFF, 0xFC, 0x00,
  0x03, 0xFF, 0xF8, 0x00, 0x3F, 0xFF, 0xF0, 0x03, 0xFF, 0xFF, 0xC0, 0x07,
  0xFF, 0xFF, 0x00, 0x0F, 0xFF, 0xF8, 0x00, 0x1F, 0xFF, 0xE0, 0x00, 0x3F,
  0xFF, 0xE0, 0x00, 0x7F, 0xFF, 0xF0, 0x00, 0xFF, 0xFF, 0xF0, 0x01, 0xFF,
  0xFF, 0xE0, 0x03, 0xFF, 0xFF, 0xE0, 0x00, 0x7F, 0xFF, 0xC0, 0x00, 0x3F,
  0xFF, 0xC0, 0x00, 0x1F, 0xFF, 0x80, 0x00, 0x1F, 0xFF, 0x00, 0x00, 0x3F,
  0xFC, 0x00, 0x00, 0x7F, 0xF8, 0x00, 0x00, 0xFF, 0xF0, 0x00, 0x01, 0xFF,
  0xC0, 0x00, 0x03, 0xFF, 0x80, 0x00, 0x0F, 0xFE, 0x00, 0x00, 0x1F, 0xFC,
  0x00, 0x00, 0x7F, 0xF8, 0x00, 0x00, 0xFF, 0xF0, 0x00, 0x01, 0xFF, 0xF0,
  0x00, 0x03, 0xFF, 0xF0, 0x00, 0x07, 0xFF, 0xF8, 0x00, 0x0F, 0xFF, 0xFF,
  0x00, 0x1F, 0xFF, 0xFC, 0x00, 0x3F, 0xFF, 0xF8, 0x00, 0x3F, 0xFF, 0xE0,
  0x00, 0x3F, 0xFF, 0xC0, 0x00, 0x3F, 0xFF, 0x00, 0x00, 0x3F, 0xFE, 0x00,
  0x00, 0x3F, 0xF8, 0x00, 0x00, 0x1F, 0xF0, 0x00, 0x00, 0x07, 0xC0, 0x00,
  0xFF, 0xFE, 0xFF, 0xFF, 0xFF, 0xFF, 0xFF, 0xFF, 0xFF, 0xFF, 0xFF, 0xFF,
  0xFF, 0xFF, 0xFF, 0xFF, 0xFF, 0xFF, 0xFF, 0xFF, 0xFF, 0xFF, 0xFF, 0xFF,
  0xFF, 0xFF, 0xFF, 0xFF, 0xFF, 0xFF, 0xFF, 0xFF, 0xFF, 0xFF, 0xFF, 0xFF,
  0xFF, 0xFF, 0xFF, 0xFF, 0xFF, 0xFF, 0xFF, 0xFF, 0xFF, 0xFF, 0xFF, 0xFF,
  0xFF, 0xFF, 0xFF, 0xFF, 0xFF, 0xFF, 0xFF, 0xFF, 0xFF, 0xFF, 0xFF, 0xFF,
  0xFF, 0xFF, 0xFF, 0xFF, 0xFF, 0xFF, 0xFF, 0xFF, 0xFF, 0xFF, 0xFF, 0xFF,
  0xFF, 0xFF, 0xFF, 0xFF, 0xFF, 0xFF, 0xFF, 0xFF, 0xFF, 0xFF, 0xFF, 0xFF,
  0xFF, 0xFF, 0xFF, 0xFF, 0xFF, 0xFF, 0xFF, 0xFF, 0x7F, 0xFF, 0x7F, 0xFF,
  0x7F, 0xFF, 0x7F, 0xFF, 0x7F, 0xFF, 0x7F, 0xFF, 0x7F, 0xFF, 0x7F, 0xFF,
  0x7F, 0xFF, 0x7F, 0xFF, 0x7F, 0xFF, 0x7F, 0xFF, 0x7F, 0xFF, 0x00, 0x70,
  0x00, 0x00, 0x01, 0xFC, 0x00, 0x00, 0x03, 0xFE, 0x00, 0x00, 0x0F, 0xFF,
  0x00, 0x00, 0x3F, 0xFF, 0x00, 0x00, 0x7F, 0xFF, 0x00, 0x01, 0xFF, 0xFF,
  0x00, 0x03, 0xFF, 0xFF, 0x00, 0x0F, 0xFF, 0xFE, 0x00, 0x1F, 0xFF, 0xFE,
  0x00, 0x0F, 0xFF, 0xFC, 0x00, 0x03, 0xFF, 0xF8, 0x00, 0x03, 0xFF, 0xF0,
  0x00, 0x03, 0xFF, 0xE0, 0x00, 0x07, 0xFF, 0x80, 0x00, 0x0F, 0xFF, 0x00,
  0x00, 0x1F, 0xFE, 0x00, 0x00, 0x3F, 0xF8, 0x00, 0x00, 0x7F, 0xF0, 0x00,
  0x01, 0xFF, 0xC0, 0x00, 0x03, 0xFF, 0x80, 0x00, 0x0F, 0xFF, 0x00, 0x00,
  0x1F, 0xFF, 0x00, 0x00, 0x3F, 0xFE, 0x00, 0x00, 0x7F, 0xFE, 0x00, 0x00,
  0xFF, 0xFF, 0x00, 0x01, 0xFF, 0xFF, 0xF8, 0x01, 0xFF, 0xFF, 0xF0, 0x03,
  0xFF, 0xFF, 0xE0, 0x03, 0xFF, 0xFF, 0xC0, 0x03, 0xFF, 0xFF, 0x80, 0x01,
  0xFF, 0xFF, 0x00, 0x00, 0x7F, 0xFE, 0x00, 0x1F, 0xFF, 0xFC, 0x00, 0x7F,
  0xFF, 0xF8, 0x01, 0xFF, 0xFF, 0xE0, 0x03, 0xFF, 0xF8, 0x00, 0x0F, 0xFF,
  0xE0, 0x00, 0x1F, 0xFF, 0x80, 0x00, 0x3F, 0xFF, 0x00, 0x00, 0x3F, 0xFC,
  0x00, 0x00, 0x7F, 0xF8, 0x00, 0x00, 0xFF, 0xF8, 0x00, 0x00, 0xFF, 0xF0,
  0x00, 0x01, 0xFF, 0xE0, 0x00, 0x03, 0xFF, 0xE0, 0x00, 0x03, 0xFF, 0xC0,
  0x00, 0x07, 0xFF, 0x80, 0x00, 0x1F, 0xFF, 0x80, 0x00, 0x3F, 0xFF, 0x00,
  0x7F, 0xFF, 0xFE, 0x00, 0xFF, 0xFF, 0xFC, 0x03, 0xFF, 0xFF, 0xF8, 0x07,
  0xFF, 0xFF, 0xE0, 0x1F, 0xFF, 0xFF, 0xC0, 0x3F, 0xFF, 0xFF, 0x00, 0x7F,
  0xFF, 0xFC, 0x01, 0xFF, 0xFF, 0xF0, 0x03, 0xFF, 0xFF, 0xC0, 0x03, 0xFF,
  0xFE, 0x00, 0x00, 0xFF, 0xE0, 0x00, 0x00, 0x00, 0x00, 0x00, 0x00, 0x08,
  0x00, 0x00, 0x00, 0x03, 0xF0, 0x03, 0xFE, 0x00, 0xFF, 0xE0, 0x1F, 0xFF,
  0x03, 0xFF, 0xE0, 0xFF, 0xFF, 0x03, 0xFF, 0xC3, 0xFF, 0xFF, 0x07, 0xFF,
  0x87, 0xFF, 0xFE, 0x07, 0xFF, 0x9F, 0xFF, 0xFE, 0x0F, 0xFF, 0x7F, 0xFF,
  0xFE, 0x1F, 0xFE, 0xFF, 0xFF, 0xFC, 0x7F, 0xFD, 0xFF, 0xFF, 0xFD, 0xFF,
  0xFF, 0xFF, 0xFF, 0xFF, 0xFF, 0xFF, 0xFF, 0xFF, 0xFF, 0xFF, 0xFF, 0xFF,
  0xFF, 0xFF, 0xFF, 0xFF, 0xFF, 0xFF, 0xFF, 0xFF, 0x7F, 0xF8, 0xFF, 0xFF,
  0xFE, 0xFF, 0xF0, 0xFF, 0xFF, 0xFD, 0xFF, 0xE0, 0xFF, 0xFF, 0xF3, 0xFF,
  0xC1, 0xFF, 0xFF, 0xE7, 0xFF, 0x81, 0xFF, 0xFF, 0x87, 0xFF, 0x01, 0xFF,
  0xFE, 0x0F, 0xFF, 0x03, 0xFF, 0xF8, 0x1F, 0xFE, 0x03, 0xFF, 0xE0, 0x3F,
  0xE0, 0x01, 0xFF, 0x00, 0x40, 0x00, 0x00, 0xF0, 0x00 };

const GFXglyph LuckiestGuy36pt7bGlyphs[] PROGMEM = {
  {     0,   1,   1,  14,    0,    0 },   // 0x20 ' '
  {     1,  17,  55,  20,    2,  -51 },   // 0x21 '!'
  {   118,  34,  23,  34,    0,  -55 },   // 0x22 '"'
  {   216,  40,  38,  43,    1,  -43 },   // 0x23 '#'
  {   406,  28,  59,  31,    2,  -53 },   // 0x24 '$'
  {   613,  49,  42,  51,    1,  -44 },   // 0x25 '%'
  {   871,  46,  48,  45,    0,  -47 },   // 0x26 '&'
  {  1147,  17,  21,  17,    0,  -55 },   // 0x27 '''
  {  1192,  28,  60,  28,    1,  -53 },   // 0x28 '('
  {  1402,  28,  60,  27,   -2,  -53 },   // 0x29 ')'
  {  1612,  35,  35,  38,    1,  -50 },   // 0x2A '*'
  {  1766,  29,  29,  32,    2,  -36 },   // 0x2B '+'
  {  1872,  14,  21,  16,    1,  -14 },   // 0x2C ','
  {  1909,  23,  12,  27,    2,  -30 },   // 0x2D '-'
  {  1944,  14,  14,  16,    1,  -13 },   // 0x2E '.'
  {  1969,  33,  55,  36,    1,  -51 },   // 0x2F '/'
  {  2196,  43,  50,  45,    1,  -49 },   // 0x30 '0'
  {  2465,  27,  50,  28,   -1,  -50 },   // 0x31 '1'
  {  2634,  34,  51,  36,    1,  -51 },   // 0x32 '2'
  {  2851,  35,  54,  37,    1,  -52 },   // 0x33 '3'
  {  3088,  37,  51,  38,    0,  -50 },   // 0x34 '4'
  {  3324,  36,  51,  38,    1,  -50 },   // 0x35 '5'
  {  3554,  39,  52,  41,    1,  -50 },   // 0x36 '6'
  {  3808,  34,  50,  36,    1,  -50 },   // 0x37 '7'
  {  4021,  39,  51,  41,    1,  -50 },   // 0x38 '8'
  {  4270,  37,  51,  39,    1,  -50 },   // 0x39 '9'
  {  4506,  14,  37,  18,    2,  -36 },   // 0x3A ':'
  {  4571,  15,  43,  18,    1,  -36 },   // 0x3B ';'
  {  4652,  29,  41,  32,    2,  -44 },   // 0x3C '<'
  {  4801,  22,  26,  28,    3,  -34 },   // 0x3D '='
  {  4873,  29,  41,  32,    2,  -44 },   // 0x3E '>'
  {  5022,  37,  54,  39,    1,  -50 },   // 0x3F '?'
  {  5272,  44,  41,  47,    2,  -44 },   // 0x40 '@'
  {  5498,  46,  49,  44,   -1,  -49 },   // 0x41 'A'
  {  5780,  40,  52,  42,    2,  -50 },   // 0x42 'B'
  {  6040,  36,  51,  37,    0,  -50 },   // 0x43 'C'
  {  6270,  39,  49,  41,    2,  -48 },   // 0x44 'D'
  {  6509,  33,  50,  34,    2,  -49 },   // 0x45 'E'
  {  6716,  33,  50,  35,    2,  -49 },   // 0x46 'F'
  {  6923,  44,  52,  44,    0,  -50 },   // 0x47 'G'
  {  7209,  42,  51,  44,    1,  -49 },   // 0x48 'H'
  {  7477,  18,  48,  21,    2,  -48 },   // 0x49 'I'
  {  7585,  35,  51,  36,    0,  -49 },   // 0x4A 'J'
  {  7809,  45,  53,  44,    1,  -50 },   // 0x4B 'K'
  {  8108,  30,  48,  32,    2,  -49 },   // 0x4C 'L'
  {  8288,  53,  52,  56,    2,  -50 },   // 0x4D 'M'
  {  8633,  48,  50,  50,    1,  -50 },   // 0x4E 'N'
  {  8933,  44,  46,  45,    1,  -46 },   // 0x4F 'O'
  {  9186,  40,  51,  42,    2,  -50 },   // 0x50 'P'
  {  9441,  48,  56,  49,    0,  -48 },   // 0x51 'Q'
  {  9777,  41,  51,  43,    1,  -50 },   // 0x52 'R'
  { 10039,  36,  51,  38,    1,  -50 },   // 0x53 'S'
  { 10269,  38,  49,  39,    0,  -49 },   // 0x54 'T'
  { 10502,  42,  50,  44,    1,  -47 },   // 0x55 'U'
  { 10765,  45,  51,  44,   -1,  -49 },   // 0x56 'V'
  { 11052,  64,  50,  64,    0,  -49 },   // 0x57 'W'
  { 11452,  46,  51,  42,   -2,  -50 },   // 0x58 'X'
  { 11746,  46,  49,  43,    0,  -47 },   // 0x59 'Y'
  { 12028,  33,  50,  35,    0,  -50 },   // 0x5A 'Z'
  { 12235,  24,  59,  26,    2,  -53 },   // 0x5B '['
  { 12412,  34,  55,  36,    1,  -51 },   // 0x5C '\'
  { 12646,  24,  59,  26,    0,  -53 },   // 0x5D ']'
  { 12823,  34,  28,  34,    0,  -49 },   // 0x5E '^'
  { 12942,  23,  12,  21,   -1,    4 },   // 0x5F '_'
  { 12977,  20,  19,  20,    0,  -65 },   // 0x60 '`'
  { 13025,  46,  49,  44,   -1,  -49 },   // 0x61 'a'
  { 13307,  40,  52,  42,    2,  -50 },   // 0x62 'b'
  { 13567,  35,  50,  36,    1,  -48 },   // 0x63 'c'
  { 13786,  39,  48,  41,    2,  -48 },   // 0x64 'd'
  { 14020,  39,  51,  41,    1,  -49 },   // 0x65 'e'
  { 14269,  34,  48,  35,    1,  -48 },   // 0x66 'f'
  { 14473,  44,  51,  45,    0,  -50 },   // 0x67 'g'
  { 14754,  42,  49,  44,    1,  -48 },   // 0x68 'h'
  { 15012,  19,  48,  21,    1,  -48 },   // 0x69 'i'
  { 15126,  35,  51,  36,    0,  -49 },   // 0x6A 'j'
  { 15350,  42,  50,  43,    2,  -49 },   // 0x6B 'k'
  { 15613,  30,  49,  32,    2,  -49 },   // 0x6C 'l'
  { 15797,  61,  49,  64,    1,  -49 },   // 0x6D 'm'
  { 16171,  44,  50,  46,    1,  -50 },   // 0x6E 'n'
  { 16446,  44,  46,  45,    1,  -48 },   // 0x6F 'o'
  { 16699,  40,  49,  42,    2,  -48 },   // 0x70 'p'
  { 16944,  48,  56,  49,    0,  -48 },   // 0x71 'q'
  { 17280,  41,  51,  43,    1,  -50 },   // 0x72 'r'
  { 17542,  36,  50,  38,    1,  -49 },   // 0x73 's'
  { 17767,  38,  48,  39,    0,  -48 },   // 0x74 't'
  { 17995,  42,  50,  43,    1,  -48 },   // 0x75 'u'
  { 18258,  45,  49,  44,   -1,  -49 },   // 0x76 'v'
  { 18534,  64,  49,  65,    0,  -49 },   // 0x77 'w'
  { 18926,  45,  49,  42,   -1,  -48 },   // 0x78 'x'
  { 19202,  46,  47,  43,   -1,  -47 },   // 0x79 'y'
  { 19473,  33,  48,  35,    1,  -48 },   // 0x7A 'z'
  { 19671,  31,  61,  29,    0,  -54 },   // 0x7B '{'
  { 19908,  16,  59,  20,    2,  -53 },   // 0x7C '|'
  { 20026,  31,  61,  29,   -2,  -54 },   // 0x7D '}'
  { 20263,  39,  25,  41,    1,  -38 } }; // 0x7E '~'

const GFXfont LuckiestGuy36pt7b PROGMEM = {
  (uint8_t  *)LuckiestGuy36pt7bBitmaps,
  (GFXglyph *)LuckiestGuy36pt7bGlyphs,
  0x20, 0x7E, 71 };

// Approx. 21057 bytes
