const uint8_t LuckiestGuy50pt7bBitmaps[] PROGMEM = {
  0x00, 0xFF, 0xFF, 0xFF, 0xFF, 0xFF, 0xFF, 0x7F, 0xFF, 0xFF, 0x7F, 0xFF,
  0xFF, 0x7F, 0xFF, 0xFF, 0x7F, 0xFF, 0xFE, 0x7F, 0xFF, 0xFE, 0x7F, 0xFF,
  0xFE, 0x7F, 0xFF, 0xFE, 0x7F, 0xFF, 0xFE, 0x7F, 0xFF, 0xFE, 0x7F, 0xFF,
  0xFE, 0x7F, 0xFF, 0xFE, 0x7F, 0xFF, 0xFE, 0x7F, 0xFF, 0xFE, 0x7F, 0xFF,
  0xFE, 0x7F, 0xFF, 0xFE, 0x7F, 0xFF, 0xFE, 0x7F, 0xFF, 0xFC, 0x7F, 0xFF,
  0xFC, 0x7F, 0xFF, 0xFC, 0x7F, 0xFF, 0xFC, 0x7F, 0xFF, 0xFC, 0x7F, 0xFF,
  0xFC, 0x7F, 0xFF, 0xFC, 0x7F, 0xFF, 0xFC, 0x7F, 0xFF, 0xFC, 0x7F, 0xFF,
  0xFC, 0x7F, 0xFF, 0xFC, 0x3F, 0xFF, 0xFC, 0x3F, 0xFF, 0xFC, 0x3F, 0xFF,
  0xF8, 0x3F, 0xFF, 0xF8, 0x3F, 0xFF, 0xF8, 0x3F, 0xFF, 0xF8, 0x3F, 0xFF,
  0xF8, 0x3F, 0xFF, 0xF8, 0x3F, 0xFF, 0xF8, 0x3F, 0xFF, 0xF8, 0x3F, 0xFF,
  0xF8, 0x3F, 0xFF, 0xF8, 0x3F, 0xFF, 0xF8, 0x3F, 0xFF, 0xF8, 0x3F, 0xFF,
  0xF8, 0x3F, 0xFF, 0xF0, 0x3F, 0xFF, 0xF0, 0x3F, 0xFF, 0xF0, 0x3F, 0xFF,
  0xF0, 0x3F, 0xFF, 0xF0, 0x3F, 0xFF, 0xF0, 0x00, 0x00, 0x00, 0x00, 0x00,
  0x00, 0x00, 0x00, 0x00, 0x00, 0x00, 0x00, 0x00, 0x00, 0x00, 0x01, 0xFC,
  0x00, 0x07, 0xFF, 0x00, 0x0F, 0xFF, 0x80, 0x1F, 0xFF, 0xC0, 0x3F, 0xFF,
  0xE0, 0x3F, 0xFF, 0xF0, 0x7F, 0xFF, 0xF0, 0x7F, 0xFF, 0xF0, 0x7F, 0xFF,
  0xF8, 0x7F, 0xFF, 0xF8, 0x7F, 0xFF, 0xF8, 0x7F, 0xFF, 0xF8, 0x7F, 0xFF,
  0xF0, 0x7F, 0xFF, 0xF0, 0x3F, 0xFF, 0xF0, 0x3F, 0xFF, 0xE0, 0x1F, 0xFF,
  0xC0, 0x0F, 0xFF, 0x80, 0x07, 0xFF, 0x00, 0x01, 0xFC, 0x00, 0xFF, 0xFF,
  0xFE, 0x00, 0x00, 0x00, 0xFF, 0xFF, 0xFC, 0x00, 0x00, 0x01, 0xFF, 0xFF,
  0xF8, 0x00, 0x00, 0x03, 0xFF, 0xFF, 0xF7, 0xFF, 0xFF, 0xF7, 0xFF, 0xFF,
  0xEF, 0xFF, 0xFF, 0xEF, 0xFF, 0xFF, 0x8F, 0xFF, 0xFF, 0xDF, 0xFF, 0xFF,
  0x1F, 0xFF, 0xFF, 0xBF, 0xFF, 0xFE, 0x3F, 0xFF, 0xFE, 0x7F, 0xFF, 0xFC,
  0x7F, 0xFF, 0xFC, 0xFF, 0xFF, 0xF8, 0xFF, 0xFF, 0xF9, 0xFF, 0xFF, 0xE1,
  0xFF, 0xFF, 0xF1, 0xFF, 0xFF, 0xC3, 0xFF, 0xFF, 0xE3, 0xFF, 0xFF, 0x87,
  0xFF, 0xFF, 0xC7, 0xFF, 0xFF, 0x0F, 0xFF, 0xFF, 0x0F, 0xFF, 0xFE, 0x1F,
  0xFF, 0xFE, 0x1F, 0xFF, 0xFC, 0x1F, 0xFF, 0xFC, 0x3F, 0xFF, 0xF0, 0x3F,
  0xFF, 0xF8, 0x7F, 0xFF, 0xE0, 0x7F, 0xFF, 0xF0, 0xFF, 0xFF, 0xC0, 0xFF,
  0xFF, 0xC1, 0xFF, 0xFF, 0x81, 0xFF, 0xFF, 0x83, 0xFF, 0xFF, 0x03, 0xFF,
  0xFF, 0x03, 0xFF, 0xFC, 0x07, 0xFF, 0xFE, 0x07, 0xFF, 0xF8, 0x0F, 0xFF,
  0xFC, 0x0F, 0xFF, 0xF0, 0x1F, 0xFF, 0xF8, 0x1F, 0xFF, 0xE0, 0x1F, 0xFF,
  0xE0, 0x3F, 0xFF, 0xC0, 0x3F, 0xFF, 0xC0, 0x7F, 0xFF, 0x80, 0x7F, 0xFF,
  0x80, 0xFF, 0xFE, 0x00, 0xFF, 0xFF, 0x01, 0xFF, 0xFC, 0x01, 0xFF, 0xFE,
  0x00, 0x00, 0x00, 0x03, 0xFF, 0xF8, 0x00, 0x00, 0x00, 0x07, 0xFF, 0xF0,
  0x00, 0x00, 0x00, 0x0F, 0xFF, 0xE0, 0x00, 0x00, 0x00, 0x00, 0x7F, 0xFF,
  0x00, 0x00, 0x00, 0x00, 0x00, 0xFF, 0xFE, 0x00, 0x00, 0x00, 0x00, 0x01,
  0xFF, 0xF8, 0x00, 0x00, 0x00, 0x00, 0x03, 0xFF, 0xF0, 0x00, 0x00, 0x3F,
  0xFC, 0x07, 0xFF, 0xE0, 0x00, 0x00, 0x7F, 0xFE, 0x0F, 0xFF, 0xC0, 0x00,
  0x00, 0xFF, 0xF8, 0x3F, 0xFF, 0x80, 0x00, 0x03, 0xFF, 0xF0, 0x7F, 0xFF,
  0x00, 0x00, 0x07, 0xFF, 0xE0, 0xFF, 0xFE, 0x00, 0x00, 0x0F, 0xFF, 0xC1,
  0xFF, 0xF8, 0x00, 0x00, 0x1F, 0xFF, 0x83, 0xFF, 0xF0, 0x00, 0x1F, 0xFF,
  0xFF, 0xFF, 0xFF, 0xE0, 0x00, 0x3F, 0xFF, 0xFF, 0xFF, 0xFF, 0xFF, 0xE0,
  0xFF, 0xFF, 0xFF, 0xFF, 0xFF, 0xFF, 0x81, 0xFF, 0xFF, 0xFF, 0xFF, 0xFF,
  0xFF, 0x03, 0xFF, 0xFF, 0xFF, 0xFF, 0xFF, 0xFE, 0x07, 0xFF, 0xFF, 0xFF,
  0xFF, 0xFF, 0xFC, 0x0F, 0xFF, 0xFF, 0xFF, 0xFF, 0xFF, 0xF8, 0x3F, 0xFF,
  0xFF, 0xFF, 0xFF, 0xFF, 0xF0, 0x7F, 0xFF, 0xFF, 0xFF, 0xFF, 0xFF, 0xE0,
  0xFF, 0xFF, 0xFF, 0xFF, 0xFF, 0xFF, 0x81, 0xFF, 0xFF, 0xFF, 0xFF, 0xFF,
  0xFF, 0x03, 0xFF, 0xFF, 0xFF, 0xFF, 0xFF, 0xFE, 0x00, 0x0F, 0xFF, 0xFF,
  0xFF, 0xFF, 0xFC, 0x00, 0x1F, 0xFF, 0x07, 0xFF, 0xF0, 0x00, 0x00, 0x7F,
  0xFE, 0x0F, 0xFF, 0xE0, 0x00, 0x00, 0xFF, 0xFC, 0x1F, 0xFF, 0xC0, 0x00,
  0x01, 0xFF, 0xF8, 0x3F, 0xFF, 0x80, 0x00, 0x03, 0xFF, 0xF0, 0x7F, 0xFF,
  0x00, 0x00, 0x07, 0xFF, 0xE1, 0xFF, 0xFE, 0x00, 0x00, 0x1F, 0xFF, 0x83,
  0xFF, 0xF8, 0x00, 0x00, 0x3F, 0xFF, 0x07, 0xFF, 0xF0, 0x08, 0x3F, 0xFF,
  0xFF, 0xFF, 0xFF, 0xFF, 0xE0, 0x7F, 0xFF, 0xFF, 0xFF, 0xFF, 0xFF, 0xC0,
  0xFF, 0xFF, 0xFF, 0xFF, 0xFF, 0xFF, 0x81, 0xFF, 0xFF, 0xFF, 0xFF, 0xFF,
  0xFF, 0x07, 0xFF, 0xFF, 0xFF, 0xFF, 0xFF, 0xFE, 0x0F, 0xFF, 0xFF, 0xFF,
  0xFF, 0xFF, 0xFC, 0x1F, 0xFF, 0xFF, 0xFF, 0xFF, 0xFF, 0xF8, 0x3F, 0xFF,
  0xFF, 0xFF, 0xFF, 0xFF, 0xE0, 0x7F, 0xFF, 0xFF, 0xFF, 0xFF, 0xFF, 0xC0,
  0xFF, 0xFF, 0xFF, 0xFF, 0xFF, 0xFF, 0x83, 0xFF, 0xFF, 0xFF, 0xFF, 0xFF,
  0xFF, 0x07, 0xFF, 0xFF, 0xFF, 0xFF, 0xFF, 0xFE, 0x0F, 0xFF, 0xFF, 0xFF,
  0xFF, 0xFF, 0xFC, 0x00, 0x3F, 0xFF, 0x07, 0xFF, 0xF0, 0x00, 0x00, 0x7F,
  0xFE, 0x1F, 0xFF, 0xE0, 0x00, 0x01, 0xFF, 0xFC, 0x3F, 0xFF, 0xC0, 0x00,
  0x03, 0xFF, 0xF0, 0x7F, 0xFF, 0x80, 0x00, 0x07, 0xFF, 0xE0, 0xFF, 0xFF,
  0x00, 0x00, 0x0F, 0xFF, 0xC1, 0xFF, 0xFC, 0x00, 0x00, 0x00, 0x00, 0x03,
  0xFF, 0xF8, 0x00, 0x00, 0x00, 0x00, 0x0F, 0xFF, 0xF0, 0x00, 0x00, 0x00,
  0x3F, 0x3E, 0x00, 0x00, 0x00, 0x7C, 0xF8, 0x00, 0x00, 0x01, 0xF3, 0xE0,
  0x00, 0x00, 0x07, 0xCF, 0x80, 0x00, 0x00, 0x1F, 0x3E, 0x00, 0x00, 0x00,
  0x7C, 0xF8, 0x00, 0x00, 0x01, 0xF3, 0xE0, 0x00, 0x00, 0x07, 0xCF, 0x80,
  0x00, 0x00, 0x1F, 0x3E, 0x00, 0x00, 0x00, 0x7C, 0xF8, 0x00, 0x00, 0x01,
  0xF3, 0xE0, 0x00, 0x00, 0x07, 0xCF, 0x80, 0x00, 0x00, 0x1F, 0x3E, 0x00,
  0x00, 0x00, 0x7C, 0xF8, 0x00, 0x00, 0x01, 0xF3, 0xE0, 0x00, 0x00, 0x07,
  0xCF, 0x80, 0x00, 0x00, 0x1F, 0x3E, 0x00, 0x00, 0x00, 0x7C, 0xF8, 0x00,
  0x00, 0x01, 0xF7, 0xF8, 0x00, 0x00, 0x07, 0xFF, 0xFF, 0xC0, 0x00, 0x3F,
  0xFF, 0xFF, 0xE0, 0x03, 0xFF, 0xFF, 0xFF, 0x80, 0x3F, 0xFF, 0xFF, 0xFE,
  0x01, 0xFF, 0xFF, 0xFF, 0xF8, 0x0F, 0xFF, 0xFF, 0xFF, 0xC0, 0x7F, 0xFF,
  0xFF, 0xFF, 0x03, 0xFF, 0xFF, 0xFF, 0xFC, 0x1F, 0xFF, 0xFF, 0xFF, 0xF0,
  0x7F, 0xFF, 0xFF, 0xFF, 0xC1, 0xFF, 0xFF, 0xFF, 0xFF, 0x0F, 0xFF, 0xFF,
  0xFF, 0xFC, 0x3F, 0xFF, 0xF8, 0x03, 0xF0, 0xFF, 0xFF, 0x00, 0x00, 0x43,
  0xFF, 0xFC, 0x00, 0x00, 0x0F, 0xFF, 0xF0, 0x00, 0x00, 0x3F, 0xFF, 0xFF,
  0xFC, 0x00, 0xFF, 0xFF, 0xFF, 0xFE, 0x01, 0xFF, 0xFF, 0xFF, 0xFE, 0x07,
  0xFF, 0xFF, 0xFF, 0xFE, 0x0F, 0xFF, 0xFF, 0xFF, 0xF8, 0x3F, 0xFF, 0xFF,
  0xFF, 0xF0, 0x7F, 0xFF, 0xFF, 0xFF, 0xE0, 0x7F, 0xFF, 0xFF, 0xFF, 0x80,
  0xFF, 0xFF, 0xFF, 0xFE, 0x00, 0x7F, 0xFF, 0xFF, 0xFC, 0x00, 0x00, 0x7F,
  0xFF, 0xF0, 0x00, 0x00, 0x7F, 0xFF, 0xDC, 0x00, 0x01, 0xFF, 0xFF, 0x7E,
  0x00, 0x07, 0xFF, 0xFD, 0xFF, 0xE0, 0xFF, 0xFF, 0xF7, 0xFF, 0xFF, 0xFF,
  0xFF, 0x9F, 0xFF, 0xFF, 0xFF, 0xFE, 0x7F, 0xFF, 0xFF, 0xFF, 0xF9, 0xFF,
  0xFF, 0xFF, 0xFF, 0xCF, 0xFF, 0xFF, 0xFF, 0xFE, 0x3F, 0xFF, 0xFF, 0xFF,
  0xF8, 0xFF, 0xFF, 0xFF, 0xFF, 0xC3, 0xFF, 0xFF, 0xFF, 0xFE, 0x0F, 0xFF,
  0xFF, 0xFF, 0xE0, 0x07, 0xFF, 0xFF, 0xFE, 0x00, 0x03, 0xFF, 0xFF, 0xE0,
  0x00, 0x00, 0xFF, 0xF8, 0x00, 0x00, 0x01, 0xF3, 0xE0, 0x00, 0x00, 0x07,
  0xCF, 0x80, 0x00, 0x00, 0x1F, 0x1E, 0x00, 0x00, 0x00, 0x7C, 0x78, 0x00,
  0x00, 0x01, 0xF1, 0xE0, 0x00, 0x00, 0x07, 0xC7, 0x80, 0x00, 0x00, 0x1F,
  0x1E, 0x00, 0x00, 0x00, 0x7C, 0x78, 0x00, 0x00, 0x01, 0xF1, 0xE0, 0x00,
  0x00, 0x07, 0xC7, 0x80, 0x00, 0x00, 0x1F, 0x1E, 0x00, 0x00, 0x00, 0x7C,
  0x78, 0x00, 0x00, 0x01, 0xF1, 0xE0, 0x00, 0x00, 0x07, 0xC7, 0x80, 0x00,
  0x00, 0x1F, 0x1E, 0x00, 0x00, 0x00, 0x7C, 0x78, 0x00, 0x00, 0x01, 0xF1,
  0xE0, 0x00, 0x00, 0x07, 0xC7, 0x80, 0x00, 0x00, 0x1F, 0x1E, 0x00, 0x00,
  0x00, 0x00, 0x00, 0x00, 0x00, 0x10, 0x00, 0x00, 0x00, 0x00, 0x00, 0x00,
  0x00, 0x07, 0x00, 0x00, 0x00, 0x00, 0x00, 0x00, 0x00, 0x00, 0xFC, 0x00,
  0x00, 0x00, 0x00, 0x00, 0x00, 0x00, 0x3F, 0xE0, 0x00, 0x00, 0x00, 0x00,
  0x00, 0x00, 0x07, 0xF8, 0x00, 0x00, 0x00, 0x3F, 0xC0, 0x00, 0x01, 0xFF,
  0x00, 0x00, 0x00, 0x3F, 0xFF, 0x00, 0x00, 0x3F, 0xC0, 0x00, 0x00, 0x0F,
  0xFF, 0xF8, 0x00, 0x0F, 0xF8, 0x00, 0x00, 0x07, 0xFF, 0xFF, 0x80, 0x01,
  0xFF, 0x00, 0x00, 0x01, 0xFF, 0xFF, 0xFC, 0x00, 0x7F, 0xC0, 0x00, 0x00,
  0x7F, 0xFF, 0xFF, 0xC0, 0x0F, 0xF8, 0x00, 0x00, 0x1F, 0xFF, 0xFF, 0xF8,
  0x03, 0xFE, 0x00, 0x00, 0x03, 0xFF, 0xFF, 0xFF, 0x80, 0x7F, 0xC0, 0x00,
  0x00, 0xFF, 0xFF, 0xFF, 0xF0, 0x1F, 0xF0, 0x00, 0x00, 0x1F, 0xFC, 0x0F,
  0xFF, 0x03, 0xFE, 0x00, 0x00, 0x07, 0xFF, 0x80, 0xFF, 0xE0, 0xFF, 0xC0,
  0x00, 0x00, 0xFF, 0xE0, 0x1F, 0xFC, 0x1F, 0xF0, 0x00, 0x00, 0x1F, 0xFC,
  0x01, 0xFF, 0xC7, 0xFE, 0x00, 0x00, 0x03, 0xFF, 0x00, 0x3F, 0xF8, 0xFF,
  0x80, 0x00, 0x00, 0x7F, 0xE0, 0x07, 0xFF, 0x3F, 0xF0, 0x00, 0x00, 0x0F,
  0xFE, 0x00, 0xFF, 0xE7, 0xFC, 0x00, 0x00, 0x01, 0xFF, 0xC0, 0x3F, 0xF8,
  0xFF, 0x80, 0x00, 0x00, 0x3F, 0xFC, 0x0F, 0xFF, 0x3F, 0xF0, 0x00, 0x00,
  0x03, 0xFF, 0xC3, 0xFF, 0xE7, 0xFC, 0x00, 0x00, 0x00, 0x7F, 0xFF, 0xFF,
  0xF9, 0xFF, 0x80, 0x00, 0x00, 0x07, 0xFF, 0xFF, 0xFF, 0x3F, 0xE0, 0x00,
  0x00, 0x00, 0xFF, 0xFF, 0xFF, 0xCF, 0xFC, 0x00, 0x00, 0x00, 0x0F, 0xFF,
  0xFF, 0xF1, 0xFF, 0x80, 0x00, 0x00, 0x00, 0xFF, 0xFF, 0xFC, 0x3F, 0xE0,
  0x00, 0x00, 0x00, 0x0F, 0xFF, 0xFF, 0x0F, 0xFC, 0x03, 0xFF, 0x00, 0x00,
  0x7F, 0xFF, 0xC1, 0xFF, 0x83, 0xFF, 0xF8, 0x00, 0x03, 0xFF, 0xE0, 0x7F,
  0xE0, 0xFF, 0xFF, 0xC0, 0x00, 0x07, 0xC0, 0x0F, 0xFC, 0x7F, 0xFF, 0xFC,
  0x00, 0x00, 0x00, 0x03, 0xFF, 0x1F, 0xFF, 0xFF, 0xC0, 0x00, 0x00, 0x00,
  0x7F, 0xE7, 0xFF, 0xFF, 0xFC, 0x00, 0x00, 0x00, 0x0F, 0xFC, 0xFF, 0xFF,
  0xFF, 0xC0, 0x00, 0x00, 0x03, 0xFF, 0x3F, 0xFF, 0xFF, 0xF8, 0x00, 0x00,
  0x00, 0x7F, 0xEF, 0xFF, 0x8F, 0xFF, 0x80, 0x00, 0x00, 0x1F, 0xFD, 0xFF,
  0xE0, 0xFF, 0xF0, 0x00, 0x00, 0x03, 0xFF, 0x3F, 0xF8, 0x0F, 0xFF, 0x00,
  0x00, 0x00, 0x7F, 0xE7, 0xFE, 0x00, 0xFF, 0xE0, 0x00, 0x00, 0x1F, 0xF9,
  0xFF, 0xC0, 0x1F, 0xFC, 0x00, 0x00, 0x03, 0xFF, 0x3F, 0xF8, 0x03, 0xFF,
  0x80, 0x00, 0x00, 0xFF, 0xE7, 0xFF, 0x00, 0x7F, 0xF0, 0x00, 0x00, 0x1F,
  0xF8, 0xFF, 0xE0, 0x0F, 0xFE, 0x00, 0x00, 0x03, 0xFF, 0x0F, 0xFE, 0x03,
  0xFF, 0xC0, 0x00, 0x00, 0xFF, 0xE1, 0xFF, 0xC0, 0x7F, 0xF0, 0x00, 0x00,
  0x1F, 0xF8, 0x3F, 0xFE, 0x3F, 0xFE, 0x00, 0x00, 0x07, 0xFF, 0x03, 0xFF,
  0xFF, 0xFF, 0xC0, 0x00, 0x00, 0xFF, 0xE0, 0x7F, 0xFF, 0xFF, 0xF0, 0x00,
  0x00, 0x3F, 0xF8, 0x07, 0xFF, 0xFF, 0xFC, 0x00, 0x00, 0x07, 0xFF, 0x00,
  0x7F, 0xFF, 0xFF, 0x00, 0x00, 0x00, 0xFF, 0xE0, 0x07, 0xFF, 0xFF, 0xC0,
  0x00, 0x00, 0x3F, 0xF8, 0x00, 0x7F, 0xFF, 0xF0, 0x00, 0x00, 0x07, 0xFF,
  0x00, 0x03, 0xFF, 0xF8, 0x00, 0x00, 0x00, 0x7F, 0xE0, 0x00, 0x1F, 0xFC,
  0x00, 0x00, 0x00, 0x01, 0xF8, 0x00, 0x00, 0x00, 0x00, 0x00, 0x00, 0x00,
  0x07, 0x00, 0x00, 0x00, 0x00, 0x00, 0x00, 0x00, 0x00, 0x20, 0x00, 0x00,
  0x00, 0x00, 0x00, 0x00, 0x00, 0x00, 0xFF, 0x00, 0x00, 0x00, 0x00, 0x00,
  0x00, 0x1F, 0xFF, 0xE0, 0x00, 0x00, 0x00, 0x00, 0x00, 0xFF, 0xFF, 0xF0,
  0x00, 0x00, 0x00, 0x00, 0x07, 0xFF, 0xFF, 0xF8, 0x00, 0x00, 0x00, 0x00,
  0x3F, 0xFF, 0xFF, 0xFC, 0x00, 0x00, 0x00, 0x00, 0xFF, 0xFF, 0xFF, 0xFC,
  0x00, 0x00, 0x00, 0x03, 0xFF, 0xFF, 0xFF, 0xFC, 0x00, 0x00, 0x00, 0x0F,
  0xFF, 0xFF, 0xFF, 0xFC, 0x00, 0x00, 0x00, 0x3F, 0xFF, 0xFF, 0xFF, 0xF8,
  0x00, 0x00, 0x00, 0xFF, 0xFF, 0xFF, 0xFF, 0xF8, 0x00, 0x00, 0x03, 0xFF,
  0xFF, 0xFF, 0xFF, 0xF8, 0x00, 0x00, 0x07, 0xFF, 0xFF, 0xFF, 0xFF, 0xF0,
  0x00, 0x00, 0x0F, 0xFF, 0xF0, 0xFF, 0xFF, 0xE0, 0x00, 0x00, 0x3F, 0xFF,
  0xC0, 0xFF, 0xFF, 0xE0, 0x00, 0x00, 0x7F, 0xFF, 0x80, 0xFF, 0xFF, 0xC0,
  0x00, 0x00, 0xFF, 0xFF, 0x01, 0xFF, 0xFF, 0x80, 0x00, 0x01, 0xFF, 0xFE,
  0x03, 0xFF, 0xFF, 0x00, 0x00, 0x03, 0xFF, 0xFC, 0x0F, 0xFF, 0xFE, 0x00,
  0x00, 0x07, 0xFF, 0xF8, 0x1F, 0xFF, 0xF8, 0x00, 0x00, 0x0F, 0xFF, 0xF8,
  0x3F, 0xFF, 0xF0, 0x00, 0x00, 0x0F, 0xFF, 0xF0, 0xFF, 0xFF, 0xE0, 0x00,
  0x00, 0x1F, 0xFF, 0xF3, 0xFF, 0xFF, 0x80, 0x00, 0x00, 0x1F, 0xFF, 0xE7,
  0xFF, 0xFE, 0x00, 0x00, 0x00, 0x3F, 0xFF, 0xFF, 0xFF, 0xFC, 0x00, 0x00,
  0x00, 0x3F, 0xFF, 0xFF, 0xFF, 0xF0, 0x00, 0x00, 0x00, 0x7F, 0xFF, 0xFF,
  0xFF, 0xC0, 0x00, 0x00, 0x00, 0x7F, 0xFF, 0xFF, 0xFF, 0x00, 0x00, 0x00,
  0x00, 0x7F, 0xFF, 0xFF, 0xFC, 0x00, 0x00, 0x00, 0x00, 0x7F, 0xFF, 0xFF,
  0xF0, 0x00, 0x00, 0x00, 0x00, 0x7F, 0xFF, 0xFF, 0x80, 0x00, 0x00, 0x00,
  0x00, 0x7F, 0xFF, 0xFE, 0x00, 0x00, 0x00, 0x00, 0x00, 0xFF, 0xFF, 0xF8,
  0x00, 0x00, 0x00, 0x00, 0x07, 0xFF, 0xFF, 0xF8, 0x03, 0x00, 0x00, 0x00,
  0x1F, 0xFF, 0xFF, 0xF8, 0x07, 0xE0, 0x00, 0x00, 0x7F, 0xFF, 0xFF, 0xF8,
  0x1F, 0xFC, 0x00, 0x01, 0xFF, 0xFF, 0xFF, 0xFC, 0x3F, 0xFF, 0xC0, 0x0F,
  0xFF, 0xFF, 0xFF, 0xFC, 0xFF, 0xFF, 0x00, 0x3F, 0xFF, 0xFF, 0xFF, 0xFF,
  0xFF, 0xFE, 0x00, 0xFF, 0xFF, 0xFF, 0xFF, 0xFF, 0xFF, 0xF8, 0x01, 0xFF,
  0xFF, 0xFF, 0xFF, 0xFF, 0xFF, 0xF0, 0x07, 0xFF, 0xFF, 0xBF, 0xFF, 0xFF,
  0xFF, 0xC0, 0x1F, 0xFF, 0xFE, 0x7F, 0xFF, 0xFF, 0xFF, 0x80, 0x7F, 0xFF,
  0xF8, 0x7F, 0xFF, 0xFF, 0xFE, 0x00, 0xFF, 0xFF, 0xF0, 0x7F, 0xFF, 0xFF,
  0xFC, 0x03, 0xFF, 0xFF, 0xC0, 0x7F, 0xFF, 0xFF, 0xF0, 0x07, 0xFF, 0xFF,
  0x80, 0x7F, 0xFF, 0xFF, 0xC0, 0x1F, 0xFF, 0xFE, 0x00, 0x7F, 0xFF, 0xFF,
  0x80, 0x3F, 0xFF, 0xFC, 0x00, 0xFF, 0xFF, 0xFF, 0xC0, 0x7F, 0xFF, 0xF8,
  0x03, 0xFF, 0xFF, 0xFF, 0xC0, 0xFF, 0xFF, 0xF0, 0x0F, 0xFF, 0xFF, 0xFF,
  0xC1, 0xFF, 0xFF, 0xE0, 0x3F, 0xFF, 0xFF, 0xFF, 0xE3, 0xFF, 0xFF, 0xE1,
  0xFF, 0xFF, 0xFF, 0xFF, 0xE7, 0xFF, 0xFF, 0xFF, 0xFF, 0xFF, 0xFF, 0xFF,
  0xEF, 0xFF, 0xFF, 0xFF, 0xFF, 0xFF, 0xFF, 0xFF, 0x1F, 0xFF, 0xFF, 0xFF,
  0xFF, 0xFF, 0xFF, 0xFC, 0x1F, 0xFF, 0xFF, 0xFF, 0xFF, 0xFF, 0xFF, 0xF0,
  0x3F, 0xFF, 0xFF, 0xFF, 0xFF, 0xFF, 0xFF, 0xC0, 0x3F, 0xFF, 0xFF, 0xFF,
  0xFF, 0xE3, 0xFF, 0x00, 0x3F, 0xFF, 0xFF, 0xFF, 0xFF, 0x03, 0xF8, 0x00,
  0x3F, 0xFF, 0xFF, 0xFF, 0xFC, 0x01, 0xE0, 0x00, 0x3F, 0xFF, 0xFF, 0xFF,
  0xE0, 0x01, 0x80, 0x00, 0x1F, 0xFF, 0xFF, 0xFF, 0x00, 0x00, 0x00, 0x00,
  0x0F, 0xFF, 0xFF, 0xF8, 0x00, 0x00, 0x00, 0x00, 0x07, 0xFF, 0xFF, 0x80,
  0x00, 0x00, 0x00, 0x00, 0x00, 0xFF, 0xF0, 0x00, 0x00, 0x00, 0x00, 0xFF,
  0xFF, 0xFF, 0xFF, 0xFF, 0xFB, 0xFF, 0xFF, 0xF7, 0xFF, 0xFF, 0xEF, 0xFF,
  0xFF, 0xDF, 0xFF, 0xFF, 0xBF, 0xFF, 0xFE, 0x7F, 0xFF, 0xFC, 0xFF, 0xFF,
  0xF8, 0xFF, 0xFF, 0xF1, 0xFF, 0xFF, 0xE3, 0xFF, 0xFF, 0x87, 0xFF, 0xFF,
  0x0F, 0xFF, 0xFE, 0x1F, 0xFF, 0xFC, 0x3F, 0xFF, 0xF8, 0x7F, 0xFF, 0xF0,
  0xFF, 0xFF, 0xC1, 0xFF, 0xFF, 0x81, 0xFF, 0xFF, 0x03, 0xFF, 0xFE, 0x07,
  0xFF, 0xFC, 0x0F, 0xFF, 0xF0, 0x1F, 0xFF, 0xE0, 0x3F, 0xFF, 0xC0, 0x7F,
  0xFF, 0x80, 0xFF, 0xFF, 0x01, 0xFF, 0xFE, 0x03, 0xFF, 0xF8, 0x00, 0x00,
  0x00, 0x02, 0x00, 0x00, 0x00, 0x00, 0x0F, 0x00, 0x00, 0x00, 0x00, 0x7F,
  0x80, 0x00, 0x00, 0x01, 0xFF, 0xE0, 0x00, 0x00, 0x07, 0xFF, 0xF0, 0x00,
  0x00, 0x1F, 0xFF, 0xF8, 0x00, 0x00, 0x7F, 0xFF, 0xFC, 0x00, 0x01, 0xFF,
  0xFF, 0xFF, 0x00, 0x07, 0xFF, 0xFF, 0xFC, 0x00, 0x1F, 0xFF, 0xFF, 0xF0,
  0x00, 0x7F, 0xFF, 0xFF, 0x80, 0x01, 0xFF, 0xFF, 0xFE, 0x00, 0x03, 0xFF,
  0xFF, 0xF8, 0x00, 0x0F, 0xFF, 0xFF, 0xE0, 0x00, 0x3F, 0xFF, 0xFF, 0x80,
  0x00, 0x7F, 0xFF, 0xFE, 0x00, 0x01, 0xFF, 0xFF, 0xF8, 0x00, 0x03, 0xFF,
  0xFF, 0xF0, 0x00, 0x0F, 0xFF, 0xFF, 0xC0, 0x00, 0x3F, 0xFF, 0xFF, 0x00,
  0x00, 0x7F, 0xFF, 0xFE, 0x00, 0x00, 0xFF, 0xFF, 0xF8, 0x00, 0x03, 0xFF,
  0xFF, 0xE0, 0x00, 0x07, 0xFF, 0xFF, 0xC0, 0x00, 0x1F, 0xFF, 0xFF, 0x00,
  0x00, 0x3F, 0xFF, 0xFE, 0x00, 0x00, 0x7F, 0xFF, 0xFC, 0x00, 0x01, 0xFF,
  0xFF, 0xF0, 0x00, 0x03, 0xFF, 0xFF, 0xE0, 0x00, 0x07, 0xFF, 0xFF, 0xC0,
  0x00, 0x1F, 0xFF, 0xFF, 0x00, 0x00, 0x3F, 0xFF, 0xFE, 0x00, 0x00, 0x7F,
  0xFF, 0xFC, 0x00, 0x00, 0xFF, 0xFF, 0xF8, 0x00, 0x01, 0xFF, 0xFF, 0xE0,
  0x00, 0x03, 0xFF, 0xFF, 0xC0, 0x00, 0x0F, 0xFF, 0xFF, 0x80, 0x00, 0x1F,
  0xFF, 0xFF, 0x00, 0x00, 0x3F, 0xFF, 0xFE, 0x00, 0x00, 0x7F, 0xFF, 0xFC,
  0x00, 0x00, 0xFF, 0xFF, 0xF8, 0x00, 0x01, 0xFF, 0xFF, 0xF0, 0x00, 0x03,
  0xFF, 0xFF, 0xE0, 0x00, 0x07, 0xFF, 0xFF, 0xC0, 0x00, 0x0F, 0xFF, 0xFF,
  0x80, 0x00, 0x1F, 0xFF, 0xFF, 0x00, 0x00, 0x1F, 0xFF, 0xFE, 0x00, 0x00,
  0x3F, 0xFF, 0xFC, 0x00, 0x00, 0x7F, 0xFF, 0xF8, 0x00, 0x00, 0xFF, 0xFF,
  0xF8, 0x00, 0x01, 0xFF, 0xFF, 0xF0, 0x00, 0x03, 0xFF, 0xFF, 0xE0, 0x00,
  0x07, 0xFF, 0xFF, 0xC0, 0x00, 0x07, 0xFF, 0xFF, 0xC0, 0x00, 0x0F, 0xFF,
  0xFF, 0x80, 0x00, 0x1F, 0xFF, 0xFF, 0x00, 0x00, 0x3F, 0xFF, 0xFE, 0x00,
  0x00, 0x7F, 0xFF, 0xFE, 0x00, 0x00, 0x7F, 0xFF, 0xFC, 0x00, 0x00, 0xFF,
  0xFF, 0xFC, 0x00, 0x01, 0xFF, 0xFF, 0xF8, 0x00, 0x01, 0xFF, 0xFF, 0xF0,
  0x00, 0x03, 0xFF, 0xFF, 0xF0, 0x00, 0x07, 0xFF, 0xFF, 0xE0, 0x00, 0x07,
  0xFF, 0xFF, 0xE0, 0x00, 0x0F, 0xFF, 0xFF, 0xC0, 0x00, 0x0F, 0xFF, 0xFF,
  0xC0, 0x00, 0x1F, 0xFF, 0xFF, 0xC0, 0x00, 0x3F, 0xFF, 0xFF, 0x80, 0x00,
  0x3F, 0xFF, 0xFF, 0x80, 0x00, 0x3F, 0xFF, 0xFF, 0x80, 0x00, 0x7F, 0xFF,
  0xFF, 0x80, 0x00, 0x7F, 0xFF, 0xFF, 0x00, 0x00, 0xFF, 0xFF, 0xFF, 0x00,
  0x00, 0xFF, 0xFF, 0xFF, 0x00, 0x00, 0xFF, 0xFF, 0xFF, 0x80, 0x00, 0xFF,
  0xFF, 0xFE, 0x00, 0x01, 0xFF, 0xFF, 0xE0, 0x00, 0x01, 0xFF, 0xFF, 0x00,
  0x00, 0x01, 0xFF, 0xF0, 0x00, 0x00, 0x01, 0xFF, 0x80, 0x00, 0x00, 0x00,
  0xF8, 0x00, 0x00, 0x00, 0x00, 0xC0, 0x00, 0x00, 0x00, 0x00, 0x08, 0x00,
  0x00, 0x00, 0x00, 0x78, 0x00, 0x00, 0x00, 0x07, 0xF8, 0x00, 0x00, 0x00,
  0x3F, 0xFC, 0x00, 0x00, 0x03, 0xFF, 0xFC, 0x00, 0x00, 0x1F, 0xFF, 0xFC,
  0x00, 0x01, 0xFF, 0xFF, 0xF8, 0x00, 0x0F, 0xFF, 0xFF, 0xF8, 0x00, 0x07,
  0xFF, 0xFF, 0xF8, 0x00, 0x07, 0xFF, 0xFF, 0xF8, 0x00, 0x07, 0xFF, 0xFF,
  0xF0, 0x00, 0x07, 0xFF, 0xFF, 0xF0, 0x00, 0x0F, 0xFF, 0xFF, 0xF0, 0x00,
  0x0F, 0xFF, 0xFF, 0xE0, 0x00, 0x0F, 0xFF, 0xFF, 0xE0, 0x00, 0x1F, 0xFF,
  0xFF, 0xC0, 0x00, 0x1F, 0xFF, 0xFF, 0xC0, 0x00, 0x1F, 0xFF, 0xFF, 0x80,
  0x00, 0x3F, 0xFF, 0xFF, 0x00, 0x00, 0x3F, 0xFF, 0xFF, 0x00, 0x00, 0x7F,
  0xFF, 0xFE, 0x00, 0x00, 0x7F, 0xFF, 0xFE, 0x00, 0x00, 0xFF, 0xFF, 0xFC,
  0x00, 0x00, 0xFF, 0xFF, 0xF8, 0x00, 0x01, 0xFF, 0xFF, 0xF8, 0x00, 0x03,
  0xFF, 0xFF, 0xF0, 0x00, 0x03, 0xFF, 0xFF, 0xE0, 0x00, 0x07, 0xFF, 0xFF,
  0xC0, 0x00, 0x0F, 0xFF, 0xFF, 0xC0, 0x00, 0x0F, 0xFF, 0xFF, 0x80, 0x00,
  0x1F, 0xFF, 0xFF, 0x00, 0x00, 0x3F, 0xFF, 0xFE, 0x00, 0x00, 0x7F, 0xFF,
  0xFC, 0x00, 0x00, 0xFF, 0xFF, 0xF8, 0x00, 0x00, 0xFF, 0xFF, 0xF8, 0x00,
  0x01, 0xFF, 0xFF, 0xF0, 0x00, 0x03, 0xFF, 0xFF, 0xE0, 0x00, 0x07, 0xFF,
  0xFF, 0xC0, 0x00, 0x0F, 0xFF, 0xFF, 0x80, 0x00, 0x1F, 0xFF, 0xFF, 0x00,
  0x00, 0x3F, 0xFF, 0xFE, 0x00, 0x00, 0x7F, 0xFF, 0xFC, 0x00, 0x00, 0xFF,
  0xFF, 0xF8, 0x00, 0x01, 0xFF, 0xFF, 0xF0, 0x00, 0x03, 0xFF, 0xFF, 0xE0,
  0x00, 0x07, 0xFF, 0xFF, 0xC0, 0x00, 0x0F, 0xFF, 0xFF, 0x80, 0x00, 0x1F,
  0xFF, 0xFF, 0x00, 0x00, 0x3F, 0xFF, 0xFE, 0x00, 0x00, 0x7F, 0xFF, 0xFC,
  0x00, 0x01, 0xFF, 0xFF, 0xF0, 0x00, 0x03, 0xFF, 0xFF, 0xE0, 0x00, 0x07,
  0xFF, 0xFF, 0xC0, 0x00, 0x0F, 0xFF, 0xFF, 0x80, 0x00, 0x3F, 0xFF, 0xFF,
  0x00, 0x00, 0x7F, 0xFF, 0xFC, 0x00, 0x00, 0xFF, 0xFF, 0xF8, 0x00, 0x03,
  0xFF, 0xFF, 0xF0, 0x00, 0x07, 0xFF, 0xFF, 0xC0, 0x00, 0x1F, 0xFF, 0xFF,
  0x80, 0x00, 0x3F, 0xFF, 0xFE, 0x00, 0x00, 0xFF, 0xFF, 0xFC, 0x00, 0x01,
  0xFF, 0xFF, 0xF8, 0x00, 0x07, 0xFF, 0xFF, 0xE0, 0x00, 0x0F, 0xFF, 0xFF,
  0xC0, 0x00, 0x3F, 0xFF, 0xFF, 0x00, 0x00, 0xFF, 0xFF, 0xFE, 0x00, 0x03,
  0xFF, 0xFF, 0xF8, 0x00, 0x0F, 0xFF, 0xFF, 0xE0, 0x00, 0x1F, 0xFF, 0xFF,
  0xC0, 0x00, 0x7F, 0xFF, 0xFF, 0x00, 0x01, 0xFF, 0xFF, 0xFC, 0x00, 0x0F,
  0xFF, 0xFF, 0xF0, 0x00, 0x3F, 0xFF, 0xFF, 0xE0, 0x00, 0xFF, 0xFF, 0xFF,
  0x80, 0x07, 0xFF, 0xFF, 0xFE, 0x00, 0x03, 0xFF, 0xFF, 0xF8, 0x00, 0x00,
  0xFF, 0xFF, 0xE0, 0x00, 0x00, 0x7F, 0xFF, 0x80, 0x00, 0x00, 0x3F, 0xFE,
  0x00, 0x00, 0x00, 0x1F, 0xF0, 0x00, 0x00, 0x00, 0x07, 0xC0, 0x00, 0x00,
  0x00, 0x02, 0x00, 0x00, 0x00, 0x00, 0x00, 0xFF, 0xFF, 0x00, 0x00, 0x00,
  0x00, 0xFF, 0xFE, 0x00, 0x00, 0x00, 0x00, 0xFF, 0xFE, 0x00, 0x00, 0x00,
  0x00, 0xFF, 0xFE, 0x00, 0x00, 0x00, 0x00, 0xFF, 0xFE, 0x00, 0x00, 0x00,
  0x00, 0xFF, 0xFE, 0x00, 0x00, 0x00, 0x00, 0xFF, 0xFE, 0x00, 0x00, 0x00,
  0x00, 0xFF, 0xFE, 0x00, 0x40, 0x00, 0x00, 0xFF, 0xFE, 0x00, 0xC0, 0x04,
  0x00, 0xFF, 0xFE, 0x03, 0xC0, 0x07, 0x00, 0xFF, 0xFE, 0x07, 0xE0, 0x07,
  0xC0, 0xFF, 0xFE, 0x0F, 0xE0, 0x0F, 0xF0, 0xFF, 0xFE, 0x3F, 0xF0, 0x0F,
  0xFC, 0xFF, 0xFE, 0x7F, 0xF0, 0x0F, 0xFF, 0xFF, 0xFE, 0xFF, 0xF8, 0x1F,
  0xFF, 0xFF, 0xFF, 0xFF, 0xF8, 0x1F, 0xFF, 0xFF, 0xFF, 0xFF, 0xFC, 0x3F,
  0xFF, 0xFF, 0xFF, 0xFF, 0xFC, 0x3F, 0xFF, 0xFF, 0xFF, 0xFF, 0xFE, 0x3F,
  0xFF, 0xFF, 0xFF, 0xFF, 0xFE, 0x7F, 0xFF, 0xFF, 0xFF, 0xFF, 0xFF, 0x7F,
  0xFF, 0xFF, 0xFF, 0xFF, 0xFF, 0xFF, 0xFF, 0xFF, 0xFF, 0xFF, 0xFC, 0x7F,
  0xFF, 0xFF, 0xFF, 0xFF, 0xE0, 0x1F, 0xFF, 0xFF, 0xFF, 0xFF, 0x80, 0x03,
  0xFF, 0xFF, 0xFF, 0xFC, 0x00, 0x00, 0xFF, 0xFF, 0xFF, 0xF8, 0x00, 0x00,
  0x1F, 0xFF, 0xFF, 0xFC, 0x00, 0x00, 0x0F, 0xFF, 0xFF, 0xFE, 0x00, 0x00,
  0x1F, 0xFF, 0xFF, 0xFF, 0x00, 0x00, 0x3F, 0xFF, 0xFF, 0xFF, 0x00, 0x00,
  0x7F, 0xFF, 0xFF, 0xFF, 0x80, 0x00, 0xFF, 0xFF, 0xFF, 0xFF, 0xC0, 0x01,
  0xFF, 0xFF, 0xFF, 0xFF, 0xE0, 0x01, 0xFF, 0xFF, 0x7F, 0xFF, 0xF0, 0x03,
  0xFF, 0xFE, 0x3F, 0xFF, 0xF0, 0x07, 0xFF, 0xFE, 0x3F, 0xFF, 0xF8, 0x0F,
  0xFF, 0xFC, 0x1F, 0xFF, 0xFC, 0x1F, 0xFF, 0xFC, 0x0F, 0xFF, 0xF0, 0x07,
  0xFF, 0xF8, 0x0F, 0xFF, 0xE0, 0x03, 0xFF, 0xF0, 0x07, 0xFF, 0xC0, 0x01,
  0xFF, 0xF0, 0x03, 0xFF, 0x80, 0x00, 0xFF, 0xE0, 0x03, 0xFE, 0x00, 0x00,
  0x3F, 0xE0, 0x01, 0xFC, 0x00, 0x00, 0x1F, 0xC0, 0x00, 0xF8, 0x00, 0x00,
  0x0F, 0x80, 0x00, 0xF0, 0x00, 0x00, 0x03, 0x80, 0x00, 0x40, 0x00, 0x00,
  0x01, 0x00, 0x00, 0x00, 0x00, 0x00, 0x00, 0x07, 0xE0, 0x00, 0x00, 0x0F,
  0xFF, 0xE0, 0x00, 0x00, 0x0F, 0xFF, 0xE0, 0x00, 0x00, 0x0F, 0xFF, 0xE0,
  0x00, 0x00, 0x0F, 0xFF, 0xE0, 0x00, 0x00, 0x0F, 0xFF, 0xE0, 0x00, 0x00,
  0x0F, 0xFF, 0xE0, 0x00, 0x00, 0x0F, 0xFF, 0xE0, 0x00, 0x00, 0x0F, 0xFF,
  0xE0, 0x00, 0x00, 0x0F, 0xFF, 0xE0, 0x00, 0x00, 0x0F, 0xFF, 0xE0, 0x00,
  0x00, 0x0F, 0xFF, 0xE0, 0x00, 0x00, 0x0F, 0xFF, 0xFF, 0xFF, 0xFF, 0xFF,
  0xFF, 0xFF, 0xFF, 0xFF, 0xFF, 0xFF, 0xFF, 0xFF, 0xFF, 0xFF, 0xFF, 0xFF,
  0xFF, 0xFF, 0xFF, 0xFF, 0xFF, 0xFF, 0xFF, 0xFF, 0xFF, 0xFF, 0xFF, 0xFF,
  0xFF, 0xFF, 0xFF, 0xFF, 0xFF, 0xFF, 0xFF, 0xFF, 0xFF, 0xFF, 0xFF, 0xFF,
  0xFF, 0xFF, 0x7F, 0xFF, 0xFF, 0xFF, 0xFF, 0x7F, 0xFF, 0xFF, 0xFF, 0xFF,
  0x7F, 0xFF, 0xFF, 0xFF, 0xFF, 0x7F, 0xFF, 0xFF, 0xFF, 0xFF, 0x7F, 0xFF,
  0xFF, 0xFF, 0xFF, 0x7F, 0xFF, 0xFF, 0xFF, 0xFF, 0x1F, 0xFF, 0xFF, 0xFF,
  0xFF, 0x00, 0x07, 0xFF, 0xF0, 0x00, 0x00, 0x07, 0xFF, 0xF0, 0x00, 0x00,
  0x07, 0xFF, 0xF0, 0x00, 0x00, 0x07, 0xFF, 0xF0, 0x00, 0x00, 0x07, 0xFF,
  0xF0, 0x00, 0x00, 0x07, 0xFF, 0xF0, 0x00, 0x00, 0x07, 0xFF, 0xF0, 0x00,
  0x00, 0x07, 0xFF, 0xF0, 0x00, 0x00, 0x07, 0xFF, 0xF0, 0x00, 0x00, 0x07,
  0xFF, 0xF0, 0x00, 0x00, 0x07, 0xFF, 0xF0, 0x00, 0x00, 0x07, 0xFF, 0xF0,
  0x00, 0x01, 0xF8, 0x00, 0x7F, 0xE0, 0x1F, 0xFF, 0x03, 0xFF, 0xF8, 0x7F,
  0xFF, 0xC7, 0xFF, 0xFE, 0xFF, 0xFF, 0xEF, 0xFF, 0xFF, 0xFF, 0xFF, 0xFF,
  0xFF, 0xFF, 0xFF, 0xFF, 0xFF, 0xFF, 0xFF, 0xFF, 0xFF, 0xFF, 0xFF, 0xFE,
  0x7F, 0xFF, 0xE7, 0xFF, 0xFE, 0x3F, 0xFF, 0xC1, 0xFF, 0xFC, 0x0F, 0xFF,
  0xC0, 0x3F, 0xF8, 0x03, 0xFF, 0x00, 0x3F, 0xF0, 0x03, 0xFE, 0x00, 0x3F,
  0xC0, 0x03, 0xF8, 0x00, 0x3F, 0x00, 0x03, 0xE0, 0x00, 0x1C, 0x00, 0x01,
  0x80, 0x00, 0x20, 0x00, 0x00, 0x00, 0xFF, 0xFF, 0xFF, 0xFF, 0xFF, 0xFF,
  0xFF, 0xFF, 0xFF, 0xFF, 0xFF, 0xFF, 0xFF, 0xFF, 0xFF, 0xFF, 0xFF, 0xFF,
  0xFF, 0xFF, 0xFF, 0xFF, 0xFF, 0xFF, 0xFF, 0xFF, 0xFF, 0xFF, 0xFF, 0xFF,
  0xFF, 0xFF, 0xFF, 0xFF, 0xFF, 0xFF, 0xFF, 0xFF, 0xFF, 0xFF, 0xFF, 0xFF,
  0xFF, 0xFF, 0xFF, 0xFF, 0xFF, 0xFF, 0xFF, 0xFF, 0xFF, 0xFF, 0xFF, 0xFF,
  0xFF, 0xFF, 0xFF, 0xFF, 0xFF, 0xFF, 0x01, 0xF8, 0x00, 0x7F, 0xE0, 0x1F,
  0xFF, 0x03, 0xFF, 0xF8, 0x3F, 0xFF, 0xC7, 0xFF, 0xFE, 0x7F, 0xFF, 0xEF,
  0xFF, 0xFF, 0xFF, 0xFF, 0xFF, 0xFF, 0xFF, 0xFF, 0xFF, 0xFF, 0xFF, 0xFF,
  0xFF, 0xFF, 0xFF, 0xFF, 0xFE, 0x7F, 0xFF, 0xE7, 0xFF, 0xFC, 0x3F, 0xFF,
  0xC1, 0xFF, 0xF8, 0x0F, 0xFE, 0x00, 0x3F, 0xC0, 0x00, 0x00, 0x00, 0x02,
  0x00, 0x00, 0x00, 0x00, 0x00, 0x0E, 0x00, 0x00, 0x00, 0x00, 0x00, 0x7E,
  0x00, 0x00, 0x00, 0x00, 0x03, 0xFF, 0x00, 0x00, 0x00, 0x00, 0x0F, 0xFF,
  0x00, 0x00, 0x00, 0x00, 0x7F, 0xFF, 0x00, 0x00, 0x00, 0x01, 0xFF, 0xFF,
  0xC0, 0x00, 0x00, 0x0F, 0xFF, 0xFE, 0x00, 0x00, 0x00, 0x3F, 0xFF, 0xF8,
  0x00, 0x00, 0x01, 0xFF, 0xFF, 0xC0, 0x00, 0x00, 0x07, 0xFF, 0xFF, 0x00,
  0x00, 0x00, 0x3F, 0xFF, 0xF8, 0x00, 0x00, 0x00, 0xFF, 0xFF, 0xE0, 0x00,
  0x00, 0x07, 0xFF, 0xFF, 0x00, 0x00, 0x00, 0x1F, 0xFF, 0xFC, 0x00, 0x00,
  0x00, 0xFF, 0xFF, 0xF0, 0x00, 0x00, 0x03, 0xFF, 0xFF, 0x80, 0x00, 0x00,
  0x1F, 0xFF, 0xFE, 0x00, 0x00, 0x00, 0x7F, 0xFF, 0xF0, 0x00, 0x00, 0x03,
  0xFF, 0xFF, 0xC0, 0x00, 0x00, 0x0F, 0xFF, 0xFE, 0x00, 0x00, 0x00, 0x3F,
  0xFF, 0xF8, 0x00, 0x00, 0x01, 0xFF, 0xFF, 0xE0, 0x00, 0x00, 0x07, 0xFF,
  0xFF, 0x00, 0x00, 0x00, 0x3F, 0xFF, 0xFC, 0x00, 0x00, 0x00, 0xFF, 0xFF,
  0xE0, 0x00, 0x00, 0x07, 0xFF, 0xFF, 0x80, 0x00, 0x00, 0x1F, 0xFF, 0xFE,
  0x00, 0x00, 0x00, 0xFF, 0xFF, 0xF0, 0x00, 0x00, 0x03, 0xFF, 0xFF, 0xC0,
  0x00, 0x00, 0x0F, 0xFF, 0xFE, 0x00, 0x00, 0x00, 0x7F, 0xFF, 0xF8, 0x00,
  0x00, 0x01, 0xFF, 0xFF, 0xE0, 0x00, 0x00, 0x0F, 0xFF, 0xFF, 0x00, 0x00,
  0x00, 0x3F, 0xFF, 0xFC, 0x00, 0x00, 0x01, 0xFF, 0xFF, 0xE0, 0x00, 0x00,
  0x07, 0xFF, 0xFF, 0x80, 0x00, 0x00, 0x3F, 0xFF, 0xFE, 0x00, 0x00, 0x00,
  0xFF, 0xFF, 0xF0, 0x00, 0x00, 0x03, 0xFF, 0xFF, 0xC0, 0x00, 0x00, 0x1F,
  0xFF, 0xFE, 0x00, 0x00, 0x00, 0x7F, 0xFF, 0xF8, 0x00, 0x00, 0x03, 0xFF,
  0xFF, 0xE0, 0x00, 0x00, 0x0F, 0xFF, 0xFF, 0x00, 0x00, 0x00, 0x3F, 0xFF,
  0xFC, 0x00, 0x00, 0x01, 0xFF, 0xFF, 0xF0, 0x00, 0x00, 0x07, 0xFF, 0xFF,
  0x80, 0x00, 0x00, 0x3F, 0xFF, 0xFE, 0x00, 0x00, 0x00, 0xFF, 0xFF, 0xF0,
  0x00, 0x00, 0x03, 0xFF, 0xFF, 0xC0, 0x00, 0x00, 0x1F, 0xFF, 0xFF, 0x00,
  0x00, 0x00, 0x7F, 0xFF, 0xF8, 0x00, 0x00, 0x03, 0xFF, 0xFF, 0xE0, 0x00,
  0x00, 0x0F, 0xFF, 0xFF, 0x80, 0x00, 0x00, 0x3F, 0xFF, 0xFC, 0x00, 0x00,
  0x01, 0xFF, 0xFF, 0xF0, 0x00, 0x00, 0x07, 0xFF, 0xFF, 0xC0, 0x00, 0x00,
  0x3F, 0xFF, 0xFE, 0x00, 0x00, 0x00, 0xFF, 0xFF, 0xF8, 0x00, 0x00, 0x07,
  0xFF, 0xFF, 0xE0, 0x00, 0x00, 0x1F, 0xFF, 0xFF, 0x00, 0x00, 0x00, 0x7F,
  0xFF, 0xFC, 0x00, 0x00, 0x03, 0xFF, 0xFF, 0xE0, 0x00, 0x00, 0x0F, 0xFF,
  0xFF, 0x80, 0x00, 0x00, 0x7F, 0xFF, 0xFE, 0x00, 0x00, 0x01, 0xFF, 0xFF,
  0xF0, 0x00, 0x00, 0x07, 0xFF, 0xFF, 0xC0, 0x00, 0x00, 0x3F, 0xFF, 0xFF,
  0x00, 0x00, 0x00, 0x7F, 0xFF, 0xF8, 0x00, 0x00, 0x00, 0x7F, 0xFF, 0xE0,
  0x00, 0x00, 0x00, 0x3F, 0xFF, 0x80, 0x00, 0x00, 0x00, 0x3F, 0xFC, 0x00,
  0x00, 0x00, 0x00, 0x1F, 0xF0, 0x00, 0x00, 0x00, 0x00, 0x1F, 0xC0, 0x00,
  0x00, 0x00, 0x00, 0x0E, 0x00, 0x00, 0x00, 0x00, 0x00, 0x08, 0x00, 0x00,
  0x00, 0x00, 0x00, 0x00, 0x3F, 0xC0, 0x00, 0x00, 0x00, 0x00, 0x00, 0x3F,
  0xFF, 0xC0, 0x00, 0x00, 0x00, 0x00, 0x1F, 0xFF, 0xFF, 0x80, 0x00, 0x00,
  0x00, 0x07, 0xFF, 0xFF, 0xFE, 0x00, 0x00, 0x00, 0x00, 0xFF, 0xFF, 0xFF,
  0xF8, 0x00, 0x00, 0x00, 0x3F, 0xFF, 0xFF, 0xFF, 0xC0, 0x00, 0x00, 0x07,
  0xFF, 0xFF, 0xFF, 0xFE, 0x00, 0x00, 0x00, 0xFF, 0xFF, 0xFF, 0xFF, 0xF0,
  0x00, 0x00, 0x1F, 0xFF, 0xFF, 0xFF, 0xFF, 0x80, 0x00, 0x03, 0xFF, 0xFF,
  0xFF, 0xFF, 0xFC, 0x00, 0x00, 0x7F, 0xFF, 0xFF, 0xFF, 0xFF, 0xE0, 0x00,
  0x0F, 0xFF, 0xFF, 0xFF, 0xFF, 0xFF, 0x00, 0x01, 0xFF, 0xFF, 0xFF, 0xFF,
  0xFF, 0xF8, 0x00, 0x1F, 0xFF, 0xFF, 0xFF, 0xFF, 0xFF, 0x80, 0x03, 0xFF,
  0xFF, 0xFF, 0xFF, 0xFF, 0xFC, 0x00, 0x7F, 0xFF, 0xFF, 0xFF, 0xFF, 0xFF,
  0xE0, 0x07, 0xFF, 0xFF, 0xFF, 0xFF, 0xFF, 0xFE, 0x00, 0xFF, 0xFF, 0xFF,
  0xFF, 0xFF, 0xFF, 0xF0, 0x0F, 0xFF, 0xFF, 0xFF, 0xFF, 0xFF, 0xFF, 0x01,
  0xFF, 0xFF, 0xFF, 0xFF, 0xFF, 0xFF, 0xF8, 0x1F, 0xFF, 0xFF, 0xFF, 0xFF,
  0xFF, 0xFF, 0x81, 0xFF, 0xFF, 0xFF, 0x1F, 0xFF, 0xFF, 0xF8, 0x3F, 0xFF,
  0xFF, 0xC0, 0x7F, 0xFF, 0xFF, 0xC3, 0xFF, 0xFF, 0xF0, 0x01, 0xFF, 0xFF,
  0xFC, 0x3F, 0xFF, 0xFE, 0x00, 0x0F, 0xFF, 0xFF, 0xC3, 0xFF, 0xFF, 0xE0,
  0x00, 0xFF, 0xFF, 0xFC, 0x7F, 0xFF, 0xFC, 0x00, 0x07, 0xFF, 0xFF, 0xE7,
  0xFF, 0xFF, 0xC0, 0x00, 0x7F, 0xFF, 0xFE, 0x7F, 0xFF, 0xF8, 0x00, 0x03,
  0xFF, 0xFF, 0xE7, 0xFF, 0xFF, 0x80, 0x00, 0x3F, 0xFF, 0xFE, 0x7F, 0xFF,
  0xF0, 0x00, 0x01, 0xFF, 0xFF, 0xE7, 0xFF, 0xFF, 0x00, 0x00, 0x1F, 0xFF,
  0xFE, 0xFF, 0xFF, 0xF0, 0x00, 0x01, 0xFF, 0xFF, 0xFF, 0xFF, 0xFF, 0x00,
  0x00, 0x1F, 0xFF, 0xFF, 0xFF, 0xFF, 0xF0, 0x00, 0x01, 0xFF, 0xFF, 0xFF,
  0xFF, 0xFF, 0x00, 0x00, 0x1F, 0xFF, 0xFF, 0xFF, 0xFF, 0xF0, 0x00, 0x01,
  0xFF, 0xFF, 0xFF, 0xFF, 0xFF, 0x00, 0x00, 0x1F, 0xFF, 0xFF, 0x7F, 0xFF,
  0xF0, 0x00, 0x01, 0xFF, 0xFF, 0xE7, 0xFF, 0xFF, 0x00, 0x00, 0x1F, 0xFF,
  0xFE, 0x7F, 0xFF, 0xF0, 0x00, 0x01, 0xFF, 0xFF, 0xE7, 0xFF, 0xFF, 0x00,
  0x00, 0x1F, 0xFF, 0xFE, 0x7F, 0xFF, 0xF8, 0x00, 0x03, 0xFF, 0xFF, 0xE7,
  0xFF, 0xFF, 0x80, 0x00, 0x3F, 0xFF, 0xFE, 0x3F, 0xFF, 0xF8, 0x00, 0x03,
  0xFF, 0xFF, 0xC3, 0xFF, 0xFF, 0xC0, 0x00, 0x7F, 0xFF, 0xFC, 0x3F, 0xFF,
  0xFC, 0x00, 0x07, 0xFF, 0xFF, 0xC1, 0xFF, 0xFF, 0xE0, 0x00, 0xFF, 0xFF,
  0xF8, 0x1F, 0xFF, 0xFF, 0x00, 0x1F, 0xFF, 0xFF, 0x81, 0xFF, 0xFF, 0xF8,
  0x03, 0xFF, 0xFF, 0xF8, 0x0F, 0xFF, 0xFF, 0xE0, 0xFF, 0xFF, 0xFF, 0x00,
  0xFF, 0xFF, 0xFF, 0xFF, 0xFF, 0xFF, 0xF0, 0x07, 0xFF, 0xFF, 0xFF, 0xFF,
  0xFF, 0xFE, 0x00, 0x7F, 0xFF, 0xFF, 0xFF, 0xFF, 0xFF, 0xE0, 0x03, 0xFF,
  0xFF, 0xFF, 0xFF, 0xFF, 0xFC, 0x00, 0x3F, 0xFF, 0xFF, 0xFF, 0xFF, 0xFF,
  0xC0, 0x01, 0xFF, 0xFF, 0xFF, 0xFF, 0xFF, 0xF8, 0x00, 0x0F, 0xFF, 0xFF,
  0xFF, 0xFF, 0xFF, 0x00, 0x00, 0x7F, 0xFF, 0xFF, 0xFF, 0xFF, 0xE0, 0x00,
  0x07, 0xFF, 0xFF, 0xFF, 0xFF, 0xFE, 0x00, 0x00, 0x3F, 0xFF, 0xFF, 0xFF,
  0xFF, 0xC0, 0x00, 0x01, 0xFF, 0xFF, 0xFF, 0xFF, 0xF8, 0x00, 0x00, 0x0F,
  0xFF, 0xFF, 0xFF, 0xFF, 0x00, 0x00, 0x00, 0x3F, 0xFF, 0xFF, 0xFF, 0xC0,
  0x00, 0x00, 0x01, 0xFF, 0xFF, 0xFF, 0xF8, 0x00, 0x00, 0x00, 0x0F, 0xFF,
  0xFF, 0xFE, 0x00, 0x00, 0x00, 0x00, 0x3F, 0xFF, 0xFF, 0xC0, 0x00, 0x00,
  0x00, 0x00, 0x7F, 0xFF, 0xE0, 0x00, 0x00, 0x00, 0x00, 0x00, 0xFF, 0xF0,
  0x00, 0x00, 0x00, 0x00, 0x01, 0xFC, 0x00, 0x00, 0x00, 0x3F, 0xFF, 0xFF,
  0xC0, 0x03, 0xFF, 0xFF, 0xFE, 0x00, 0x3F, 0xFF, 0xFF, 0xF0, 0x07, 0xFF,
  0xFF, 0xFF, 0x80, 0x7F, 0xFF, 0xFF, 0xFC, 0x07, 0xFF, 0xFF, 0xFF, 0xE0,
  0xFF, 0xFF, 0xFF, 0xFF, 0x0F, 0xFF, 0xFF, 0xFF, 0xF8, 0xFF, 0xFF, 0xFF,
  0xFF, 0xDF, 0xFF, 0xFF, 0xFF, 0xFF, 0xFF, 0xFF, 0xFF, 0xFF, 0xEF, 0xFF,
  0xFF, 0xFF, 0xFF, 0x7F, 0xFF, 0xFF, 0xFF, 0xF9, 0xFF, 0xFF, 0xFF, 0xFF,
  0xCF, 0xFF, 0xFF, 0xFF, 0xFE, 0x3F, 0xFF, 0xFF, 0xFF, 0xF1, 0xFF, 0xFF,
  0xFF, 0xFF, 0x8F, 0xFF, 0xFF, 0xFF, 0xFC, 0x3F, 0xFF, 0xFF, 0xFF, 0xE1,
  0xFF, 0xFF, 0xFF, 0xFF, 0x07, 0xFF, 0xFF, 0xFF, 0xF8, 0x3F, 0xFF, 0xFF,
  0xFF, 0xC0, 0xFF, 0xFF, 0xFF, 0xFE, 0x07, 0xF3, 0xFF, 0xFF, 0xF0, 0x1F,
  0x1F, 0xFF, 0xFF, 0x80, 0xE0, 0xFF, 0xFF, 0xFC, 0x06, 0x07, 0xFF, 0xFF,
  0xE0, 0x00, 0x3F, 0xFF, 0xFF, 0x00, 0x01, 0xFF, 0xFF, 0xF8, 0x00, 0x0F,
  0xFF, 0xFF, 0xC0, 0x00, 0x7F, 0xFF, 0xFE, 0x00, 0x03, 0xFF, 0xFF, 0xF0,
  0x00, 0x1F, 0xFF, 0xFF, 0x80, 0x00, 0xFF, 0xFF, 0xFC, 0x00, 0x07, 0xFF,
  0xFF, 0xE0, 0x00, 0x3F, 0xFF, 0xFE, 0x00, 0x01, 0xFF, 0xFF, 0xF0, 0x00,
  0x0F, 0xFF, 0xFF, 0x80, 0x00, 0x7F, 0xFF, 0xFC, 0x00, 0x03, 0xFF, 0xFF,
  0xE0, 0x00, 0x1F, 0xFF, 0xFF, 0x00, 0x00, 0xFF, 0xFF, 0xF8, 0x00, 0x07,
  0xFF, 0xFF, 0xC0, 0x00, 0x3F, 0xFF, 0xFE, 0x00, 0x01, 0xFF, 0xFF, 0xF0,
  0x00, 0x0F, 0xFF, 0xFF, 0x80, 0x00, 0x7F, 0xFF, 0xFC, 0x00, 0x03, 0xFF,
  0xFF, 0xE0, 0x00, 0x1F, 0xFF, 0xFF, 0x00, 0x00, 0xFF, 0xFF, 0xF8, 0x00,
  0x07, 0xFF, 0xFF, 0xC0, 0x00, 0x3F, 0xFF, 0xFE, 0x00, 0x01, 0xFF, 0xFF,
  0xF0, 0x00, 0x0F, 0xFF, 0xFF, 0x80, 0x00, 0x7F, 0xFF, 0xFC, 0x00, 0x03,
  0xFF, 0xFF, 0xE0, 0x00, 0x1F, 0xFF, 0xFF, 0x00, 0x01, 0xFF, 0xFF, 0xF8,
  0x00, 0x0F, 0xFF, 0xFF, 0xC0, 0x00, 0x7F, 0xFF, 0xFC, 0x00, 0x03, 0xFF,
  0xFF, 0xE0, 0x00, 0x1F, 0xFF, 0xFF, 0x00, 0x00, 0xFF, 0xFF, 0xF8, 0x00,
  0x07, 0xFF, 0xFF, 0xC0, 0x00, 0x3F, 0xFF, 0xFE, 0x00, 0x01, 0xFF, 0xFF,
  0xF0, 0x00, 0x0F, 0xFF, 0xFF, 0x80, 0x00, 0x03, 0xFF, 0xFC, 0x00, 0x00,
  0x00, 0x7F, 0x00, 0x00, 0x00, 0x00, 0x3F, 0xFF, 0xF0, 0x00, 0x00, 0x03,
  0xFF, 0xFF, 0xF8, 0x00, 0x00, 0x1F, 0xFF, 0xFF, 0xFC, 0x00, 0x00, 0xFF,
  0xFF, 0xFF, 0xFE, 0x00, 0x07, 0xFF, 0xFF, 0xFF, 0xFF, 0x00, 0x1F, 0xFF,
  0xFF, 0xFF, 0xFF, 0x00, 0x3F, 0xFF, 0xFF, 0xFF, 0xFF, 0x00, 0x3F, 0xFF,
  0xFF, 0xFF, 0xFF, 0x00, 0x7F, 0xFF, 0xFF, 0xFF, 0xFF, 0x00, 0xFF, 0xFF,
  0xFF, 0xFF, 0xFF, 0x01, 0xFF, 0xFF, 0xFF, 0xFF, 0xFE, 0x01, 0xFF, 0xFF,
  0xFF, 0xFF, 0xFE, 0x03, 0xFF, 0xFF, 0xFF, 0xFF, 0xFE, 0x07, 0xFF, 0xFF,
  0xFF, 0xFF, 0xFC, 0x0F, 0xFF, 0xFF, 0xFF, 0xFF, 0xFC, 0x1F, 0xFF, 0xFF,
  0xFF, 0xFF, 0xF8, 0x1F, 0xFF, 0xFF, 0xFF, 0xFF, 0xF8, 0x3F, 0xFF, 0xFF,
  0xFF, 0xFF, 0xF0, 0x7F, 0xFF, 0xFF, 0xFF, 0xFF, 0xE0, 0xFF, 0xFF, 0xFF,
  0xFF, 0xFF, 0xC0, 0xFE, 0x01, 0xFF, 0xFF, 0xFF, 0xC1, 0xF0, 0x00, 0xFF,
  0xFF, 0xFF, 0x83, 0x80, 0x00, 0xFF, 0xFF, 0xFF, 0x04, 0x00, 0x00, 0xFF,
  0xFF, 0xFE, 0x00, 0x00, 0x01, 0xFF, 0xFF, 0xFC, 0x00, 0x00, 0x03, 0xFF,
  0xFF, 0xF8, 0x00, 0x00, 0x07, 0xFF, 0xFF, 0xF0, 0x00, 0x00, 0x07, 0xFF,
  0xFF, 0xE0, 0x00, 0x00, 0x1F, 0xFF, 0xFF, 0xC0, 0x00, 0x00, 0x3F, 0xFF,
  0xFF, 0x80, 0x00, 0x00, 0x7F, 0xFF, 0xFF, 0x00, 0x00, 0x00, 0xFF, 0xFF,
  0xFC, 0x00, 0x00, 0x01, 0xFF, 0xFF, 0xF8, 0x00, 0x00, 0x07, 0xFF, 0xFF,
  0xF0, 0x00, 0x00, 0x0F, 0xFF, 0xFF, 0xC0, 0x00, 0x00, 0x3F, 0xFF, 0xFF,
  0x80, 0x00, 0x00, 0x7F, 0xFF, 0xFE, 0x00, 0x00, 0x01, 0xFF, 0xFF, 0xFC,
  0x00, 0x00, 0x07, 0xFF, 0xFF, 0xF0, 0x00, 0x00, 0x1F, 0xFF, 0xFF, 0xC0,
  0x00, 0x00, 0x7F, 0xFF, 0xFF, 0x80, 0x00, 0x01, 0xFF, 0xFF, 0xFE, 0x00,
  0x00, 0x07, 0xFF, 0xFF, 0xF8, 0x00, 0x00, 0x1F, 0xFF, 0xFF, 0xE0, 0x00,
  0x00, 0x7F, 0xFF, 0xFF, 0x80, 0x00, 0x03, 0xFF, 0xFF, 0xFE, 0x00, 0x00,
  0x1F, 0xFF, 0xFF, 0xF8, 0x00, 0x00, 0xFF, 0xFF, 0xFF, 0xC0, 0x00, 0x07,
  0xFF, 0xFF, 0xFF, 0x00, 0x00, 0x3F, 0xFF, 0xFF, 0xFC, 0x00, 0x01, 0xFF,
  0xFF, 0xFF, 0xFF, 0xFF, 0xEF, 0xFF, 0xFF, 0xFF, 0xFF, 0xFF, 0xDF, 0xFF,
  0xFF, 0xFF, 0xFF, 0xFF, 0xBF, 0xFF, 0xFF, 0xFF, 0xFF, 0xFF, 0x7F, 0xFF,
  0xFF, 0xFF, 0xFF, 0xFE, 0xFF, 0xFF, 0xFF, 0xFF, 0xFF, 0xFD, 0xFF, 0xFF,
  0xFF, 0xFF, 0xFF, 0xFB, 0xFF, 0xFF, 0xFF, 0xFF, 0xFF, 0xF7, 0xFF, 0xFF,
  0xFF, 0xFF, 0xFF, 0xEF, 0xFF, 0xFF, 0xFF, 0xFF, 0xFF, 0xDF, 0xFF, 0xFF,
  0xFF, 0xFF, 0xFF, 0xBF, 0xFF, 0xFF, 0xFF, 0xFF, 0xFF, 0x7F, 0xFF, 0xFF,
  0xFF, 0xFF, 0xFE, 0xFF, 0xFF, 0xFF, 0xFF, 0xFF, 0xFD, 0xFF, 0xFF, 0xFF,
  0xFF, 0xFF, 0xF3, 0xFF, 0xFF, 0xFF, 0xFF, 0xFF, 0xE7, 0xFF, 0xFF, 0xFF,
  0xFF, 0xFF, 0xCF, 0xFF, 0xFF, 0xFF, 0xFF, 0xFF, 0x80, 0xFF, 0xFF, 0xFF,
  0xFF, 0xFF, 0x00, 0x00, 0x00, 0x00, 0x07, 0xFE, 0x00, 0x00, 0x00, 0xFF,
  0xF0, 0x00, 0x00, 0x00, 0x07, 0xFF, 0xFF, 0x80, 0x00, 0x00, 0x1F, 0xFF,
  0xFF, 0xF8, 0x00, 0x00, 0x3F, 0xFF, 0xFF, 0xFF, 0x00, 0x00, 0x7F, 0xFF,
  0xFF, 0xFF, 0xC0, 0x00, 0xFF, 0xFF, 0xFF, 0xFF, 0xF8, 0x00, 0xFF, 0xFF,
  0xFF, 0xFF, 0xFE, 0x00, 0xFF, 0xFF, 0xFF, 0xFF, 0xFF, 0x80, 0x7F, 0xFF,
  0xFF, 0xFF, 0xFF, 0xE0, 0x3F, 0xFF, 0xFF, 0xFF, 0xFF, 0xF8, 0x1F, 0xFF,
  0xFF, 0xFF, 0xFF, 0xFE, 0x07, 0xFF, 0xFF, 0xFF, 0xFF, 0xFF, 0x03, 0xFF,
  0xFF, 0xFF, 0xFF, 0xFF, 0xC1, 0xFF, 0xFF, 0xFF, 0xFF, 0xFF, 0xE0, 0xFF,
  0xFF, 0xFF, 0xFF, 0xFF, 0xF8, 0x3F, 0xFF, 0xFF, 0xFF, 0xFF, 0xFC, 0x1F,
  0xFF, 0xFF, 0xFF, 0xFF, 0xFF, 0x0F, 0xFF, 0xFF, 0xFF, 0xFF, 0xFF, 0x87,
  0xFF, 0xFF, 0xFF, 0xFF, 0xFF, 0xC1, 0xFF, 0xFF, 0xFF, 0xFF, 0xFF, 0xE0,
  0xFF, 0x80, 0x07, 0xFF, 0xFF, 0xF0, 0x7E, 0x00, 0x01, 0xFF, 0xFF, 0xF8,
  0x3C, 0x00, 0x00, 0x7F, 0xFF, 0xFC, 0x18, 0x00, 0x00, 0x3F, 0xFF, 0xFE,
  0x08, 0x00, 0x00, 0x1F, 0xFF, 0xFF, 0x00, 0x00, 0x00, 0x0F, 0xFF, 0xFF,
  0x80, 0x00, 0x00, 0x07, 0xFF, 0xFF, 0xC0, 0x00, 0x00, 0x03, 0xFF, 0xFF,
  0xE0, 0x00, 0x00, 0x03, 0xFF, 0xFF, 0xE0, 0x00, 0x00, 0x03, 0xFF, 0xFF,
  0xF0, 0x00, 0x00, 0x07, 0xFF, 0xFF, 0xF0, 0x00, 0x08, 0x3F, 0xFF, 0xFF,
  0xF8, 0x00, 0x07, 0xFF, 0xFF, 0xFF, 0xF8, 0x00, 0x03, 0xFF, 0xFF, 0xFF,
  0xF8, 0x00, 0x01, 0xFF, 0xFF, 0xFF, 0xF8, 0x00, 0x00, 0xFF, 0xFF, 0xFF,
  0xFC, 0x00, 0x00, 0x7F, 0xFF, 0xFF, 0xFF, 0x80, 0x00, 0x3F, 0xFF, 0xFF,
  0xFF, 0xE0, 0x00, 0x1F, 0xFF, 0xFF, 0xFF, 0xF0, 0x00, 0x0F, 0xFF, 0xFF,
  0xFF, 0xFC, 0x00, 0x07, 0xFF, 0xFF, 0xFF, 0xFF, 0x00, 0x03, 0xFF, 0xFF,
  0xFF, 0xFF, 0x80, 0x01, 0xFF, 0xFF, 0xFF, 0xFF, 0xC0, 0x00, 0xFF, 0xFF,
  0xFF, 0xFF, 0xF0, 0x00, 0x40, 0x1F, 0xFF, 0xFF, 0xF8, 0x00, 0x00, 0x03,
  0xFF, 0xFF, 0xFC, 0x00, 0x00, 0x00, 0x7F, 0xFF, 0xFE, 0x00, 0x00, 0x00,
  0x1F, 0xFF, 0xFF, 0x20, 0x00, 0x00, 0x0F, 0xFF, 0xFF, 0x9C, 0x00, 0x00,
  0x07, 0xFF, 0xFF, 0xDF, 0x80, 0x00, 0x03, 0xFF, 0xFF, 0xEF, 0xF0, 0x00,
  0x03, 0xFF, 0xFF, 0xF7, 0xFF, 0x00, 0x03, 0xFF, 0xFF, 0xFB, 0xFF, 0xF0,
  0x07, 0xFF, 0xFF, 0xFD, 0xFF, 0xFF, 0xFF, 0xFF, 0xFF, 0xFE, 0xFF, 0xFF,
  0xFF, 0xFF, 0xFF, 0xFE, 0x7F, 0xFF, 0xFF, 0xFF, 0xFF, 0xFF, 0x3F, 0xFF,
  0xFF, 0xFF, 0xFF, 0xFF, 0x9F, 0xFF, 0xFF, 0xFF, 0xFF, 0xFF, 0xCF, 0xFF,
  0xFF, 0xFF, 0xFF, 0xFF, 0xCF, 0xFF, 0xFF, 0xFF, 0xFF, 0xFF, 0xE7, 0xFF,
  0xFF, 0xFF, 0xFF, 0xFF, 0xE3, 0xFF, 0xFF, 0xFF, 0xFF, 0xFF, 0xF1, 0xFF,
  0xFF, 0xFF, 0xFF, 0xFF, 0xF0, 0xFF, 0xFF, 0xFF, 0xFF, 0xFF, 0xF0, 0x7F,
  0xFF, 0xFF, 0xFF, 0xFF, 0xF0, 0x3F, 0xFF, 0xFF, 0xFF, 0xFF, 0xF8, 0x0F,
  0xFF, 0xFF, 0xFF, 0xFF, 0xF8, 0x03, 0xFF, 0xFF, 0xFF, 0xFF, 0xF0, 0x00,
  0x7F, 0xFF, 0xFF, 0xFF, 0xF0, 0x00, 0x07, 0xFF, 0xFF, 0xFF, 0xE0, 0x00,
  0x00, 0xFF, 0xFF, 0xFF, 0xC0, 0x00, 0x00, 0x07, 0xFF, 0xFF, 0x00, 0x00,
  0x00, 0x00, 0x1F, 0xE0, 0x00, 0x00, 0x00, 0x00, 0x00, 0x00, 0x0F, 0xFF,
  0xFF, 0x80, 0x00, 0x00, 0x01, 0xFF, 0xFF, 0xF0, 0x00, 0x00, 0x00, 0x3F,
  0xFF, 0xFE, 0x00, 0x00, 0x00, 0x07, 0xFF, 0xFF, 0xC0, 0x00, 0x00, 0x00,
  0xFF, 0xFF, 0xF8, 0x00, 0x00, 0x00, 0x1F, 0xFF, 0xFF, 0x00, 0x00, 0x00,
  0x03, 0xFF, 0xFF, 0xE0, 0x0F, 0xFF, 0xFC, 0x7F, 0xFF, 0xFC, 0x01, 0xFF,
  0xFF, 0x8F, 0xFF, 0xFF, 0x00, 0x3F, 0xFF, 0xF1, 0xFF, 0xFF, 0xE0, 0x07,
  0xFF, 0xFE, 0x3F, 0xFF, 0xFC, 0x01, 0xFF, 0xFF, 0x8F, 0xFF, 0xFF, 0x80,
  0x3F, 0xFF, 0xF1, 0xFF, 0xFF, 0xF0, 0x07, 0xFF, 0xFE, 0x3F, 0xFF, 0xFE,
  0x00, 0xFF, 0xFF, 0xC7, 0xFF, 0xFF, 0xC0, 0x1F, 0xFF, 0xF8, 0xFF, 0xFF,
  0xF8, 0x07, 0xFF, 0xFF, 0x1F, 0xFF, 0xFF, 0x00, 0xFF, 0xFF, 0xC3, 0xFF,
  0xFF, 0xE0, 0x1F, 0xFF, 0xF8, 0x7F, 0xFF, 0xFC, 0x03, 0xFF, 0xFF, 0x0F,
  0xFF, 0xFF, 0x80, 0x7F, 0xFF, 0xE1, 0xFF, 0xFF, 0xF0, 0x0F, 0xFF, 0xFC,
  0x3F, 0xFF, 0xFE, 0x03, 0xFF, 0xFF, 0x07, 0xFF, 0xFF, 0xC0, 0x7F, 0xFF,
  0xE0, 0xFF, 0xFF, 0xF8, 0x0F, 0xFF, 0xFC, 0x1F, 0xFF, 0xFF, 0x01, 0xFF,
  0xFF, 0x83, 0xFF, 0xFF, 0xE0, 0x3F, 0xFF, 0xF0, 0x7F, 0xFF, 0xFC, 0x07,
  0xFF, 0xFE, 0x0F, 0xFF, 0xFF, 0x81, 0xFF, 0xFF, 0x81, 0xFF, 0xFF, 0xF0,
  0x3F, 0xFF, 0xF0, 0x3F, 0xFF, 0xFE, 0x07, 0xFF, 0xFE, 0x0F, 0xFF, 0xFF,
  0xC0, 0xFF, 0xFF, 0xC1, 0xFF, 0xFF, 0xF8, 0x1F, 0xFF, 0xF8, 0x3F, 0xFF,
  0xFF, 0x03, 0xFF, 0xFE, 0x07, 0xFF, 0xFF, 0xC0, 0xFF, 0xFF, 0xC0, 0xFF,
  0xFF, 0xF8, 0x1F, 0xFF, 0xF8, 0x1F, 0xFF, 0xFF, 0xF3, 0xFF, 0xFF, 0xFF,
  0xFF, 0xFF, 0xFE, 0x7F, 0xFF, 0xFF, 0xFF, 0xFF, 0xFF, 0xCF, 0xFF, 0xFF,
  0xFF, 0xFF, 0xFF, 0xF9, 0xFF, 0xFF, 0xFF, 0xFF, 0xFF, 0xFF, 0x7F, 0xFF,
  0xFF, 0xFF, 0xFF, 0xFF, 0xEF, 0xFF, 0xFF, 0xFF, 0xFF, 0xFF, 0xFD, 0xFF,
  0xFF, 0xFF, 0xFF, 0xFF, 0xFF, 0xBF, 0xFF, 0xFF, 0xFF, 0xFF, 0xFF, 0xF7,
  0xFF, 0xFF, 0xFF, 0xFF, 0xFF, 0xFE, 0xFF, 0xFF, 0xFF, 0xFF, 0xFF, 0xFF,
  0xFF, 0xFF, 0xFF, 0xFF, 0xFF, 0xFF, 0xFF, 0xFF, 0xFF, 0xFF, 0xFF, 0xFF,
  0xFF, 0xFF, 0xFF, 0xFF, 0xFF, 0xFF, 0xFE, 0x00, 0x00, 0x00, 0x0F, 0xFF,
  0xFF, 0xC0, 0x00, 0x00, 0x01, 0xFF, 0xFF, 0xF8, 0x00, 0x00, 0x00, 0x3F,
  0xFF, 0xFF, 0x00, 0x00, 0x00, 0x07, 0xFF, 0xFF, 0xE0, 0x00, 0x00, 0x00,
  0xFF, 0xFF, 0xFC, 0x00, 0x00, 0x00, 0x1F, 0xFF, 0xFF, 0x80, 0x00, 0x00,
  0x03, 0xFF, 0xFF, 0xF0, 0x00, 0x00, 0x00, 0x7F, 0xFF, 0xFE, 0x00, 0x00,
  0x00, 0x0F, 0xFF, 0xFF, 0xC0, 0x00, 0x00, 0x01, 0xFF, 0xFF, 0xF0, 0x00,
  0x00, 0x00, 0x3F, 0xFF, 0xFE, 0x00, 0x00, 0x00, 0x07, 0xFF, 0xFF, 0xC0,
  0x00, 0x00, 0x00, 0xFF, 0xFF, 0xF8, 0x00, 0x00, 0x00, 0x1F, 0xFF, 0xFF,
  0x00, 0x00, 0x00, 0x03, 0xFF, 0xFF, 0xE0, 0x00, 0x00, 0x00, 0x7F, 0xFF,
  0xFC, 0x00, 0x00, 0x00, 0x0F, 0xFF, 0xFF, 0x80, 0x00, 0x00, 0x01, 0xFF,
  0xFF, 0xF0, 0x00, 0x00, 0x00, 0x3F, 0xFF, 0xFE, 0x00, 0x00, 0x00, 0x07,
  0xFF, 0xFF, 0xC0, 0x00, 0x00, 0x01, 0xFF, 0xF8, 0x00, 0x00, 0x00, 0x00,
  0x38, 0x00, 0x00, 0x00, 0x00, 0x07, 0xFF, 0xFF, 0xFF, 0xF0, 0x01, 0xFF,
  0xFF, 0xFF, 0xFF, 0xFC, 0x00, 0x7F, 0xFF, 0xFF, 0xFF, 0xFF, 0x00, 0x1F,
  0xFF, 0xFF, 0xFF, 0xFF, 0xC0, 0x07, 0xFF, 0xFF, 0xFF, 0xFF, 0xF0, 0x01,
  0xFF, 0xFF, 0xFF, 0xFF, 0xFC, 0x00, 0x7F, 0xFF, 0xFF, 0xFF, 0xFF, 0x80,
  0x1F, 0xFF, 0xFF, 0xFF, 0xFF, 0xE0, 0x07, 0xFF, 0xFF, 0xFF, 0xFF, 0xF8,
  0x01, 0xFF, 0xFF, 0xFF, 0xFF, 0xFE, 0x00, 0x7F, 0xFF, 0xFF, 0xFF, 0xFF,
  0x80, 0x1F, 0xFF, 0xFF, 0xFF, 0xFF, 0xE0, 0x07, 0xFF, 0xFF, 0xFF, 0xFF,
  0xF8, 0x01, 0xFF, 0xFF, 0xFF, 0xFF, 0xFE, 0x00, 0x7F, 0xFF, 0xFF, 0xFF,
  0xFF, 0x80, 0x1F, 0xFF, 0xFF, 0xFF, 0xFF, 0xE0, 0x07, 0xFF, 0xFF, 0xFF,
  0xFF, 0xF8, 0x01, 0xFF, 0xFF, 0xFF, 0xFF, 0xFE, 0x00, 0x7F, 0xFF, 0x8F,
  0xFF, 0xFF, 0x80, 0x3F, 0xFF, 0xE0, 0x00, 0x00, 0xE0, 0x0F, 0xFF, 0xF8,
  0x00, 0x00, 0x00, 0x03, 0xFF, 0xFE, 0x00, 0x00, 0x00, 0x00, 0xFF, 0xFF,
  0x80, 0x00, 0x00, 0x00, 0x3F, 0xFF, 0xE0, 0x00, 0x00, 0x00, 0x0F, 0xFF,
  0xF8, 0x00, 0x00, 0x00, 0x03, 0xFF, 0xFE, 0x00, 0x00, 0x00, 0x00, 0xFF,
  0xFF, 0xBF, 0xFE, 0x00, 0x00, 0x3F, 0xFF, 0xFF, 0xFF, 0xF0, 0x00, 0x0F,
  0xFF, 0xFF, 0xFF, 0xFF, 0x00, 0x03, 0xFF, 0xFF, 0xFF, 0xFF, 0xF0, 0x00,
  0xFF, 0xFF, 0xFF, 0xFF, 0xFE, 0x00, 0x3F, 0xFF, 0xFF, 0xFF, 0xFF, 0xC0,
  0x0F, 0xFF, 0xFF, 0xFF, 0xFF, 0xF8, 0x03, 0xFF, 0xFF, 0xFF, 0xFF, 0xFF,
  0x00, 0xFF, 0xFF, 0xFF, 0xFF, 0xFF, 0xE0, 0x3F, 0xFF, 0xFF, 0xFF, 0xFF,
  0xF8, 0x0F, 0xFF, 0xFF, 0xFF, 0xFF, 0xFF, 0x03, 0xFF, 0xFF, 0xFF, 0xFF,
  0xFF, 0xC0, 0xFC, 0x1F, 0xFF, 0xFF, 0xFF, 0xF8, 0x40, 0x00, 0x0F, 0xFF,
  0xFF, 0xFE, 0x00, 0x00, 0x00, 0x7F, 0xFF, 0xFF, 0x80, 0x00, 0x00, 0x0F,
  0xFF, 0xFF, 0xF0, 0x00, 0x00, 0x01, 0xFF, 0xFF, 0xFC, 0x00, 0x00, 0x00,
  0x3F, 0xFF, 0xFF, 0x00, 0x00, 0x00, 0x0F, 0xFF, 0xFF, 0xC0, 0x00, 0x00,
  0x03, 0xFF, 0xFF, 0xF2, 0x00, 0x00, 0x00, 0xFF, 0xFF, 0xFC, 0xE0, 0x00,
  0x00, 0x7F, 0xFF, 0xFF, 0x3E, 0x00, 0x00, 0x3F, 0xFF, 0xFF, 0xCF, 0xF8,
  0x00, 0x3F, 0xFF, 0xFF, 0xF3, 0xFF, 0xF0, 0xFF, 0xFF, 0xFF, 0xFC, 0xFF,
  0xFF, 0xFF, 0xFF, 0xFF, 0xFE, 0x7F, 0xFF, 0xFF, 0xFF, 0xFF, 0xFF, 0x9F,
  0xFF, 0xFF, 0xFF, 0xFF, 0xFF, 0xE7, 0xFF, 0xFF, 0xFF, 0xFF, 0xFF, 0xF9,
  0xFF, 0xFF, 0xFF, 0xFF, 0xFF, 0xFC, 0x7F, 0xFF, 0xFF, 0xFF, 0xFF, 0xFF,
  0x1F, 0xFF, 0xFF, 0xFF, 0xFF, 0xFF, 0x87, 0xFF, 0xFF, 0xFF, 0xFF, 0xFF,
  0xE1, 0xFF, 0xFF, 0xFF, 0xFF, 0xFF, 0xF0, 0x7F, 0xFF, 0xFF, 0xFF, 0xFF,
  0xFC, 0x1F, 0xFF, 0xFF, 0xFF, 0xFF, 0xFE, 0x0F, 0xFF, 0xFF, 0xFF, 0xFF,
  0xFF, 0x03, 0xFF, 0xFF, 0xFF, 0xFF, 0xFF, 0x80, 0xFF, 0xFF, 0xFF, 0xFF,
  0xFF, 0xC0, 0x1F, 0xFF, 0xFF, 0xFF, 0xFF, 0xC0, 0x00, 0xFF, 0xFF, 0xFF,
  0xFF, 0xC0, 0x00, 0x0F, 0xFF, 0xFF, 0xFF, 0xC0, 0x00, 0x00, 0x3F, 0xFF,
  0xFF, 0xC0, 0x00, 0x00, 0x00, 0xFF, 0xFF, 0x00, 0x00, 0x00, 0x00, 0x00,
  0x00, 0x3F, 0xF8, 0x00, 0x00, 0x00, 0x00, 0x3F, 0xFF, 0xFE, 0x00, 0x00,
  0x00, 0x07, 0xFF, 0xFF, 0xFE, 0x00, 0x00, 0x01, 0xFF, 0xFF, 0xFF, 0xFC,
  0x00, 0x00, 0x1F, 0xFF, 0xFF, 0xFF, 0xF0, 0x00, 0x03, 0xFF, 0xFF, 0xFF,
  0xFF, 0x00, 0x00, 0x3F, 0xFF, 0xFF, 0xFF, 0xF8, 0x00, 0x03, 0xFF, 0xFF,
  0xFF, 0xFF, 0xC0, 0x00, 0x3F, 0xFF, 0xFF, 0xFF, 0xFE, 0x00, 0x03, 0xFF,
  0xFF, 0xFF, 0xFF, 0xF0, 0x00, 0x3F, 0xFF, 0xFF, 0xFF, 0xFF, 0x80, 0x03,
  0xFF, 0xFF, 0xFF, 0xFF, 0xFC, 0x00, 0x3F, 0xFF, 0xFF, 0xFF, 0xFF, 0xE0,
  0x01, 0xFF, 0xFF, 0xFF, 0xFF, 0xFF, 0x00, 0x1F, 0xFF, 0xFF, 0xFF, 0xFF,
  0xF8, 0x00, 0xFF, 0xFF, 0xFF, 0xFF, 0xFF, 0xC0, 0x0F, 0xFF, 0xFF, 0xFF,
  0xFF, 0xFE, 0x00, 0x7F, 0xFF, 0xFF, 0xFF, 0xFF, 0xF0, 0x07, 0xFF, 0xFF,
  0xFF, 0xFF, 0xFF, 0x00, 0x3F, 0xFF, 0xFF, 0xF0, 0x7F, 0xF8, 0x03, 0xFF,
  0xFF, 0xF8, 0x00, 0x0F, 0xC0, 0x1F, 0xFF, 0xFF, 0x80, 0x00, 0x0E, 0x00,
  0xFF, 0xFF, 0xF8, 0x00, 0x00, 0x10, 0x0F, 0xFF, 0xFF, 0x80, 0x00, 0x00,
  0x00, 0x7F, 0xFF, 0xF8, 0x00, 0x00, 0x00, 0x03, 0xFF, 0xFF, 0x80, 0x00,
  0x00, 0x00, 0x1F, 0xFF, 0xFC, 0x00, 0x00, 0x00, 0x00, 0xFF, 0xFF, 0xE0,
  0x00, 0x00, 0x00, 0x0F, 0xFF, 0xFE, 0x01, 0xFF, 0xE0, 0x00, 0x7F, 0xFF,
  0xF0, 0x7F, 0xFF, 0xE0, 0x03, 0xFF, 0xFF, 0x9F, 0xFF, 0xFF, 0xC0, 0x1F,
  0xFF, 0xFF, 0xFF, 0xFF, 0xFF, 0x80, 0xFF, 0xFF, 0xFF, 0xFF, 0xFF, 0xFE,
  0x07, 0xFF, 0xFF, 0xFF, 0xFF, 0xFF, 0xF8, 0x3F, 0xFF, 0xFF, 0xFF, 0xFF,
  0xFF, 0xE1, 0xFF, 0xFF, 0xFF, 0xFF, 0xFF, 0xFF, 0x8F, 0xFF, 0xFF, 0xFF,
  0xFF, 0xFF, 0xFE, 0x7F, 0xFF, 0xFF, 0xFF, 0xFF, 0xFF, 0xF3, 0xFF, 0xFF,
  0xFF, 0xFF, 0xFF, 0xFF, 0xDF, 0xFF, 0xFF, 0xFF, 0xFF, 0xFF, 0xFE, 0xFF,
  0xFF, 0xFF, 0xFF, 0xFF, 0xFF, 0xFF, 0xFF, 0xFF, 0xFF, 0xFF, 0xFF, 0xFF,
  0xFF, 0xFF, 0xFF, 0xC0, 0x7F, 0xFF, 0xFF, 0xFF, 0xFF, 0xFC, 0x00, 0xFF,
  0xFF, 0xFF, 0xFF, 0xFF, 0xC0, 0x03, 0xFF, 0xFF, 0xFF, 0xFF, 0xFC, 0x00,
  0x0F, 0xFF, 0xFF, 0xFF, 0xFF, 0xE0, 0x00, 0x7F, 0xFF, 0xFF, 0xFF, 0xFF,
  0x00, 0x03, 0xFF, 0xFF, 0xFF, 0xFF, 0xF8, 0x00, 0x1F, 0xFF, 0xFB, 0xFF,
  0xFF, 0xC0, 0x00, 0xFF, 0xFF, 0xDF, 0xFF, 0xFE, 0x00, 0x07, 0xFF, 0xFE,
  0xFF, 0xFF, 0xF8, 0x00, 0x7F, 0xFF, 0xF7, 0xFF, 0xFF, 0xE0, 0x07, 0xFF,
  0xFF, 0x9F, 0xFF, 0xFF, 0x80, 0xFF, 0xFF, 0xFC, 0xFF, 0xFF, 0xFF, 0xFF,
  0xFF, 0xFF, 0xC7, 0xFF, 0xFF, 0xFF, 0xFF, 0xFF, 0xFE, 0x1F, 0xFF, 0xFF,
  0xFF, 0xFF, 0xFF, 0xF0, 0xFF, 0xFF, 0xFF, 0xFF, 0xFF, 0xFF, 0x03, 0xFF,
  0xFF, 0xFF, 0xFF, 0xFF, 0xF8, 0x1F, 0xFF, 0xFF, 0xFF, 0xFF, 0xFF, 0x80,
  0x7F, 0xFF, 0xFF, 0xFF, 0xFF, 0xFC, 0x03, 0xFF, 0xFF, 0xFF, 0xFF, 0xFF,
  0xC0, 0x0F, 0xFF, 0xFF, 0xFF, 0xFF, 0xFC, 0x00, 0x3F, 0xFF, 0xFF, 0xFF,
  0xFF, 0xC0, 0x00, 0xFF, 0xFF, 0xFF, 0xFF, 0xFE, 0x00, 0x03, 0xFF, 0xFF,
  0xFF, 0xFF, 0xC0, 0x00, 0x0F, 0xFF, 0xFF, 0xFF, 0xFC, 0x00, 0x00, 0x3F,
  0xFF, 0xFF, 0xFF, 0xC0, 0x00, 0x00, 0xFF, 0xFF, 0xFF, 0xF8, 0x00, 0x00,
  0x01, 0xFF, 0xFF, 0xFF, 0x80, 0x00, 0x00, 0x03, 0xFF, 0xFF, 0xE0, 0x00,
  0x00, 0x00, 0x03, 0xFF, 0xF8, 0x00, 0x00, 0x00, 0x00, 0x7F, 0xFF, 0xFF,
  0xFF, 0xFF, 0xFF, 0xFF, 0xFF, 0xFF, 0xFF, 0xFF, 0xFF, 0xFF, 0xFF, 0xFF,
  0xFF, 0xFF, 0xFF, 0xFF, 0xFF, 0xFF, 0xFF, 0xFF, 0xFF, 0xFF, 0xFF, 0xFF,
  0xFF, 0xFF, 0xFF, 0xFF, 0xFF, 0xFF, 0xFF, 0xFF, 0xFF, 0xFF, 0xFF, 0xFF,
  0xFF, 0xFF, 0xFF, 0xFF, 0xFF, 0xFF, 0xFF, 0xFF, 0xFF, 0xFF, 0xFF, 0xFF,
  0xFF, 0xFF, 0xFF, 0xFF, 0xFF, 0xFF, 0xFF, 0xFF, 0xFF, 0xFF, 0xFF, 0xFF,
  0xFF, 0xFF, 0xFF, 0xFF, 0xFF, 0xFF, 0xFF, 0xFF, 0xFF, 0xFF, 0xFF, 0xFF,
  0xFF, 0xFF, 0xFF, 0xFF, 0xFF, 0xFF, 0xFF, 0xFF, 0xFF, 0xFF, 0xFF, 0xFF,
  0xFF, 0xFF, 0xFF, 0xFF, 0xFF, 0xFF, 0xFF, 0xFF, 0xFF, 0xFF, 0xFF, 0xFF,
  0xFF, 0xFF, 0xFF, 0xFF, 0xFF, 0xFF, 0xFF, 0xFF, 0xFF, 0xFF, 0xFF, 0xFF,
  0xFF, 0xFF, 0xFF, 0xFF, 0xFF, 0xFF, 0xFC, 0x03, 0xFF, 0xFF, 0xC0, 0x00,
  0x00, 0x0F, 0xFF, 0xFF, 0x80, 0x00, 0x00, 0x1F, 0xFF, 0xFE, 0x00, 0x00,
  0x00, 0x7F, 0xFF, 0xFC, 0x00, 0x00, 0x00, 0xFF, 0xFF, 0xF8, 0x00, 0x00,
  0x03, 0xFF, 0xFF, 0xE0, 0x00, 0x00, 0x07, 0xFF, 0xFF, 0xC0, 0x00, 0x00,
  0x1F, 0xFF, 0xFF, 0x80, 0x00, 0x00, 0x3F, 0xFF, 0xFE, 0x00, 0x00, 0x00,
  0xFF, 0xFF, 0xFC, 0x00, 0x00, 0x01, 0xFF, 0xFF, 0xF8, 0x00, 0x00, 0x03,
  0xFF, 0xFF, 0xE0, 0x00, 0x00, 0x0F, 0xFF, 0xFF, 0xC0, 0x00, 0x00, 0x1F,
  0xFF, 0xFF, 0x80, 0x00, 0x00, 0x7F, 0xFF, 0xFE, 0x00, 0x00, 0x00, 0xFF,
  0xFF, 0xFC, 0x00, 0x00, 0x03, 0xFF, 0xFF, 0xF0, 0x00, 0x00, 0x07, 0xFF,
  0xFF, 0xE0, 0x00, 0x00, 0x1F, 0xFF, 0xFF, 0xC0, 0x00, 0x00, 0x3F, 0xFF,
  0xFF, 0x00, 0x00, 0x00, 0xFF, 0xFF, 0xFE, 0x00, 0x00, 0x01, 0xFF, 0xFF,
  0xFC, 0x00, 0x00, 0x07, 0xFF, 0xFF, 0xF0, 0x00, 0x00, 0x0F, 0xFF, 0xFF,
  0xE0, 0x00, 0x00, 0x1F, 0xFF, 0xFF, 0xC0, 0x00, 0x00, 0x7F, 0xFF, 0xFF,
  0x00, 0x00, 0x00, 0xFF, 0xFF, 0xFE, 0x00, 0x00, 0x03, 0xFF, 0xFF, 0xFC,
  0x00, 0x00, 0x07, 0xFF, 0xFF, 0xF0, 0x00, 0x00, 0x1F, 0xFF, 0xFF, 0xE0,
  0x00, 0x00, 0x3F, 0xFF, 0xFF, 0x80, 0x00, 0x00, 0xFF, 0xFF, 0xFF, 0x00,
  0x00, 0x01, 0xFF, 0xFF, 0xFE, 0x00, 0x00, 0x07, 0xFF, 0xFF, 0xF8, 0x00,
  0x00, 0x0F, 0xFF, 0xFF, 0xF0, 0x00, 0x00, 0x3F, 0xFF, 0xFF, 0xE0, 0x00,
  0x00, 0x7F, 0xFF, 0xFF, 0x80, 0x00, 0x01, 0xFF, 0xFF, 0xFF, 0x00, 0x00,
  0x03, 0xFF, 0xFF, 0xFE, 0x00, 0x00, 0x07, 0xFF, 0xFF, 0xF8, 0x00, 0x00,
  0x1F, 0xFF, 0xFF, 0xF0, 0x00, 0x00, 0x3F, 0xFF, 0xFF, 0xE0, 0x00, 0x00,
  0xFF, 0xFF, 0xFF, 0x80, 0x00, 0x01, 0xFF, 0xFF, 0xFF, 0x00, 0x00, 0x07,
  0xFF, 0xFF, 0xFC, 0x00, 0x00, 0x0F, 0xFF, 0xFF, 0xF8, 0x00, 0x00, 0x3F,
  0xFF, 0xFF, 0xF0, 0x00, 0x00, 0x7F, 0xFF, 0xFF, 0xC0, 0x00, 0x00, 0x00,
  0x01, 0xFF, 0x80, 0x00, 0x00, 0x00, 0x00, 0x1F, 0xFF, 0xC0, 0x00, 0x00,
  0x00, 0x03, 0xFF, 0xFF, 0xF0, 0x00, 0x00, 0x00, 0x3F, 0xFF, 0xFF, 0xF0,
  0x00, 0x00, 0x03, 0xFF, 0xFF, 0xFF, 0xF0, 0x00, 0x00, 0x3F, 0xFF, 0xFF,
  0xFF, 0xE0, 0x00, 0x01, 0xFF, 0xFF, 0xFF, 0xFF, 0xE0, 0x00, 0x0F, 0xFF,
  0xFF, 0xFF, 0xFF, 0xC0, 0x00, 0x7F, 0xFF, 0xFF, 0xFF, 0xFF, 0x80, 0x03,
  0xFF, 0xFF, 0xFF, 0xFF, 0xFF, 0x00, 0x1F, 0xFF, 0xFF, 0xFF, 0xFF, 0xFC,
  0x00, 0x7F, 0xFF, 0xFF, 0xFF, 0xFF, 0xF8, 0x03, 0xFF, 0xFF, 0xFF, 0xFF,
  0xFF, 0xE0, 0x0F, 0xFF, 0xFF, 0xFF, 0xFF, 0xFF, 0xC0, 0x7F, 0xFF, 0xFF,
  0xFF, 0xFF, 0xFF, 0x01, 0xFF, 0xFF, 0xFF, 0xFF, 0xFF, 0xFE, 0x07, 0xFF,
  0xFF, 0xFF, 0xFF, 0xFF, 0xF8, 0x3F, 0xFF, 0xFF, 0xFF, 0xFF, 0xFF, 0xE0,
  0xFF, 0xFF, 0xFE, 0x1F, 0xFF, 0xFF, 0x83, 0xFF, 0xFF, 0xC0, 0x1F, 0xFF,
  0xFE, 0x0F, 0xFF, 0xFE, 0x00, 0x1F, 0xFF, 0xF8, 0x3F, 0xFF, 0xF0, 0x00,
  0x3F, 0xFF, 0xE0, 0xFF, 0xFF, 0x80, 0x00, 0xFF, 0xFF, 0x83, 0xFF, 0xFE,
  0x00, 0x01, 0xFF, 0xFE, 0x07, 0xFF, 0xF8, 0x00, 0x07, 0xFF, 0xF8, 0x1F,
  0xFF, 0xE0, 0x00, 0x1F, 0xFF, 0xE0, 0x7F, 0xFF, 0x80, 0x00, 0x7F, 0xFF,
  0x01, 0xFF, 0xFE, 0x00, 0x03, 0xFF, 0xFC, 0x03, 0xFF, 0xFC, 0x00, 0x0F,
  0xFF, 0xF0, 0x0F, 0xFF, 0xF8, 0x00, 0x7F, 0xFF, 0x80, 0x1F, 0xFF, 0xF0,
  0x03, 0xFF, 0xFE, 0x00, 0x3F, 0xFF, 0xF0, 0x7F, 0xFF, 0xF0, 0x00, 0xFF,
  0xFF, 0xFF, 0xFF, 0xFF, 0x80, 0x01, 0xFF, 0xFF, 0xFF, 0xFF, 0xFC, 0x00,
  0x03, 0xFF, 0xFF, 0xFF, 0xFF, 0xE0, 0x00, 0x1F, 0xFF, 0xFF, 0xFF, 0xFF,
  0xC0, 0x00, 0xFF, 0xFF, 0xFF, 0xFF, 0xFF, 0xC0, 0x07, 0xFF, 0xFF, 0xFF,
  0xFF, 0xFF, 0x80, 0x3F, 0xFF, 0xFF, 0xFF, 0xFF, 0xFF, 0x01, 0xFF, 0xFF,
  0xFF, 0xFF, 0xFF, 0xFE, 0x07, 0xFF, 0xFF, 0xFF, 0xFF, 0xFF, 0xF8, 0x3F,
  0xFF, 0xFE, 0x03, 0xFF, 0xFF, 0xF0, 0xFF, 0xFF, 0xE0, 0x03, 0xFF, 0xFF,
  0xC7, 0xFF, 0xFF, 0x00, 0x07, 0xFF, 0xFF, 0x9F, 0xFF, 0xFC, 0x00, 0x0F,
  0xFF, 0xFE, 0x7F, 0xFF, 0xE0, 0x00, 0x3F, 0xFF, 0xF9, 0xFF, 0xFF, 0x80,
  0x00, 0x7F, 0xFF, 0xE7, 0xFF, 0xFE, 0x00, 0x01, 0xFF, 0xFF, 0xBF, 0xFF,
  0xF8, 0x00, 0x07, 0xFF, 0xFF, 0xFF, 0xFF, 0xE0, 0x00, 0x3F, 0xFF, 0xFF,
  0xFF, 0xFF, 0xC0, 0x00, 0xFF, 0xFF, 0xFF, 0xFF, 0xFF, 0x00, 0x07, 0xFF,
  0xFF, 0xDF, 0xFF, 0xFE, 0x00, 0x3F, 0xFF, 0xFE, 0x7F, 0xFF, 0xFE, 0x03,
  0xFF, 0xFF, 0xF9, 0xFF, 0xFF, 0xFF, 0xFF, 0xFF, 0xFF, 0xE7, 0xFF, 0xFF,
  0xFF, 0xFF, 0xFF, 0xFF, 0x9F, 0xFF, 0xFF, 0xFF, 0xFF, 0xFF, 0xFE, 0x3F,
  0xFF, 0xFF, 0xFF, 0xFF, 0xFF, 0xF0, 0xFF, 0xFF, 0xFF, 0xFF, 0xFF, 0xFF,
  0xC1, 0xFF, 0xFF, 0xFF, 0xFF, 0xFF, 0xFE, 0x07, 0xFF, 0xFF, 0xFF, 0xFF,
  0xFF, 0xF8, 0x0F, 0xFF, 0xFF, 0xFF, 0xFF, 0xFF, 0xC0, 0x1F, 0xFF, 0xFF,
  0xFF, 0xFF, 0xFE, 0x00, 0x3F, 0xFF, 0xFF, 0xFF, 0xFF, 0xF8, 0x00, 0x7F,
  0xFF, 0xFF, 0xFF, 0xFF, 0xC0, 0x00, 0xFF, 0xFF, 0xFF, 0xFF, 0xFC, 0x00,
  0x00, 0xFF, 0xFF, 0xFF, 0xFF, 0xE0, 0x00, 0x01, 0xFF, 0xFF, 0xFF, 0xFE,
  0x00, 0x00, 0x01, 0xFF, 0xFF, 0xFF, 0xE0, 0x00, 0x00, 0x00, 0xFF, 0xFF,
  0xFC, 0x00, 0x00, 0x00, 0x00, 0x3F, 0xFF, 0x00, 0x00, 0x00, 0x00, 0x00,
  0x03, 0xFC, 0x00, 0x00, 0x00, 0x00, 0x07, 0xFF, 0xFE, 0x00, 0x00, 0x00,
  0x01, 0xFF, 0xFF, 0xF8, 0x00, 0x00, 0x00, 0x7F, 0xFF, 0xFF, 0xE0, 0x00,
  0x00, 0x1F, 0xFF, 0xFF, 0xFF, 0x80, 0x00, 0x03, 0xFF, 0xFF, 0xFF, 0xFC,
  0x00, 0x00, 0xFF, 0xFF, 0xFF, 0xFF, 0xE0, 0x00, 0x1F, 0xFF, 0xFF, 0xFF,
  0xFF, 0x00, 0x03, 0xFF, 0xFF, 0xFF, 0xFF, 0xF8, 0x00, 0x7F, 0xFF, 0xFF,
  0xFF, 0xFF, 0xC0, 0x07, 0xFF, 0xFF, 0xFF, 0xFF, 0xFC, 0x00, 0xFF, 0xFF,
  0xFF, 0xFF, 0xFF, 0xE0, 0x1F, 0xFF, 0xFF, 0xFF, 0xFF, 0xFF, 0x01, 0xFF,
  0xFF, 0xFF, 0xFF, 0xFF, 0xF0, 0x3F, 0xFF, 0xFF, 0xFF, 0xFF, 0xFF, 0x83,
  0xFF, 0xFF, 0xFF, 0xFF, 0xFF, 0xF8, 0x3F, 0xFF, 0xFF, 0xFF, 0xFF, 0xFF,
  0x87, 0xFF, 0xFF, 0xFF, 0xFF, 0xFF, 0xFC, 0x7F, 0xFF, 0xF8, 0x0F, 0xFF,
  0xFF, 0xC7, 0xFF, 0xFF, 0x00, 0x3F, 0xFF, 0xFC, 0x7F, 0xFF, 0xE0, 0x01,
  0xFF, 0xFF, 0xEF, 0xFF, 0xFC, 0x00, 0x1F, 0xFF, 0xFE, 0xFF, 0xFF, 0xC0,
  0x00, 0xFF, 0xFF, 0xEF, 0xFF, 0xFC, 0x00, 0x0F, 0xFF, 0xFE, 0xFF, 0xFF,
  0xC0, 0x00, 0xFF, 0xFF, 0xEF, 0xFF, 0xFC, 0x00, 0x0F, 0xFF, 0xFF, 0xFF,
  0xFF, 0xE0, 0x01, 0xFF, 0xFF, 0xFF, 0xFF, 0xFE, 0x00, 0x1F, 0xFF, 0xFF,
  0x7F, 0xFF, 0xF8, 0x07, 0xFF, 0xFF, 0xF7, 0xFF, 0xFF, 0xE1, 0xFF, 0xFF,
  0xFF, 0x7F, 0xFF, 0xFF, 0xFF, 0xFF, 0xFF, 0xF7, 0xFF, 0xFF, 0xFF, 0xFF,
  0xFF, 0xFF, 0x3F, 0xFF, 0xFF, 0xFF, 0xFF, 0xFF, 0xF3, 0xFF, 0xFF, 0xFF,
  0xFF, 0xFF, 0xFF, 0x1F, 0xFF, 0xFF, 0xFF, 0xFF, 0xFF, 0xF0, 0xFF, 0xFF,
  0xFF, 0xFF, 0xFF, 0xFF, 0x0F, 0xFF, 0xFF, 0xFF, 0xFF, 0xFF, 0xF0, 0x7F,
  0xFF, 0xFF, 0xFF, 0xFF, 0xFE, 0x01, 0xFF, 0xFF, 0xFF, 0xFF, 0xFF, 0xE0,
  0x0F, 0xFF, 0xFF, 0xFF, 0xFF, 0xFE, 0x00, 0x3F, 0xFF, 0xFE, 0x7F, 0xFF,
  0xE0, 0x00, 0xFF, 0xFF, 0x8F, 0xFF, 0xFE, 0x00, 0x01, 0xFF, 0x80, 0xFF,
  0xFF, 0xE0, 0x00, 0x00, 0x00, 0x0F, 0xFF, 0xFC, 0x00, 0x00, 0x00, 0x01,
  0xFF, 0xFF, 0xC0, 0x00, 0x00, 0x00, 0x1F, 0xFF, 0xFC, 0x00, 0x00, 0x00,
  0x03, 0xFF, 0xFF, 0xC0, 0x20, 0x00, 0x00, 0x3F, 0xFF, 0xF8, 0x03, 0x80,
  0x00, 0x07, 0xFF, 0xFF, 0x80, 0x3F, 0x00, 0x01, 0xFF, 0xFF, 0xF8, 0x03,
  0xFE, 0x00, 0x7F, 0xFF, 0xFF, 0x00, 0x7F, 0xFF, 0xFF, 0xFF, 0xFF, 0xF0,
  0x07, 0xFF, 0xFF, 0xFF, 0xFF, 0xFF, 0x00, 0x7F, 0xFF, 0xFF, 0xFF, 0xFF,
  0xE0, 0x07, 0xFF, 0xFF, 0xFF, 0xFF, 0xFC, 0x00, 0x7F, 0xFF, 0xFF, 0xFF,
  0xFF, 0xC0, 0x07, 0xFF, 0xFF, 0xFF, 0xFF, 0xF8, 0x00, 0x7F, 0xFF, 0xFF,
  0xFF, 0xFF, 0x80, 0x0F, 0xFF, 0xFF, 0xFF, 0xFF, 0xF0, 0x00, 0xFF, 0xFF,
  0xFF, 0xFF, 0xFE, 0x00, 0x0F, 0xFF, 0xFF, 0xFF, 0xFF, 0xE0, 0x00, 0xFF,
  0xFF, 0xFF, 0xFF, 0xFC, 0x00, 0x0F, 0xFF, 0xFF, 0xFF, 0xFF, 0x80, 0x00,
  0xFF, 0xFF, 0xFF, 0xFF, 0xF0, 0x00, 0x0F, 0xFF, 0xFF, 0xFF, 0xFC, 0x00,
  0x00, 0xFF, 0xFF, 0xFF, 0xFF, 0x80, 0x00, 0x03, 0xFF, 0xFF, 0xFF, 0xE0,
  0x00, 0x00, 0x0F, 0xFF, 0xFF, 0xF8, 0x00, 0x00, 0x00, 0x1F, 0xFF, 0xFE,
  0x00, 0x00, 0x00, 0x00, 0x03, 0xFC, 0x00, 0x00, 0x00, 0x00, 0xF0, 0x00,
  0x3F, 0xE0, 0x0F, 0xFF, 0x01, 0xFF, 0xF8, 0x3F, 0xFF, 0xC7, 0xFF, 0xFE,
  0x7F, 0xFF, 0xE7, 0xFF, 0xFF, 0xFF, 0xFF, 0xFF, 0xFF, 0xFF, 0xFF, 0xFF,
  0xFF, 0xFF, 0xFF, 0xFF, 0xFF, 0xF7, 0xFF, 0xFF, 0x7F, 0xFF, 0xE7, 0xFF,
  0xFE, 0x3F, 0xFF, 0xC1, 0xFF, 0xF8, 0x0F, 0xFF, 0x00, 0x3F, 0xE0, 0x00,
  0x70, 0x00, 0x00, 0x00, 0x00, 0x00, 0x00, 0x00, 0x00, 0x00, 0x00, 0x00,
  0x00, 0x00, 0x00, 0x00, 0x00, 0x00, 0x00, 0x00, 0x00, 0x00, 0x00, 0x00,
  0x00, 0x00, 0x00, 0x1F, 0x80, 0x07, 0xFE, 0x00, 0xFF, 0xF8, 0x1F, 0xFF,
  0xC3, 0xFF, 0xFC, 0x7F, 0xFF, 0xE7, 0xFF, 0xFF, 0xFF, 0xFF, 0xFF, 0xFF,
  0xFF, 0xFF, 0xFF, 0xFF, 0xFF, 0xFF, 0xFF, 0xFF, 0xFF, 0xFF, 0xFF, 0x7F,
  0xFF, 0xF7, 0xFF, 0xFE, 0x3F, 0xFF, 0xE3, 0xFF, 0xFC, 0x1F, 0xFF, 0x80,
  0x7F, 0xF0, 0x03, 0xFC, 0x00, 0x00, 0xF0, 0x00, 0x7F, 0xE0, 0x0F, 0xFF,
  0x01, 0xFF, 0xF8, 0x3F, 0xFF, 0xC7, 0xFF, 0xFE, 0x7F, 0xFF, 0xEF, 0xFF,
  0xFF, 0xFF, 0xFF, 0xFF, 0xFF, 0xFF, 0xFF, 0xFF, 0xFF, 0xFF, 0xFF, 0xFF,
  0xFF, 0xFF, 0xFF, 0xFF, 0x7F, 0xFF, 0xE7, 0xFF, 0xFE, 0x3F, 0xFF, 0xC1,
  0xFF, 0xF8, 0x0F, 0xFF, 0x00, 0x7F, 0xC0, 0x00, 0x60, 0x00, 0x00, 0x00,
  0x00, 0x00, 0x00, 0x00, 0x00, 0x00, 0x00, 0x00, 0x00, 0x00, 0x00, 0x00,
  0x00, 0x00, 0x00, 0x00, 0x00, 0x00, 0x00, 0x00, 0x01, 0xF8, 0x00, 0x7F,
  0xE0, 0x0F, 0xFF, 0x81, 0xFF, 0xFC, 0x3F, 0xFF, 0xC7, 0xFF, 0xFE, 0x7F,
  0xFF, 0xEF, 0xFF, 0xFF, 0xFF, 0xFF, 0xFF, 0xFF, 0xFF, 0xFF, 0xFF, 0xFF,
  0xFF, 0xFF, 0xFF, 0xFF, 0xF7, 0xFF, 0xFF, 0x7F, 0xFF, 0xE3, 0xFF, 0xFE,
  0x3F, 0xFF, 0xE1, 0xFF, 0xFC, 0x0F, 0xFF, 0xC0, 0x3F, 0xF8, 0x03, 0xFF,
  0x80, 0x3F, 0xF0, 0x01, 0xFE, 0x00, 0x1F, 0xC0, 0x01, 0xFC, 0x00, 0x1F,
  0x80, 0x01, 0xF0, 0x00, 0x1C, 0x00, 0x01, 0x80, 0x00, 0x10, 0x00, 0x00,
  0x00, 0x00, 0x00, 0x80, 0x00, 0x00, 0x00, 0x03, 0x80, 0x00, 0x00, 0x00,
  0x07, 0x80, 0x00, 0x00, 0x00, 0x1F, 0xC0, 0x00, 0x00, 0x00, 0x7F, 0xC0,
  0x00, 0x00, 0x00, 0xFF, 0xE0, 0x00, 0x00, 0x03, 0xFF, 0xE0, 0x00, 0x00,
  0x07, 0xFF, 0xF0, 0x00, 0x00, 0x1F, 0xFF, 0xF0, 0x00, 0x00, 0x7F, 0xFF,
  0xF0, 0x00, 0x00, 0xFF, 0xFF, 0xF8, 0x00, 0x03, 0xFF, 0xFF, 0xF8, 0x00,
  0x07, 0xFF, 0xFF, 0xFC, 0x00, 0x1F, 0xFF, 0xFF, 0xFC, 0x00, 0x3F, 0xFF,
  0xFF, 0xFC, 0x00, 0xFF, 0xFF, 0xFF, 0xFE, 0x03, 0xFF, 0xFF, 0xFF, 0xFE,
  0x07, 0xFF, 0xFF, 0xFF, 0xF8, 0x1F, 0xFF, 0xFF, 0xFF, 0xE0, 0x3F, 0xFF,
  0xFF, 0xFF, 0x80, 0xFF, 0xFF, 0xFF, 0xFE, 0x00, 0xFF, 0xFF, 0xFF, 0xF8,
  0x00, 0xFF, 0xFF, 0xFF, 0xE0, 0x00, 0xFF, 0xFF, 0xFF, 0xC0, 0x00, 0xFF,
  0xFF, 0xFF, 0x00, 0x00, 0xFF, 0xFF, 0xFC, 0x00, 0x00, 0xFF, 0xFF, 0xF0,
  0x00, 0x00, 0xFF, 0xFF, 0xC0, 0x00, 0x00, 0xFF, 0xFF, 0x00, 0x00, 0x00,
  0x7F, 0xFF, 0xC0, 0x00, 0x00, 0x7F, 0xFF, 0xF0, 0x00, 0x00, 0x7F, 0xFF,
  0xFC, 0x00, 0x00, 0x7F, 0xFF, 0xFF, 0x00, 0x00, 0x7F, 0xFF, 0xFF, 0xC0,
  0x00, 0x7F, 0xFF, 0xFF, 0xF0, 0x00, 0x7F, 0xFF, 0xFF, 0xFC, 0x00, 0x7F,
  0xFF, 0xFF, 0xFF, 0x00, 0x7F, 0xFF, 0xFF, 0xFF, 0xC0, 0x3F, 0xFF, 0xFF,
  0xFF, 0xF0, 0x1F, 0xFF, 0xFF, 0xFF, 0xFC, 0x07, 0xFF, 0xFF, 0xFF, 0xFF,
  0x01, 0xFF, 0xFF, 0xFF, 0xFF, 0x00, 0xFF, 0xFF, 0xFF, 0xFE, 0x00, 0x3F,
  0xFF, 0xFF, 0xFE, 0x00, 0x0F, 0xFF, 0xFF, 0xFC, 0x00, 0x07, 0xFF, 0xFF,
  0xFC, 0x00, 0x01, 0xFF, 0xFF, 0xFC, 0x00, 0x00, 0x7F, 0xFF, 0xF8, 0x00,
  0x00, 0x3F, 0xFF, 0xF8, 0x00, 0x00, 0x0F, 0xFF, 0xF0, 0x00, 0x00, 0x03,
  0xFF, 0xF0, 0x00, 0x00, 0x01, 0xFF, 0xE0, 0x00, 0x00, 0x00, 0x7F, 0xE0,
  0x00, 0x00, 0x00, 0x1F, 0xC0, 0x00, 0x00, 0x00, 0x0F, 0xC0, 0x00, 0x00,
  0x00, 0x03, 0x80, 0x00, 0x00, 0x00, 0x00, 0x80, 0x00, 0x00, 0x01, 0xFE,
  0xFF, 0xFF, 0xFF, 0xFE, 0x7F, 0xFF, 0xFF, 0xFE, 0x7F, 0xFF, 0xFF, 0xFE,
  0x7F, 0xFF, 0xFF, 0xFE, 0x7F, 0xFF, 0xFF, 0xFE, 0x7F, 0xFF, 0xFF, 0xFE,
  0x7F, 0xFF, 0xFF, 0xFE, 0x7F, 0xFF, 0xFF, 0xFF, 0x7F, 0xFF, 0xFF, 0xFF,
  0x7F, 0xFF, 0xFF, 0xFF, 0x7F, 0xFF, 0xFF, 0xFF, 0x7F, 0xFF, 0xFF, 0xFF,
  0x7F, 0xFF, 0xFF, 0xFF, 0x7F, 0xFF, 0xFF, 0xFF, 0x7F, 0xFF, 0xFF, 0xFF,
  0x00, 0x00, 0x00, 0x00, 0x00, 0x00, 0x00, 0x00, 0x00, 0x00, 0x00, 0x00,
  0x00, 0x00, 0x00, 0x00, 0x80, 0x00, 0x00, 0x00, 0x7F, 0xFF, 0xFF, 0xFE,
  0x7F, 0xFF, 0xFF, 0xFE, 0x7F, 0xFF, 0xFF, 0xFE, 0x7F, 0xFF, 0xFF, 0xFE,
  0x7F, 0xFF, 0xFF, 0xFE, 0x7F, 0xFF, 0xFF, 0xFE, 0x7F, 0xFF, 0xFF, 0xFE,
  0x7F, 0xFF, 0xFF, 0xFE, 0x7F, 0xFF, 0xFF, 0xFF, 0x7F, 0xFF, 0xFF, 0xFF,
  0x7F, 0xFF, 0xFF, 0xFF, 0x7F, 0xFF, 0xFF, 0xFF, 0x7F, 0xFF, 0xFF, 0xFF,
  0x7F, 0xFF, 0xFF, 0xFF, 0x00, 0xFF, 0xFF, 0xFF, 0x00, 0x00, 0x01, 0xFF,
  0x00, 0x80, 0x00, 0x00, 0x00, 0x00, 0xE0, 0x00, 0x00, 0x00, 0x00, 0x7C,
  0x00, 0x00, 0x00, 0x00, 0x7F, 0x80, 0x00, 0x00, 0x00, 0x3F, 0xF0, 0x00,
  0x00, 0x00, 0x3F, 0xFC, 0x00, 0x00, 0x00, 0x1F, 0xFF, 0x80, 0x00, 0x00,
  0x1F, 0xFF, 0xF0, 0x00, 0x00, 0x0F, 0xFF, 0xFC, 0x00, 0x00, 0x07, 0xFF,
  0xFF, 0x80, 0x00, 0x07, 0xFF, 0xFF, 0xF0, 0x00, 0x03, 0xFF, 0xFF, 0xFC,
  0x00, 0x03, 0xFF, 0xFF, 0xFF, 0x80, 0x01, 0xFF, 0xFF, 0xFF, 0xF0, 0x01,
  0xFF, 0xFF, 0xFF, 0xFC, 0x00, 0xFF, 0xFF, 0xFF, 0xFF, 0x80, 0xFF, 0xFF,
  0xFF, 0xFF, 0xF0, 0x0F, 0xFF, 0xFF, 0xFF, 0xFC, 0x01, 0xFF, 0xFF, 0xFF,
  0xFF, 0x80, 0x3F, 0xFF, 0xFF, 0xFF, 0xE0, 0x07, 0xFF, 0xFF, 0xFF, 0xF0,
  0x00, 0xFF, 0xFF, 0xFF, 0xF8, 0x00, 0x1F, 0xFF, 0xFF, 0xFC, 0x00, 0x03,
  0xFF, 0xFF, 0xFE, 0x00, 0x00, 0x7F, 0xFF, 0xFF, 0x00, 0x00, 0x0F, 0xFF,
  0xFF, 0x80, 0x00, 0x01, 0xFF, 0xFF, 0xC0, 0x00, 0x00, 0x3F, 0xFF, 0xE0,
  0x00, 0x00, 0x0F, 0xFF, 0xF0, 0x00, 0x00, 0x1F, 0xFF, 0xF8, 0x00, 0x00,
  0x1F, 0xFF, 0xFC, 0x00, 0x00, 0x3F, 0xFF, 0xFE, 0x00, 0x00, 0x7F, 0xFF,
  0xFF, 0x00, 0x00, 0xFF, 0xFF, 0xFF, 0x80, 0x01, 0xFF, 0xFF, 0xFF, 0xC0,
  0x03, 0xFF, 0xFF, 0xFF, 0xE0, 0x07, 0xFF, 0xFF, 0xFF, 0xF8, 0x0F, 0xFF,
  0xFF, 0xFF, 0xF0, 0x1F, 0xFF, 0xFF, 0xFF, 0xE0, 0x3F, 0xFF, 0xFF, 0xFF,
  0xE0, 0x7F, 0xFF, 0xFF, 0xFF, 0xC0, 0x1F, 0xFF, 0xFF, 0xFF, 0xC0, 0x0F,
  0xFF, 0xFF, 0xFF, 0x80, 0x07, 0xFF, 0xFF, 0xFF, 0x80, 0x01, 0xFF, 0xFF,
  0xFF, 0x00, 0x00, 0xFF, 0xFF, 0xFE, 0x00, 0x00, 0x3F, 0xFF, 0xFE, 0x00,
  0x00, 0x1F, 0xFF, 0xFC, 0x00, 0x00, 0x07, 0xFF, 0xFC, 0x00, 0x00, 0x03,
  0xFF, 0xF8, 0x00, 0x00, 0x01, 0xFF, 0xF0, 0x00, 0x00, 0x00, 0x7F, 0xF0,
  0x00, 0x00, 0x00, 0x3F, 0xE0, 0x00, 0x00, 0x00, 0x0F, 0xE0, 0x00, 0x00,
  0x00, 0x07, 0xC0, 0x00, 0x00, 0x00, 0x03, 0xC0, 0x00, 0x00, 0x00, 0x00,
  0x80, 0x00, 0x00, 0x00, 0x00, 0x00, 0x00, 0xFF, 0xE0, 0x00, 0x00, 0x00,
  0x07, 0xFF, 0xFF, 0xC0, 0x00, 0x00, 0x0F, 0xFF, 0xFF, 0xFE, 0x00, 0x00,
  0x1F, 0xFF, 0xFF, 0xFF, 0xE0, 0x00, 0x1F, 0xFF, 0xFF, 0xFF, 0xFE, 0x00,
  0x1F, 0xFF, 0xFF, 0xFF, 0xFF, 0xC0, 0x0F, 0xFF, 0xFF, 0xFF, 0xFF, 0xFC,
  0x03, 0xFF, 0xFF, 0xFF, 0xFF, 0xFF, 0x80, 0xFF, 0xFF, 0xFF, 0xFF, 0xFF,
  0xF0, 0x3F, 0xFF, 0xFF, 0xFF, 0xFF, 0xFE, 0x0F, 0xFF, 0xFF, 0xFF, 0xFF,
  0xFF, 0xC1, 0xFF, 0xFF, 0xFF, 0xFF, 0xFF, 0xF0, 0x7F, 0xFF, 0xFF, 0xFF,
  0xFF, 0xFE, 0x1F, 0xFF, 0xFF, 0xFF, 0xFF, 0xFF, 0xC7, 0xFF, 0xFF, 0xFF,
  0xFF, 0xFF, 0xF1, 0xFF, 0xFF, 0xFF, 0xFF, 0xFF, 0xFE, 0x7F, 0xFF, 0xFF,
  0xFF, 0xFF, 0xFF, 0x9F, 0xFF, 0xFF, 0xFF, 0xFF, 0xFF, 0xE7, 0xFF, 0xFF,
  0xFF, 0xFF, 0xFF, 0xFD, 0xFF, 0xFF, 0xFF, 0xFF, 0xFF, 0xFF, 0x3F, 0xFF,
  0x00, 0xFF, 0xFF, 0xFF, 0xCF, 0xF8, 0x00, 0x0F, 0xFF, 0xFF, 0xF3, 0xF0,
  0x00, 0x01, 0xFF, 0xFF, 0xFC, 0xE0, 0x00, 0x00, 0x3F, 0xFF, 0xFF, 0x20,
  0x00, 0x00, 0x0F, 0xFF, 0xFF, 0xC0, 0x00, 0x00, 0x03, 0xFF, 0xFF, 0xF0,
  0x00, 0x00, 0x00, 0xFF, 0xFF, 0xFC, 0x00, 0x00, 0x00, 0x3F, 0xFF, 0xFF,
  0x00, 0x00, 0x00, 0x1F, 0xFF, 0xFF, 0xC0, 0x00, 0x00, 0x0F, 0xFF, 0xFF,
  0xF0, 0x00, 0x00, 0x0F, 0xFF, 0xFF, 0xFC, 0x00, 0x00, 0x0F, 0xFF, 0xFF,
  0xFE, 0x00, 0x00, 0x07, 0xFF, 0xFF, 0xFF, 0x80, 0x00, 0x07, 0xFF, 0xFF,
  0xFF, 0xC0, 0x00, 0x03, 0xFF, 0xFF, 0xFF, 0xF0, 0x00, 0x01, 0xFF, 0xFF,
  0xFF, 0xF8, 0x00, 0x00, 0xFF, 0xFF, 0xFF, 0xFC, 0x00, 0x00, 0x3F, 0xFF,
  0xFF, 0xFE, 0x00, 0x00, 0x1F, 0xFF, 0xFF, 0xFE, 0x00, 0x00, 0x07, 0xFF,
  0xFF, 0xFF, 0x00, 0x00, 0x03, 0xFF, 0xFF, 0xFF, 0x00, 0x00, 0x00, 0xFF,
  0xFF, 0xFF, 0x00, 0x00, 0x00, 0x7F, 0xFF, 0xFF, 0x00, 0x00, 0x00, 0x1F,
  0xFF, 0xFF, 0x80, 0x00, 0x00, 0x07, 0xFF, 0xFF, 0x80, 0x00, 0x00, 0x01,
  0xFF, 0xFF, 0xC0, 0x00, 0x00, 0x00, 0x7F, 0xFF, 0xE0, 0x00, 0x00, 0x00,
  0x1F, 0xFF, 0xF8, 0x00, 0x00, 0x00, 0x07, 0xFF, 0xFC, 0x00, 0x00, 0x00,
  0x01, 0xFF, 0xFF, 0x00, 0x00, 0x00, 0x00, 0x7F, 0xFF, 0x80, 0x00, 0x00,
  0x00, 0x00, 0x00, 0x00, 0x00, 0x00, 0x00, 0x00, 0x00, 0x00, 0x00, 0x00,
  0x00, 0x00, 0x00, 0x00, 0x00, 0x00, 0x00, 0x00, 0x03, 0xF8, 0x00, 0x00,
  0x00, 0x00, 0x03, 0xFF, 0x80, 0x00, 0x00, 0x00, 0x01, 0xFF, 0xF0, 0x00,
  0x00, 0x00, 0x00, 0xFF, 0xFE, 0x00, 0x00, 0x00, 0x00, 0x7F, 0xFF, 0xC0,
  0x00, 0x00, 0x00, 0x3F, 0xFF, 0xF0, 0x00, 0x00, 0x00, 0x0F, 0xFF, 0xFE,
  0x00, 0x00, 0x00, 0x03, 0xFF, 0xFF, 0x80, 0x00, 0x00, 0x01, 0xFF, 0xFF,
  0xE0, 0x00, 0x00, 0x00, 0x7F, 0xFF, 0xF8, 0x00, 0x00, 0x00, 0x1F, 0xFF,
  0xFE, 0x00, 0x00, 0x00, 0x07, 0xFF, 0xFF, 0x80, 0x00, 0x00, 0x00, 0xFF,
  0xFF, 0xE0, 0x00, 0x00, 0x00, 0x3F, 0xFF, 0xF8, 0x00, 0x00, 0x00, 0x0F,
  0xFF, 0xFC, 0x00, 0x00, 0x00, 0x01, 0xFF, 0xFF, 0x00, 0x00, 0x00, 0x00,
  0x3F, 0xFF, 0x80, 0x00, 0x00, 0x00, 0x07, 0xFF, 0xC0, 0x00, 0x00, 0x00,
  0x00, 0xFF, 0xE0, 0x00, 0x00, 0x00, 0x00, 0x0F, 0xE0, 0x00, 0x00, 0x00,
  0x00, 0x00, 0x00, 0xFF, 0xFF, 0x00, 0x00, 0x00, 0x00, 0x00, 0xFF, 0xFF,
  0xFE, 0x00, 0x00, 0x00, 0x00, 0x7F, 0xFF, 0xFF, 0xF8, 0x00, 0x00, 0x00,
  0x1F, 0xFF, 0xFF, 0xFF, 0xE0, 0x00, 0x00, 0x07, 0xFF, 0xFF, 0xFF, 0xFF,
  0x80, 0x00, 0x01, 0xFF, 0xFF, 0xFF, 0xFF, 0xFC, 0x00, 0x00, 0x3F, 0xFF,
  0xFF, 0xFF, 0xFF, 0xF0, 0x00, 0x07, 0xFF, 0xFF, 0xFF, 0xFF, 0xFF, 0x80,
  0x00, 0xFF, 0xFF, 0xFF, 0xFF, 0xFF, 0xFC, 0x00, 0x1F, 0xFF, 0xFF, 0xFF,
  0xFF, 0xFF, 0xE0, 0x03, 0xFF, 0xFF, 0xFF, 0xFF, 0xFF, 0xFE, 0x00, 0x7F,
  0xFF, 0xFF, 0xFF, 0xFF, 0xFF, 0xF0, 0x07, 0xFF, 0xFF, 0xFF, 0xFF, 0xFF,
  0xFF, 0x80, 0xFF, 0xFF, 0xE0, 0x00, 0x7F, 0xFF, 0xF8, 0x1F, 0xFF, 0xF8,
  0x00, 0x00, 0xFF, 0xFF, 0xC1, 0xFF, 0xFE, 0x00, 0x00, 0x03, 0xFF, 0xFC,
  0x1F, 0xFF, 0xC0, 0x00, 0x00, 0x1F, 0xFF, 0xC3, 0xFF, 0xF8, 0x00, 0x00,
  0x00, 0xFF, 0xFE, 0x3F, 0xFF, 0x00, 0x00, 0x00, 0x07, 0xFF, 0xE7, 0xFF,
  0xE0, 0x00, 0x03, 0xFF, 0x3F, 0xFE, 0x7F, 0xFE, 0x01, 0xFE, 0x3F, 0xF3,
  0xFF, 0xF7, 0xFF, 0xC0, 0x7F, 0xF3, 0xFF, 0x1F, 0xFF, 0x7F, 0xFC, 0x1F,
  0xFF, 0xBF, 0xF1, 0xFF, 0xF7, 0xFF, 0x83, 0xFF, 0xFF, 0xFF, 0x1F, 0xFF,
  0xFF, 0xF8, 0x7F, 0xFF, 0xFF, 0xF1, 0xFF, 0xFF, 0xFF, 0x87, 0xFF, 0xFF,
  0xFF, 0x0F, 0xFF, 0xFF, 0xF8, 0x7F, 0xFF, 0xFF, 0xF0, 0xFF, 0xFF, 0xFF,
  0x8F, 0xFF, 0x1F, 0xFF, 0x0F, 0xFF, 0xFF, 0xF8, 0xFF, 0xE0, 0x7F, 0xF0,
  0xFF, 0xFF, 0xFF, 0x8F, 0xFC, 0x07, 0xFF, 0x0F, 0xFF, 0xFF, 0xF8, 0xFF,
  0xC0, 0x7F, 0xF0, 0xFF, 0xFF, 0xFF, 0x8F, 0xFC, 0x07, 0xFF, 0x0F, 0xFE,
  0xFF, 0xF8, 0xFF, 0xE0, 0x7F, 0xF1, 0xFF, 0xEF, 0xFF, 0x8F, 0xFE, 0x0F,
  0xFF, 0x1F, 0xFE, 0xFF, 0xF8, 0xFF, 0xFB, 0xFF, 0xF1, 0xFF, 0xE7, 0xFF,
  0x87, 0xFF, 0xFF, 0xFF, 0x3F, 0xFC, 0x7F, 0xFC, 0x7F, 0xFF, 0xFF, 0xFF,
  0xFF, 0xC7, 0xFF, 0xC3, 0xFF, 0xFF, 0xFF, 0xFF, 0xF8, 0x7F, 0xFC, 0x3F,
  0xFF, 0xFF, 0xFF, 0xFF, 0x83, 0xFF, 0xE1, 0xFF, 0xFF, 0xFF, 0xFF, 0xF0,
  0x3F, 0xFE, 0x07, 0xFF, 0x3F, 0xFF, 0xFE, 0x03, 0xFF, 0xF0, 0x1F, 0xE1,
  0xFF, 0xFF, 0xC0, 0x1F, 0xFF, 0x80, 0x00, 0x0F, 0xFF, 0xF0, 0x01, 0xFF,
  0xFC, 0x00, 0x00, 0x1F, 0xF8, 0x00, 0x0F, 0xFF, 0xF0, 0x00, 0x00, 0x00,
  0x00, 0x00, 0xFF, 0xFF, 0xC0, 0x00, 0x00, 0x00, 0x00, 0x07, 0xFF, 0xFF,
  0xC1, 0x80, 0x00, 0x00, 0x00, 0x3F, 0xFF, 0xFF, 0xF8, 0x00, 0x00, 0x00,
  0x01, 0xFF, 0xFF, 0xFF, 0x80, 0x00, 0x00, 0x00, 0x0F, 0xFF, 0xFF, 0xF8,
  0x00, 0x00, 0x00, 0x00, 0x7F, 0xFF, 0xFF, 0x80, 0x00, 0x00, 0x00, 0x03,
  0xFF, 0xFF, 0xF8, 0x00, 0x00, 0x00, 0x00, 0x0F, 0xFF, 0xFF, 0x80, 0x00,
  0x00, 0x00, 0x00, 0x3F, 0xFF, 0xF8, 0x00, 0x00, 0x00, 0x00, 0x00, 0xFF,
  0xFF, 0x80, 0x00, 0x00, 0x00, 0x00, 0x01, 0xFF, 0xF0, 0x00, 0x00, 0x00,
  0x00, 0x00, 0x00, 0x00, 0x00, 0x00, 0x00, 0x00, 0x00, 0x00, 0x00, 0x00,
  0x00, 0x04, 0x00, 0x00, 0x00, 0x00, 0x00, 0x1F, 0xFF, 0xFE, 0x00, 0x00,
  0x00, 0x00, 0x07, 0xFF, 0xFF, 0xFF, 0x80, 0x00, 0x00, 0x00, 0x03, 0xFF,
  0xFF, 0xFF, 0xC0, 0x00, 0x00, 0x00, 0x01, 0xFF, 0xFF, 0xFF, 0xE0, 0x00,
  0x00, 0x00, 0x01, 0xFF, 0xFF, 0xFF, 0xF8, 0x00, 0x00, 0x00, 0x00, 0xFF,
  0xFF, 0xFF, 0xFC, 0x00, 0x00, 0x00, 0x00, 0x7F, 0xFF, 0xFF, 0xFE, 0x00,
  0x00, 0x00, 0x00, 0x3F, 0xFF, 0xFF, 0xFF, 0x00, 0x00, 0x00, 0x00, 0x3F,
  0xFF, 0xFF, 0xFF, 0xC0, 0x00, 0x00, 0x00, 0x1F, 0xFF, 0xFF, 0xFF, 0xE0,
  0x00, 0x00, 0x00, 0x0F, 0xFF, 0xFF, 0xFF, 0xF0, 0x00, 0x00, 0x00, 0x0F,
  0xFF, 0xFF, 0xFF, 0xFC, 0x00, 0x00, 0x00, 0x07, 0xFF, 0xFF, 0xFF, 0xFE,
  0x00, 0x00, 0x00, 0x03, 0xFF, 0xFF, 0xFF, 0xFF, 0x00, 0x00, 0x00, 0x03,
  0xFF, 0xFF, 0xFF, 0xFF, 0x80, 0x00, 0x00, 0x01, 0xFF, 0xFF, 0xFF, 0xFF,
  0xE0, 0x00, 0x00, 0x00, 0xFF, 0xFF, 0xFF, 0xFF, 0xF0, 0x00, 0x00, 0x00,
  0x7F, 0xFF, 0xFF, 0xFF, 0xF8, 0x00, 0x00, 0x00, 0x7F, 0xFF, 0xFF, 0xFF,
  0xFE, 0x00, 0x00, 0x00, 0x3F, 0xFF, 0xFF, 0xFF, 0xFF, 0x00, 0x00, 0x00,
  0x1F, 0xFF, 0xFF, 0xFF, 0xFF, 0x80, 0x00, 0x00, 0x1F, 0xFF, 0xFF, 0xFF,
  0xFF, 0xE0, 0x00, 0x00, 0x0F, 0xFF, 0xFF, 0xFF, 0xFF, 0xF0, 0x00, 0x00,
  0x07, 0xFF, 0xFF, 0xFF, 0xFF, 0xF8, 0x00, 0x00, 0x07, 0xFF, 0xFF, 0xFF,
  0xFF, 0xFC, 0x00, 0x00, 0x03, 0xFF, 0xFF, 0xFF, 0xFF, 0xFF, 0x00, 0x00,
  0x01, 0xFF, 0xFF, 0xEF, 0xFF, 0xFF, 0x80, 0x00, 0x00, 0xFF, 0xFF, 0xF7,
  0xFF, 0xFF, 0xC0, 0x00, 0x00, 0xFF, 0xFF, 0xF9, 0xFF, 0xFF, 0xF0, 0x00,
  0x00, 0x7F, 0xFF, 0xFC, 0xFF, 0xFF, 0xF8, 0x00, 0x00, 0x3F, 0xFF, 0xFE,
  0x7F, 0xFF, 0xFC, 0x00, 0x00, 0x3F, 0xFF, 0xFE, 0x3F, 0xFF, 0xFE, 0x00,
  0x00, 0x1F, 0xFF, 0xFF, 0x1F, 0xFF, 0xFF, 0x80, 0x00, 0x0F, 0xFF, 0xFF,
  0x87, 0xFF, 0xFF, 0xC0, 0x00, 0x0F, 0xFF, 0xFF, 0xC3, 0xFF, 0xFF, 0xE0,
  0x00, 0x07, 0xFF, 0xFF, 0xE1, 0xFF, 0xFF, 0xF8, 0x00, 0x03, 0xFF, 0xFF,
  0xE0, 0xFF, 0xFF, 0xFC, 0x00, 0x01, 0xFF, 0xFF, 0xF0, 0x3F, 0xFF, 0xFE,
  0x00, 0x01, 0xFF, 0xFF, 0xF8, 0x1F, 0xFF, 0xFF, 0x00, 0x00, 0xFF, 0xFF,
  0xFC, 0x0F, 0xFF, 0xFF, 0xC0, 0x00, 0x7F, 0xFF, 0xFE, 0x07, 0xFF, 0xFF,
  0xE0, 0x00, 0x7F, 0xFF, 0xFF, 0xFF, 0xFF, 0xFF, 0xF0, 0x00, 0x3F, 0xFF,
  0xFF, 0xFF, 0xFF, 0xFF, 0xFC, 0x00, 0x1F, 0xFF, 0xFF, 0xFF, 0xFF, 0xFF,
  0xFE, 0x00, 0x1F, 0xFF, 0xFF, 0xFF, 0xFF, 0xFF, 0xFF, 0x00, 0x0F, 0xFF,
  0xFF, 0xFF, 0xFF, 0xFF, 0xFF, 0x80, 0x07, 0xFF, 0xFF, 0xFF, 0xFF, 0xFF,
  0xFF, 0xE0, 0x03, 0xFF, 0xFF, 0xFF, 0xFF, 0xFF, 0xFF, 0xF0, 0x03, 0xFF,
  0xFF, 0xFF, 0xFF, 0xFF, 0xFF, 0xF8, 0x01, 0xFF, 0xFF, 0xFF, 0xFF, 0xFF,
  0xFF, 0xFE, 0x00, 0xFF, 0xFF, 0xFF, 0xFF, 0xFF, 0xFF, 0xFF, 0x00, 0xFF,
  0xFF, 0xFF, 0xFF, 0xFF, 0xFF, 0xFF, 0x80, 0x7F, 0xFF, 0xFF, 0xFF, 0xFF,
  0xFF, 0xFF, 0xC0, 0x3F, 0xFF, 0xFF, 0xFF, 0xFF, 0xFF, 0xFF, 0xF0, 0x3F,
  0xFF, 0xFF, 0xFF, 0xFF, 0xFF, 0xFF, 0xF8, 0x1F, 0xFF, 0xFF, 0xFF, 0xFF,
  0xFF, 0xFF, 0xFC, 0x0F, 0xFF, 0xFF, 0xF0, 0x01, 0xFF, 0xFF, 0xFF, 0x07,
  0xFF, 0xFF, 0xF8, 0x00, 0x7F, 0xFF, 0xFF, 0x87, 0xFF, 0xFF, 0xFC, 0x00,
  0x3F, 0xFF, 0xFF, 0xC3, 0xFF, 0xFF, 0xFE, 0x00, 0x1F, 0xFF, 0xFF, 0xF1,
  0xFF, 0xFF, 0xFE, 0x00, 0x0F, 0xFF, 0xFF, 0xF9, 0xFF, 0xFF, 0xFF, 0x00,
  0x03, 0xFF, 0xFF, 0xFC, 0xFF, 0xFF, 0xFF, 0x80, 0x01, 0xFF, 0xFF, 0xFE,
  0x7F, 0xFF, 0xFF, 0xC0, 0x00, 0xFF, 0xFF, 0xFF, 0xFF, 0xFF, 0xFF, 0xC0,
  0x00, 0x7F, 0xFF, 0xF8, 0x00, 0x0F, 0xFF, 0xE0, 0x00, 0x1F, 0xFC, 0x00,
  0x00, 0x00, 0x01, 0xF0, 0x00, 0x0F, 0x00, 0x00, 0x00, 0x00, 0x00, 0x3F,
  0xF8, 0x00, 0x00, 0x00, 0x00, 0x3F, 0xFF, 0xFF, 0xC0, 0x00, 0x00, 0x07,
  0xFF, 0xFF, 0xFF, 0xF0, 0x00, 0x00, 0xFF, 0xFF, 0xFF, 0xFF, 0xFC, 0x00,
  0x07, 0xFF, 0xFF, 0xFF, 0xFF, 0xFE, 0x00, 0x1F, 0xFF, 0xFF, 0xFF, 0xFF,
  0xFE, 0x00, 0x3F, 0xFF, 0xFF, 0xFF, 0xFF, 0xFF, 0x00, 0x7F, 0xFF, 0xFF,
  0xFF, 0xFF, 0xFF, 0x00, 0xFF, 0xFF, 0xFF, 0xFF, 0xFF, 0xFF, 0x01, 0xFF,
  0xFF, 0xFF, 0xFF, 0xFF, 0xFF, 0x03, 0xFF, 0xFF, 0xFF, 0xFF, 0xFF, 0xFE,
  0x07, 0xFF, 0xFF, 0xFF, 0xFF, 0xFF, 0xFE, 0x0F, 0xFF, 0xFF, 0xFF, 0xFF,
  0xFF, 0xFE, 0x1F, 0xFF, 0xFF, 0xFF, 0xFF, 0xFF, 0xFC, 0x3F, 0xFF, 0xFF,
  0xFF, 0xFF, 0xFF, 0xF8, 0x7F, 0xFF, 0xFF, 0xFF, 0xFF, 0xFF, 0xF8, 0xFF,
  0xFF, 0xFF, 0xFF, 0xFF, 0xFF, 0xF1, 0xFF, 0xFF, 0xFF, 0xFF, 0xFF, 0xFF,
  0xE3, 0xFF, 0xFF, 0xFF, 0xFF, 0xFF, 0xFF, 0xC7, 0xFF, 0xFF, 0xFF, 0xFF,
  0xFF, 0xFF, 0x8F, 0xFF, 0xFF, 0xFF, 0xFF, 0xFF, 0xFF, 0x1F, 0xFF, 0xFF,
  0x81, 0xFF, 0xFF, 0xFE, 0x3F, 0xFF, 0xFF, 0x00, 0xFF, 0xFF, 0xFC, 0x7F,
  0xFF, 0xFE, 0x01, 0xFF, 0xFF, 0xF8, 0xFF, 0xFF, 0xFC, 0x01, 0xFF, 0xFF,
  0xF1, 0xFF, 0xFF, 0xF8, 0x03, 0xFF, 0xFF, 0xE3, 0xFF, 0xFF, 0xF0, 0x07,
  0xFF, 0xFF, 0xC7, 0xFF, 0xFF, 0xC0, 0x0F, 0xFF, 0xFF, 0x0F, 0xFF, 0xFF,
  0x80, 0x3F, 0xFF, 0xFE, 0x1F, 0xFF, 0xFF, 0x00, 0xFF, 0xFF, 0xF8, 0x3F,
  0xFF, 0xFE, 0x03, 0xFF, 0xFF, 0xF0, 0x7F, 0xFF, 0xFC, 0x1F, 0xFF, 0xFF,
  0xC0, 0xFF, 0xFF, 0xFF, 0xFF, 0xFF, 0xFF, 0x01, 0xFF, 0xFF, 0xFF, 0xFF,
  0xFF, 0xF8, 0x03, 0xFF, 0xFF, 0xFF, 0xFF, 0xFF, 0xE0, 0x07, 0xFF, 0xFF,
  0xFF, 0xFF, 0xFE, 0x00, 0x0F, 0xFF, 0xFF, 0xFF, 0xFF, 0xFF, 0x00, 0x1F,
  0xFF, 0xFF, 0xFF, 0xFF, 0xFF, 0x80, 0x3F, 0xFF, 0xFF, 0xFF, 0xFF, 0xFF,
  0xC0, 0x7F, 0xFF, 0xFF, 0xFF, 0xFF, 0xFF, 0xC0, 0xFF, 0xFF, 0xFF, 0xFF,
  0xFF, 0xFF, 0xC1, 0xFF, 0xFF, 0xF8, 0x7F, 0xFF, 0xFF, 0xC3, 0xFF, 0xFF,
  0xE0, 0x1F, 0xFF, 0xFF, 0xC7, 0xFF, 0xFF, 0xC0, 0x1F, 0xFF, 0xFF, 0xCF,
  0xFF, 0xFF, 0x80, 0x3F, 0xFF, 0xFF, 0x9F, 0xFF, 0xFF, 0x00, 0x3F, 0xFF,
  0xFF, 0xBF, 0xFF, 0xFE, 0x00, 0x7F, 0xFF, 0xFF, 0x7F, 0xFF, 0xFC, 0x00,
  0xFF, 0xFF, 0xFE, 0xFF, 0xFF, 0xF8, 0x01, 0xFF, 0xFF, 0xFF, 0xFF, 0xFF,
  0xF0, 0x07, 0xFF, 0xFF, 0xFF, 0xFF, 0xFF, 0xE0, 0x0F, 0xFF, 0xFF, 0xFF,
  0xFF, 0xFF, 0xC0, 0x3F, 0xFF, 0xFF, 0xFF, 0xFF, 0xFF, 0x81, 0xFF, 0xFF,
  0xFF, 0xFF, 0xFF, 0xFF, 0xFF, 0xFF, 0xFF, 0xFF, 0xFF, 0xFF, 0xFF, 0xFF,
  0xFF, 0xFF, 0xFF, 0xFF, 0xFF, 0xFF, 0xFF, 0xFF, 0xFF, 0xFF, 0xFF, 0xFF,
  0xFF, 0xFF, 0xFF, 0xFF, 0xFF, 0xFF, 0xFF, 0xFF, 0xFF, 0xFF, 0xFF, 0xFF,
  0xFF, 0xFF, 0xFF, 0xFF, 0xFF, 0xFF, 0xF7, 0xFF, 0xFF, 0xFF, 0xFF, 0xFF,
  0xFF, 0xEF, 0xFF, 0xFF, 0xFF, 0xFF, 0xFF, 0xFF, 0x9F, 0xFF, 0xFF, 0xFF,
  0xFF, 0xFF, 0xFF, 0x3F, 0xFF, 0xFF, 0xFF, 0xFF, 0xFF, 0xFC, 0x7F, 0xFF,
  0xFF, 0xFF, 0xFF, 0xFF, 0xF0, 0xFF, 0xFF, 0xFF, 0xFF, 0xFF, 0xFF, 0xC1,
  0xFF, 0xFF, 0xFF, 0xFF, 0xFF, 0xFF, 0x03, 0xFF, 0xFF, 0xFF, 0xFF, 0xFF,
  0xF8, 0x01, 0xFF, 0xFF, 0xFF, 0xFF, 0xFF, 0xC0, 0x00, 0xFF, 0xFF, 0xFF,
  0xFF, 0xFE, 0x00, 0x00, 0x1F, 0xFF, 0xFF, 0xFF, 0xC0, 0x00, 0x00, 0x01,
  0xFF, 0xFF, 0xF0, 0x00, 0x00, 0x00, 0x00, 0x00, 0x00, 0x01, 0xFF, 0x00,
  0x00, 0x00, 0x00, 0x3F, 0xFF, 0xFE, 0x00, 0x00, 0x00, 0xFF, 0xFF, 0xFF,
  0xC0, 0x00, 0x01, 0xFF, 0xFF, 0xFF, 0xF0, 0x00, 0x03, 0xFF, 0xFF, 0xFF,
  0xF8, 0x00, 0x07, 0xFF, 0xFF, 0xFF, 0xFC, 0x00, 0x07, 0xFF, 0xFF, 0xFF,
  0xFC, 0x00, 0x0F, 0xFF, 0xFF, 0xFF, 0xFE, 0x00, 0x0F, 0xFF, 0xFF, 0xFF,
  0xFF, 0x00, 0x0F, 0xFF, 0xFF, 0xFF, 0xFF, 0x80, 0x0F, 0xFF, 0xFF, 0xFF,
  0xFF, 0xC0, 0x0F, 0xFF, 0xFF, 0xFF, 0xFF, 0xE0, 0x0F, 0xFF, 0xFF, 0xFF,
  0xFF, 0xF0, 0x07, 0xFF, 0xFF, 0xFF, 0xFF, 0xF0, 0x07, 0xFF, 0xFF, 0xFF,
  0xFF, 0xF8, 0x07, 0xFF, 0xFF, 0xFF, 0xFF, 0xFC, 0x03, 0xFF, 0xFF, 0xFF,
  0xFF, 0xFE, 0x03, 0xFF, 0xFF, 0xFF, 0xFF, 0xFF, 0x01, 0xFF, 0xFF, 0xFF,
  0xFF, 0xFF, 0x81, 0xFF, 0xFF, 0xFF, 0xFF, 0xFF, 0xC0, 0xFF, 0xFF, 0xFF,
  0xFF, 0xFF, 0xE0, 0xFF, 0xFF, 0xFF, 0xFF, 0xFF, 0xE0, 0x7F, 0xFF, 0xFF,
  0xFF, 0xE0, 0x30, 0x7F, 0xFF, 0xFF, 0xFF, 0x00, 0x00, 0x3F, 0xFF, 0xFF,
  0xFE, 0x00, 0x00, 0x1F, 0xFF, 0xFF, 0xFC, 0x00, 0x00, 0x1F, 0xFF, 0xFF,
  0xFC, 0x00, 0x00, 0x0F, 0xFF, 0xFF, 0xFC, 0x00, 0x00, 0x07, 0xFF, 0xFF,
  0xFC, 0x00, 0x00, 0x03, 0xFF, 0xFF, 0xFC, 0x00, 0x00, 0x01, 0xFF, 0xFF,
  0xFC, 0x00, 0x00, 0x01, 0xFF, 0xFF, 0xFE, 0x00, 0x00, 0x00, 0xFF, 0xFF,
  0xFF, 0x00, 0x00, 0x00, 0x7F, 0xFF, 0xFF, 0x00, 0x00, 0x00, 0x3F, 0xFF,
  0xFF, 0x80, 0x00, 0x00, 0x1F, 0xFF, 0xFF, 0xC0, 0x00, 0x00, 0x0F, 0xFF,
  0xFF, 0xE0, 0x00, 0x00, 0x07, 0xFF, 0xFF, 0xF0, 0x00, 0x00, 0x03, 0xFF,
  0xFF, 0xF8, 0x00, 0x00, 0x01, 0xFF, 0xFF, 0xFC, 0x00, 0x00, 0x00, 0xFF,
  0xFF, 0xFE, 0x00, 0x00, 0x00, 0x7F, 0xFF, 0xFF, 0x00, 0x00, 0x00, 0x3F,
  0xFF, 0xFF, 0xC0, 0x00, 0x00, 0x1F, 0xFF, 0xFF, 0xF0, 0x00, 0x00, 0x6F,
  0xFF, 0xFF, 0xF8, 0x00, 0x00, 0xF7, 0xFF, 0xFF, 0xFF, 0x00, 0x01, 0xFB,
  0xFF, 0xFF, 0xFF, 0xE0, 0x07, 0xFC, 0xFF, 0xFF, 0xFF, 0xFF, 0xFF, 0xFE,
  0x7F, 0xFF, 0xFF, 0xFF, 0xFF, 0xFE, 0x3F, 0xFF, 0xFF, 0xFF, 0xFF, 0xFF,
  0x1F, 0xFF, 0xFF, 0xFF, 0xFF, 0xFF, 0x87, 0xFF, 0xFF, 0xFF, 0xFF, 0xFF,
  0xC3, 0xFF, 0xFF, 0xFF, 0xFF, 0xFF, 0xE0, 0xFF, 0xFF, 0xFF, 0xFF, 0xFF,
  0xF0, 0x7F, 0xFF, 0xFF, 0xFF, 0xFF, 0xF8, 0x1F, 0xFF, 0xFF, 0xFF, 0xFF,
  0xFC, 0x0F, 0xFF, 0xFF, 0xFF, 0xFF, 0xFE, 0x03, 0xFF, 0xFF, 0xFF, 0xFF,
  0xFF, 0x00, 0xFF, 0xFF, 0xFF, 0xFF, 0xFF, 0x80, 0x3F, 0xFF, 0xFF, 0xFF,
  0xFF, 0x80, 0x0F, 0xFF, 0xFF, 0xFF, 0xFF, 0xC0, 0x03, 0xFF, 0xFF, 0xFF,
  0xFF, 0xE0, 0x00, 0xFF, 0xFF, 0xFF, 0xFF, 0xF0, 0x00, 0x3F, 0xFF, 0xFF,
  0xFF, 0xF8, 0x00, 0x0F, 0xFF, 0xFF, 0xFF, 0xFC, 0x00, 0x01, 0xFF, 0xFF,
  0xFF, 0xFC, 0x00, 0x00, 0x3F, 0xFF, 0xFF, 0xF8, 0x00, 0x00, 0x07, 0xFF,
  0xFF, 0xE0, 0x00, 0x00, 0x00, 0x7F, 0xFF, 0x00, 0x00, 0x00, 0x07, 0xFF,
  0xFE, 0x00, 0x00, 0x00, 0x03, 0xFF, 0xFF, 0xFF, 0xC0, 0x00, 0x00, 0x7F,
  0xFF, 0xFF, 0xFF, 0xE0, 0x00, 0x03, 0xFF, 0xFF, 0xFF, 0xFF, 0xF8, 0x00,
  0x07, 0xFF, 0xFF, 0xFF, 0xFF, 0xF8, 0x00, 0x0F, 0xFF, 0xFF, 0xFF, 0xFF,
  0xFC, 0x00, 0x1F, 0xFF, 0xFF, 0xFF, 0xFF, 0xFC, 0x00, 0x3F, 0xFF, 0xFF,
  0xFF, 0xFF, 0xFC, 0x00, 0x7F, 0xFF, 0xFF, 0xFF, 0xFF, 0xFE, 0x00, 0xFF,
  0xFF, 0xFF, 0xFF, 0xFF, 0xFC, 0x01, 0xFF, 0xFF, 0xFF, 0xFF, 0xFF, 0xFC,
  0x03, 0xFF, 0xFF, 0xFF, 0xFF, 0xFF, 0xFC, 0x07, 0xFF, 0xFF, 0xFF, 0xFF,
  0xFF, 0xFC, 0x0F, 0xFF, 0xFF, 0xFF, 0xFF, 0xFF, 0xF8, 0x1F, 0xFF, 0xFF,
  0xFF, 0xFF, 0xFF, 0xF8, 0x3F, 0xFF, 0xFF, 0xFF, 0xFF, 0xFF, 0xF8, 0x7F,
  0xFF, 0xFF, 0xFF, 0xFF, 0xFF, 0xF0, 0xFF, 0xFF, 0xFF, 0xFF, 0xFF, 0xFF,
  0xE1, 0xFF, 0xFF, 0xFF, 0xFF, 0xFF, 0xFF, 0xE3, 0xFF, 0xFF, 0xFF, 0xFF,
  0xFF, 0xFF, 0xC7, 0xFF, 0xFF, 0xF0, 0xFF, 0xFF, 0xFF, 0x8F, 0xFF, 0xFF,
  0xE0, 0x7F, 0xFF, 0xFF, 0x9F, 0xFF, 0xFF, 0xC0, 0x7F, 0xFF, 0xFF, 0x3F,
  0xFF, 0xFF, 0x80, 0x7F, 0xFF, 0xFE, 0x7F, 0xFF, 0xFF, 0x00, 0x7F, 0xFF,
  0xFC, 0xFF, 0xFF, 0xFE, 0x00, 0xFF, 0xFF, 0xF9, 0xFF, 0xFF, 0xFC, 0x00,
  0xFF, 0xFF, 0xFB, 0xFF, 0xFF, 0xF8, 0x01, 0xFF, 0xFF, 0xF7, 0xFF, 0xFF,
  0xE0, 0x01, 0xFF, 0xFF, 0xEF, 0xFF, 0xFF, 0xC0, 0x03, 0xFF, 0xFF, 0xDF,
  0xFF, 0xFF, 0x80, 0x07, 0xFF, 0xFF, 0xBF, 0xFF, 0xFF, 0x00, 0x0F, 0xFF,
  0xFF, 0x7F, 0xFF, 0xFE, 0x00, 0x1F, 0xFF, 0xFE, 0xFF, 0xFF, 0xFC, 0x00,
  0x3F, 0xFF, 0xFD, 0xFF, 0xFF, 0xF8, 0x00, 0x7F, 0xFF, 0xF3, 0xFF, 0xFF,
  0xF0, 0x00, 0xFF, 0xFF, 0xE7, 0xFF, 0xFF, 0xE0, 0x01, 0xFF, 0xFF, 0xCF,
  0xFF, 0xFF, 0xC0, 0x07, 0xFF, 0xFF, 0x9F, 0xFF, 0xFF, 0x80, 0x0F, 0xFF,
  0xFF, 0x3F, 0xFF, 0xFF, 0x00, 0x1F, 0xFF, 0xFE, 0x7F, 0xFF, 0xFE, 0x00,
  0x7F, 0xFF, 0xF8, 0xFF, 0xFF, 0xFC, 0x00, 0xFF, 0xFF, 0xF1, 0xFF, 0xFF,
  0xF8, 0x03, 0xFF, 0xFF, 0xE3, 0xFF, 0xFF, 0xF0, 0x07, 0xFF, 0xFF, 0x87,
  0xFF, 0xFF, 0xC0, 0x1F, 0xFF, 0xFF, 0x0F, 0xFF, 0xFF, 0x80, 0x7F, 0xFF,
  0xFE, 0x1F, 0xFF, 0xFF, 0x01, 0xFF, 0xFF, 0xF8, 0x3F, 0xFF, 0xFE, 0x0F,
  0xFF, 0xFF, 0xF0, 0xFF, 0xFF, 0xFC, 0x7F, 0xFF, 0xFF, 0xC1, 0xFF, 0xFF,
  0xFF, 0xFF, 0xFF, 0xFF, 0x83, 0xFF, 0xFF, 0xFF, 0xFF, 0xFF, 0xFE, 0x07,
  0xFF, 0xFF, 0xFF, 0xFF, 0xFF, 0xF8, 0x0F, 0xFF, 0xFF, 0xFF, 0xFF, 0xFF,
  0xF0, 0x1F, 0xFF, 0xFF, 0xFF, 0xFF, 0xFF, 0xC0, 0x3F, 0xFF, 0xFF, 0xFF,
  0xFF, 0xFF, 0x00, 0x7F, 0xFF, 0xFF, 0xFF, 0xFF, 0xFC, 0x00, 0xFF, 0xFF,
  0xFF, 0xFF, 0xFF, 0xF0, 0x01, 0xFF, 0xFF, 0xFF, 0xFF, 0xFF, 0xC0, 0x03,
  0xFF, 0xFF, 0xFF, 0xFF, 0xFE, 0x00, 0x07, 0xFF, 0xFF, 0xFF, 0xFF, 0xF8,
  0x00, 0x0F, 0xFF, 0xFF, 0xFF, 0xFF, 0xC0, 0x00, 0x1F, 0xFF, 0xFF, 0xFF,
  0xFE, 0x00, 0x00, 0x3F, 0xFF, 0xFF, 0xFF, 0xF0, 0x00, 0x00, 0x7F, 0xFF,
  0xFF, 0xFF, 0x80, 0x00, 0x00, 0xFF, 0xFF, 0xFF, 0xFC, 0x00, 0x00, 0x01,
  0xFF, 0xFF, 0xFF, 0x80, 0x00, 0x00, 0x03, 0xFF, 0xFF, 0xF0, 0x00, 0x00,
  0x00, 0x00, 0x7F, 0xE0, 0x00, 0x00, 0x00, 0x00, 0x00, 0x3F, 0xFF, 0xFF,
  0xFF, 0xFF, 0xFC, 0xFF, 0xFF, 0xFF, 0xFF, 0xFF, 0xF3, 0xFF, 0xFF, 0xFF,
  0xFF, 0xFF, 0xCF, 0xFF, 0xFF, 0xFF, 0xFF, 0xFF, 0x3F, 0xFF, 0xFF, 0xFF,
  0xFF, 0xF8, 0xFF, 0xFF, 0xFF, 0xFF, 0xFF, 0xE7, 0xFF, 0xFF, 0xFF, 0xFF,
  0xFF, 0x9F, 0xFF, 0xFF, 0xFF, 0xFF, 0xFE, 0x7F, 0xFF, 0xFF, 0xFF, 0xFF,
  0xF9, 0xFF, 0xFF, 0xFF, 0xFF, 0xFF, 0xE7, 0xFF, 0xFF, 0xFF, 0xFF, 0xFF,
  0x9F, 0xFF, 0xFF, 0xFF, 0xFF, 0xFE, 0x7F, 0xFF, 0xFF, 0xFF, 0xFF, 0xF9,
  0xFF, 0xFF, 0xFF, 0xFF, 0xFF, 0xE7, 0xFF, 0xFF, 0xFF, 0xFF, 0xFF, 0x9F,
  0xFF, 0xFF, 0xFF, 0xFF, 0xFE, 0x7F, 0xFF, 0xFF, 0xFF, 0xFF, 0xF9, 0xFF,
  0xFF, 0xFF, 0xFF, 0xFF, 0xE7, 0xFF, 0xFF, 0xFF, 0xE0, 0x00, 0x1F, 0xFF,
  0xFF, 0xC0, 0x00, 0x00, 0x7F, 0xFF, 0xFF, 0x00, 0x00, 0x01, 0xFF, 0xFF,
  0xFC, 0x00, 0x00, 0x07, 0xFF, 0xFF, 0xF0, 0x00, 0x00, 0x1F, 0xFF, 0xFF,
  0xC0, 0x00, 0x00, 0x7F, 0xFF, 0xFF, 0x00, 0x00, 0x01, 0xFF, 0xFF, 0xFF,
  0xFF, 0xF0, 0x07, 0xFF, 0xFF, 0xFF, 0xFF, 0xC0, 0x1F, 0xFF, 0xFF, 0xFF,
  0xFF, 0x00, 0x7F, 0xFF, 0xFF, 0xFF, 0xFC, 0x01, 0xFF, 0xFF, 0xFF, 0xFF,
  0xF0, 0x07, 0xFF, 0xFF, 0xFF, 0xFF, 0xC0, 0x1F, 0xFF, 0xFF, 0xFF, 0xFF,
  0x00, 0x7F, 0xFF, 0xFF, 0xFF, 0xFC, 0x01, 0xFF, 0xFF, 0xFF, 0xFF, 0xF0,
  0x07, 0xFF, 0xFF, 0xFF, 0xFF, 0x80, 0x1F, 0xFF, 0xFF, 0xFF, 0xFE, 0x00,
  0x7F, 0xFF, 0xFF, 0xFF, 0xF8, 0x01, 0xFF, 0xFF, 0xFF, 0xFF, 0xE0, 0x07,
  0xFF, 0xFF, 0xFF, 0xFF, 0x80, 0x1F, 0xFF, 0xFF, 0xFF, 0xFE, 0x00, 0x7F,
  0xFF, 0xFE, 0x00, 0x00, 0x01, 0xFF, 0xFF, 0xF8, 0x00, 0x00, 0x07, 0xFF,
  0xFF, 0xE0, 0x00, 0x00, 0x1F, 0xFF, 0xFF, 0x00, 0x00, 0x00, 0x7F, 0xFF,
  0xFC, 0x00, 0x00, 0x01, 0xFF, 0xFF, 0xF0, 0x00, 0x00, 0x07, 0xFF, 0xFF,
  0xC0, 0x00, 0x00, 0x1F, 0xFF, 0xFF, 0xFF, 0xFF, 0xF8, 0x7F, 0xFF, 0xFF,
  0xFF, 0xFF, 0xC1, 0xFF, 0xFF, 0xFF, 0xFF, 0xFF, 0x07, 0xFF, 0xFF, 0xFF,
  0xFF, 0xFC, 0x3F, 0xFF, 0xFF, 0xFF, 0xFF, 0xF0, 0xFF, 0xFF, 0xFF, 0xFF,
  0xFF, 0xC3, 0xFF, 0xFF, 0xFF, 0xFF, 0xFF, 0x0F, 0xFF, 0xFF, 0xFF, 0xFF,
  0xFC, 0x3F, 0xFF, 0xFF, 0xFF, 0xFF, 0xF0, 0xFF, 0xFF, 0xFF, 0xFF, 0xFF,
  0xC3, 0xFF, 0xFF, 0xFF, 0xFF, 0xFF, 0x0F, 0xFF, 0xFF, 0xFF, 0xFF, 0xFC,
  0x3F, 0xFF, 0xFF, 0xFF, 0xFF, 0xF0, 0xFF, 0xFF, 0xFF, 0xFF, 0xFF, 0xC3,
  0xFF, 0xFF, 0xFF, 0xFF, 0xFF, 0x0F, 0xFF, 0xFF, 0xFF, 0xFF, 0xFC, 0x3F,
  0xFF, 0xFF, 0xFF, 0xFF, 0xF0, 0xFF, 0xFF, 0xFF, 0xFF, 0xFF, 0xC3, 0xFF,
  0xFF, 0xFF, 0xFF, 0xFE, 0x0F, 0xFF, 0xFF, 0xFF, 0xFF, 0xF8, 0x3F, 0xFF,
  0xFF, 0xFF, 0xFF, 0xE0, 0xFF, 0xFF, 0xFC, 0x00, 0x00, 0x00, 0x3F, 0xFF,
  0xFF, 0xFF, 0xFF, 0xFC, 0xFF, 0xFF, 0xFF, 0xFF, 0xFF, 0xF3, 0xFF, 0xFF,
  0xFF, 0xFF, 0xFF, 0xCF, 0xFF, 0xFF, 0xFF, 0xFF, 0xFF, 0x3F, 0xFF, 0xFF,
  0xFF, 0xFF, 0xF8, 0xFF, 0xFF, 0xFF, 0xFF, 0xFF, 0xE7, 0xFF, 0xFF, 0xFF,
  0xFF, 0xFF, 0x9F, 0xFF, 0xFF, 0xFF, 0xFF, 0xFE, 0x7F, 0xFF, 0xFF, 0xFF,
  0xFF, 0xF9, 0xFF, 0xFF, 0xFF, 0xFF, 0xFF, 0xE7, 0xFF, 0xFF, 0xFF, 0xFF,
  0xFF, 0x9F, 0xFF, 0xFF, 0xFF, 0xFF, 0xFE, 0x7F, 0xFF, 0xFF, 0xFF, 0xFF,
  0xF9, 0xFF, 0xFF, 0xFF, 0xFF, 0xFF, 0xE7, 0xFF, 0xFF, 0xFF, 0xFF, 0xFF,
  0x9F, 0xFF, 0xFF, 0xFF, 0xFF, 0xFE, 0x7F, 0xFF, 0xFF, 0xFF, 0xFF, 0xF9,
  0xFF, 0xFF, 0xFF, 0xFF, 0xFF, 0xE7, 0xFF, 0xFF, 0xFF, 0xE0, 0x00, 0x1F,
  0xFF, 0xFF, 0xC0, 0x00, 0x00, 0x7F, 0xFF, 0xFF, 0x00, 0x00, 0x01, 0xFF,
  0xFF, 0xFC, 0x00, 0x00, 0x07, 0xFF, 0xFF, 0xF0, 0x00, 0x00, 0x1F, 0xFF,
  0xFF, 0xC0, 0x00, 0x00, 0x7F, 0xFF, 0xFF, 0x00, 0x00, 0x01, 0xFF, 0xFF,
  0xFF, 0xFF, 0xFF, 0x07, 0xFF, 0xFF, 0xFF, 0xFF, 0xFC, 0x1F, 0xFF, 0xFF,
  0xFF, 0xFF, 0xF0, 0x7F, 0xFF, 0xFF, 0xFF, 0xFF, 0xC1, 0xFF, 0xFF, 0xFF,
  0xFF, 0xFF, 0x07, 0xFF, 0xFF, 0xFF, 0xFF, 0xFC, 0x1F, 0xFF, 0xFF, 0xFF,
  0xFF, 0xF0, 0x7F, 0xFF, 0xFF, 0xFF, 0xFF, 0x81, 0xFF, 0xFF, 0xFF, 0xFF,
  0xFE, 0x07, 0xFF, 0xFF, 0xFF, 0xFF, 0xF8, 0x1F, 0xFF, 0xFF, 0xFF, 0xFF,
  0xE0, 0x7F, 0xFF, 0xFF, 0xFF, 0xFF, 0x81, 0xFF, 0xFF, 0xFF, 0xFF, 0xFE,
  0x07, 0xFF, 0xFF, 0xFF, 0xFF, 0xF8, 0x1F, 0xFF, 0xFF, 0xFF, 0xFF, 0xE0,
  0x7F, 0xFF, 0xFF, 0x00, 0x00, 0x01, 0xFF, 0xFF, 0xFC, 0x00, 0x00, 0x07,
  0xFF, 0xFF, 0xF0, 0x00, 0x00, 0x1F, 0xFF, 0xFF, 0xC0, 0x00, 0x00, 0x7F,
  0xFF, 0xFF, 0x00, 0x00, 0x01, 0xFF, 0xFF, 0xFC, 0x00, 0x00, 0x07, 0xFF,
  0xFF, 0xF0, 0x00, 0x00, 0x1F, 0xFF, 0xFF, 0xC0, 0x00, 0x00, 0x7F, 0xFF,
  0xFF, 0x00, 0x00, 0x01, 0xFF, 0xFF, 0xFC, 0x00, 0x00, 0x07, 0xFF, 0xFF,
  0xF0, 0x00, 0x00, 0x3F, 0xFF, 0xFF, 0xC0, 0x00, 0x00, 0xFF, 0xFF, 0xFF,
  0x00, 0x00, 0x03, 0xFF, 0xFF, 0xFC, 0x00, 0x00, 0x0F, 0xFF, 0xFF, 0xF0,
  0x00, 0x00, 0x3F, 0xFF, 0xFF, 0xC0, 0x00, 0x00, 0xFF, 0xFF, 0xFF, 0x00,
  0x00, 0x03, 0xFF, 0xFF, 0xFC, 0x00, 0x00, 0x0F, 0xFF, 0xFF, 0xF0, 0x00,
  0x00, 0x3F, 0xFF, 0xFF, 0xC0, 0x00, 0x00, 0xFF, 0xFF, 0xFF, 0x00, 0x00,
  0x03, 0xFF, 0xFF, 0xFC, 0x00, 0x00, 0x0F, 0xFF, 0xFF, 0xF0, 0x00, 0x00,
  0x3F, 0xFF, 0xFF, 0xC0, 0x00, 0x00, 0xFF, 0xFF, 0xFF, 0x00, 0x00, 0x03,
  0xFF, 0xFF, 0xFC, 0x00, 0x00, 0x0F, 0xFF, 0xFF, 0xF0, 0x00, 0x00, 0x3F,
  0xFF, 0xFF, 0xC0, 0x00, 0x00, 0xFF, 0xFF, 0xFF, 0x00, 0x00, 0x00, 0x00,
  0x00, 0x00, 0x00, 0xFF, 0xE0, 0x00, 0x00, 0x00, 0x00, 0x01, 0xFF, 0xFF,
  0xF8, 0x00, 0x00, 0x00, 0x00, 0xFF, 0xFF, 0xFF, 0xF0, 0x00, 0x00, 0x00,
  0x3F, 0xFF, 0xFF, 0xFF, 0xC0, 0x00, 0x00, 0x0F, 0xFF, 0xFF, 0xFF, 0xFE,
  0x00, 0x00, 0x03, 0xFF, 0xFF, 0xFF, 0xFF, 0xC0, 0x00, 0x00, 0x7F, 0xFF,
  0xFF, 0xFF, 0xFC, 0x00, 0x00, 0x1F, 0xFF, 0xFF, 0xFF, 0xFF, 0xC0, 0x00,
  0x03, 0xFF, 0xFF, 0xFF, 0xFF, 0xFC, 0x00, 0x00, 0x7F, 0xFF, 0xFF, 0xFF,
  0xFF, 0xC0, 0x00, 0x0F, 0xFF, 0xFF, 0xFF, 0xFF, 0xFC, 0x00, 0x01, 0xFF,
  0xFF, 0xFF, 0xFF, 0xFF, 0xC0, 0x00, 0x3F, 0xFF, 0xFF, 0xFF, 0xFF, 0xFC,
  0x00, 0x07, 0xFF, 0xFF, 0xFF, 0xFF, 0xFF, 0xC0, 0x00, 0x7F, 0xFF, 0xFF,
  0xFF, 0xFF, 0xFC, 0x00, 0x0F, 0xFF, 0xFF, 0xFF, 0xFF, 0xFF, 0xC0, 0x01,
  0xFF, 0xFF, 0xFF, 0xFF, 0xFF, 0xFC, 0x00, 0x1F, 0xFF, 0xFF, 0xFF, 0xFF,
  0xFF, 0xC0, 0x03, 0xFF, 0xFF, 0xFF, 0xFF, 0xFF, 0xF8, 0x00, 0x7F, 0xFF,
  0xFF, 0xFF, 0xFF, 0xFF, 0x80, 0x07, 0xFF, 0xFF, 0xFF, 0xFF, 0x07, 0xF8,
  0x00, 0xFF, 0xFF, 0xFF, 0xFE, 0x00, 0x01, 0x80, 0x0F, 0xFF, 0xFF, 0xFF,
  0x80, 0x00, 0x00, 0x00, 0xFF, 0xFF, 0xFF, 0xE0, 0x00, 0x00, 0x00, 0x1F,
  0xFF, 0xFF, 0xFC, 0x00, 0x00, 0x00, 0x01, 0xFF, 0xFF, 0xFF, 0x80, 0x00,
  0x00, 0x00, 0x3F, 0xFF, 0xFF, 0xF0, 0x00, 0x00, 0x00, 0x03, 0xFF, 0xFF,
  0xFE, 0x00, 0x00, 0x00, 0x00, 0x3F, 0xFF, 0xFF, 0xC0, 0x00, 0x00, 0x00,
  0x03, 0xFF, 0xFF, 0xFC, 0x00, 0x00, 0x1F, 0xFF, 0x7F, 0xFF, 0xFF, 0x81,
  0xFF, 0xFF, 0xFF, 0xF7, 0xFF, 0xFF, 0xF8, 0x1F, 0xFF, 0xFF, 0xFF, 0x7F,
  0xFF, 0xFF, 0x01, 0xFF, 0xFF, 0xFF, 0xF7, 0xFF, 0xFF, 0xF0, 0x1F, 0xFF,
  0xFF, 0xFF, 0x7F, 0xFF, 0xFF, 0x01, 0xFF, 0xFF, 0xFF, 0xF7, 0xFF, 0xFF,
  0xF0, 0x1F, 0xFF, 0xFF, 0xFF, 0x7F, 0xFF, 0xFF, 0x01, 0xFF, 0xFF, 0xFF,
  0xFF, 0xFF, 0xFF, 0xF0, 0x1F, 0xFF, 0xFF, 0xFF, 0xFF, 0xFF, 0xFF, 0x01,
  0xFF, 0xFF, 0xFF, 0xFF, 0xFF, 0xFF, 0xF0, 0x1F, 0xFF, 0xFF, 0xFF, 0xFF,
  0xFF, 0xFF, 0x01, 0xFF, 0xFF, 0xFF, 0xFF, 0xFF, 0xFF, 0xF0, 0x1F, 0xFF,
  0xFF, 0xFF, 0xFF, 0xFF, 0xFF, 0x83, 0xFF, 0xFF, 0xFF, 0xF7, 0xFF, 0xFF,
  0xF8, 0x3F, 0xFF, 0xFF, 0xFF, 0x7F, 0xFF, 0xFF, 0x80, 0x00, 0x3F, 0xFF,
  0xF7, 0xFF, 0xFF, 0xFC, 0x00, 0x03, 0xFF, 0xFF, 0x7F, 0xFF, 0xFF, 0xE0,
  0x00, 0x3F, 0xFF, 0xF7, 0xFF, 0xFF, 0xFF, 0x00, 0x03, 0xFF, 0xFF, 0x7F,
  0xFF, 0xFF, 0xF8, 0x00, 0x7F, 0xFF, 0xF3, 0xFF, 0xFF, 0xFF, 0xC0, 0x0F,
  0xFF, 0xFF, 0x3F, 0xFF, 0xFF, 0xFF, 0xFF, 0xFF, 0xFF, 0xF3, 0xFF, 0xFF,
  0xFF, 0xFF, 0xFF, 0xFF, 0xFF, 0x1F, 0xFF, 0xFF, 0xFF, 0xFF, 0xFF, 0xFF,
  0xF1, 0xFF, 0xFF, 0xFF, 0xFF, 0xFF, 0xFF, 0xFF, 0x1F, 0xFF, 0xFF, 0xFF,
  0xFF, 0xFF, 0xFF, 0xF0, 0xFF, 0xFF, 0xFF, 0xFF, 0xFF, 0xFF, 0xFF, 0x07,
  0xFF, 0xFF, 0xFF, 0xFF, 0xFF, 0xFF, 0xF0, 0x7F, 0xFF, 0xFF, 0xFF, 0xFF,
  0xFF, 0xFF, 0x03, 0xFF, 0xFF, 0xFF, 0xFF, 0xFF, 0xFF, 0xF0, 0x3F, 0xFF,
  0xFF, 0xFF, 0xFF, 0xFF, 0xFF, 0x01, 0xFF, 0xFF, 0xFF, 0xFF, 0xFF, 0xFF,
  0xF0, 0x0F, 0xFF, 0xFF, 0xFF, 0xFF, 0xFF, 0xFF, 0x00, 0x7F, 0xFF, 0xFF,
  0xFF, 0xFF, 0xFF, 0xE0, 0x03, 0xFF, 0xFF, 0xFF, 0xFF, 0xFF, 0xFC, 0x00,
  0x1F, 0xFF, 0xFF, 0xFF, 0xFF, 0xFF, 0x80, 0x00, 0xFF, 0xFF, 0xFF, 0xFF,
  0xFF, 0xF0, 0x00, 0x07, 0xFF, 0xFF, 0xFF, 0xFF, 0xFC, 0x00, 0x00, 0x1F,
  0xFF, 0xFF, 0xFF, 0xFF, 0x00, 0x00, 0x00, 0xFF, 0xFF, 0xFF, 0xFF, 0xC0,
  0x00, 0x00, 0x03, 0xFF, 0xFF, 0xFF, 0xF0, 0x00, 0x00, 0x00, 0x07, 0xFF,
  0xFF, 0xF8, 0x00, 0x00, 0x00, 0x00, 0x0F, 0xFF, 0xF8, 0x00, 0x00, 0x00,
  0x00, 0x00, 0x00, 0x3F, 0xFC, 0x00, 0x00, 0x00, 0x00, 0x00, 0x1F, 0xFF,
  0xFF, 0x8F, 0xFF, 0xF8, 0x00, 0x0F, 0xFF, 0xFF, 0xC7, 0xFF, 0xFF, 0xF0,
  0x07, 0xFF, 0xFF, 0xE3, 0xFF, 0xFF, 0xF8, 0x03, 0xFF, 0xFF, 0xF1, 0xFF,
  0xFF, 0xFC, 0x01, 0xFF, 0xFF, 0xF8, 0xFF, 0xFF, 0xFC, 0x00, 0xFF, 0xFF,
  0xFC, 0x7F, 0xFF, 0xFE, 0x00, 0x7F, 0xFF, 0xFE, 0x3F, 0xFF, 0xFF, 0x00,
  0x3F, 0xFF, 0xFF, 0x1F, 0xFF, 0xFF, 0x80, 0x1F, 0xFF, 0xFF, 0x8F, 0xFF,
  0xFF, 0xC0, 0x0F, 0xFF, 0xFF, 0xC7, 0xFF, 0xFF, 0xE0, 0x07, 0xFF, 0xFF,
  0xE3, 0xFF, 0xFF, 0xF0, 0x03, 0xFF, 0xFF, 0xF3, 0xFF, 0xFF, 0xF8, 0x01,
  0xFF, 0xFF, 0xF9, 0xFF, 0xFF, 0xFC, 0x00, 0xFF, 0xFF, 0xFC, 0xFF, 0xFF,
  0xFE, 0x00, 0x7F, 0xFF, 0xFE, 0x7F, 0xFF, 0xFF, 0x00, 0x3F, 0xFF, 0xFF,
  0x3F, 0xFF, 0xFF, 0x80, 0x1F, 0xFF, 0xFF, 0x9F, 0xFF, 0xFF, 0xC0, 0x0F,
  0xFF, 0xFF, 0xCF, 0xFF, 0xFF, 0xE0, 0x07, 0xFF, 0xFF, 0xE7, 0xFF, 0xFF,
  0xF0, 0x03, 0xFF, 0xFF, 0xF3, 0xFF, 0xFF, 0xF8, 0x01, 0xFF, 0xFF, 0xF9,
  0xFF, 0xFF, 0xFC, 0x00, 0xFF, 0xFF, 0xFC, 0xFF, 0xFF, 0xFE, 0x00, 0x7F,
  0xFF, 0xFE, 0x7F, 0xFF, 0xFF, 0x00, 0x3F, 0xFF, 0xFF, 0x3F, 0xFF, 0xFF,
  0x80, 0x1F, 0xFF, 0xFF, 0x9F, 0xFF, 0xFF, 0xC0, 0x0F, 0xFF, 0xFF, 0xCF,
  0xFF, 0xFF, 0xE0, 0x07, 0xFF, 0xFF, 0xE7, 0xFF, 0xFF, 0xF0, 0x03, 0xFF,
  0xFF, 0xF3, 0xFF, 0xFF, 0xF8, 0x01, 0xFF, 0xFF, 0xF9, 0xFF, 0xFF, 0xF8,
  0x00, 0xFF, 0xFF, 0xFC, 0xFF, 0xFF, 0xFC, 0x00, 0x7F, 0xFF, 0xFE, 0x7F,
  0xFF, 0xFE, 0x00, 0x3F, 0xFF, 0xFF, 0x3F, 0xFF, 0xFF, 0x00, 0x1F, 0xFF,
  0xFF, 0x9F, 0xFF, 0xFF, 0x80, 0x0F, 0xFF, 0xFF, 0xCF, 0xFF, 0xFF, 0xC0,
  0x07, 0xFF, 0xFF, 0xE7, 0xFF, 0xFF, 0xE0, 0x03, 0xFF, 0xFF, 0xFB, 0xFF,
  0xFF, 0xFF, 0xFF, 0xFF, 0xFF, 0xFD, 0xFF, 0xFF, 0xFF, 0xFF, 0xFF, 0xFF,
  0xFE, 0xFF, 0xFF, 0xFF, 0xFF, 0xFF, 0xFF, 0xFF, 0x7F, 0xFF, 0xFF, 0xFF,
  0xFF, 0xFF, 0xFF, 0xBF, 0xFF, 0xFF, 0xFF, 0xFF, 0xFF, 0xFF, 0xDF, 0xFF,
  0xFF, 0xFF, 0xFF, 0xFF, 0xFF, 0xEF, 0xFF, 0xFF, 0xFF, 0xFF, 0xFF, 0xFF,
  0xF7, 0xFF, 0xFF, 0xFF, 0xFF, 0xFF, 0xFF, 0xFB, 0xFF, 0xFF, 0xFF, 0xFF,
  0xFF, 0xFF, 0xFD, 0xFF, 0xFF, 0xFF, 0xFF, 0xFF, 0xFF, 0xFE, 0xFF, 0xFF,
  0xFF, 0xFF, 0xFF, 0xFF, 0xFF, 0x7F, 0xFF, 0xFC, 0x00, 0x7F, 0xFF, 0xFF,
  0xBF, 0xFF, 0xFE, 0x00, 0x3F, 0xFF, 0xFF, 0xFF, 0xFF, 0xFF, 0x00, 0x1F,
  0xFF, 0xFF, 0xFF, 0xFF, 0xFF, 0x80, 0x0F, 0xFF, 0xFF, 0xFF, 0xFF, 0xFF,
  0xC0, 0x07, 0xFF, 0xFF, 0xFF, 0xFF, 0xFF, 0xE0, 0x03, 0xFF, 0xFF, 0xFF,
  0xFF, 0xFF, 0xF0, 0x01, 0xFF, 0xFF, 0xFF, 0xFF, 0xFF, 0xF8, 0x00, 0xFF,
  0xFF, 0xFF, 0xFF, 0xFF, 0xFC, 0x00, 0x7F, 0xFF, 0xFF, 0xFF, 0xFF, 0xFE,
  0x00, 0x3F, 0xFF, 0xFF, 0xFF, 0xFF, 0xFF, 0x00, 0x1F, 0xFF, 0xFF, 0xFF,
  0xFF, 0xFF, 0x80, 0x0F, 0xFF, 0xFF, 0xFF, 0xFF, 0xFF, 0xC0, 0x07, 0xFF,
  0xFF, 0xFF, 0xFF, 0xFF, 0xE0, 0x03, 0xFF, 0xFF, 0xFF, 0xFF, 0xFF, 0xF0,
  0x01, 0xFF, 0xFF, 0xFF, 0xFF, 0xFF, 0xF8, 0x00, 0xFF, 0xFF, 0xFF, 0xFF,
  0xFF, 0xFC, 0x00, 0x7F, 0xFF, 0xFF, 0xFF, 0xFF, 0xFE, 0x00, 0x3F, 0xFF,
  0xFF, 0xFF, 0xFF, 0xFF, 0x00, 0x1F, 0xFF, 0xFF, 0xFF, 0xFF, 0xFF, 0x80,
  0x0F, 0xFF, 0xFF, 0xFF, 0xFF, 0xFF, 0x80, 0x07, 0xFF, 0xFF, 0xF8, 0x00,
  0x00, 0x00, 0x03, 0xFF, 0xF0, 0x00, 0x00, 0x7F, 0xFF, 0xFF, 0xFF, 0xFF,
  0xFF, 0xFF, 0xFF, 0xFF, 0xFF, 0xFF, 0xFF, 0xFF, 0xFF, 0xFF, 0xFF, 0xFF,
  0xFF, 0xFF, 0xFF, 0xFF, 0xFF, 0xFF, 0xFF, 0xFF, 0xFF, 0xFF, 0xFF, 0xFF,
  0xFF, 0xBF, 0xFF, 0xFF, 0xDF, 0xFF, 0xFF, 0xEF, 0xFF, 0xFF, 0xF7, 0xFF,
  0xFF, 0xFB, 0xFF, 0xFF, 0xFD, 0xFF, 0xFF, 0xFE, 0xFF, 0xFF, 0xFF, 0x7F,
  0xFF, 0xFF, 0xBF, 0xFF, 0xFF, 0xDF, 0xFF, 0xFF, 0xEF, 0xFF, 0xFF, 0xF7,
  0xFF, 0xFF, 0xFB, 0xFF, 0xFF, 0xF9, 0xFF, 0xFF, 0xFC, 0xFF, 0xFF, 0xFE,
  0x7F, 0xFF, 0xFF, 0x3F, 0xFF, 0xFF, 0x9F, 0xFF, 0xFF, 0xCF, 0xFF, 0xFF,
  0xE7, 0xFF, 0xFF, 0xF3, 0xFF, 0xFF, 0xF9, 0xFF, 0xFF, 0xFC, 0xFF, 0xFF,
  0xFE, 0x7F, 0xFF, 0xFF, 0x3F, 0xFF, 0xFF, 0x1F, 0xFF, 0xFF, 0x8F, 0xFF,
  0xFF, 0xC7, 0xFF, 0xFF, 0xE3, 0xFF, 0xFF, 0xF1, 0xFF, 0xFF, 0xF8, 0xFF,
  0xFF, 0xFC, 0x7F, 0xFF, 0xFE, 0x3F, 0xFF, 0xFF, 0x1F, 0xFF, 0xFF, 0x8F,
  0xFF, 0xFF, 0xC7, 0xFF, 0xFF, 0xE3, 0xFF, 0xFF, 0xF1, 0xFF, 0xFF, 0xF0,
  0xFF, 0xFF, 0xF8, 0x7F, 0xFF, 0xFC, 0x3F, 0xFF, 0xFE, 0x1F, 0xFF, 0xFF,
  0x0F, 0xFF, 0xFF, 0x87, 0xFF, 0xFF, 0xC3, 0xFF, 0xFF, 0xE1, 0xFF, 0xFF,
  0xF0, 0xFF, 0xFF, 0xF8, 0x7F, 0xFF, 0xFC, 0x3F, 0xFF, 0xFE, 0x1F, 0xFF,
  0xFE, 0x0F, 0xFF, 0xFF, 0x07, 0xFF, 0xFF, 0x83, 0xFF, 0xFF, 0xC1, 0xFF,
  0xFF, 0xE0, 0xFF, 0xFF, 0xF0, 0x7E, 0x00, 0x00, 0x00, 0x00, 0x00, 0x00,
  0x00, 0x0F, 0xFF, 0x00, 0x00, 0x00, 0x1F, 0xFF, 0xFF, 0x80, 0x00, 0x00,
  0x0F, 0xFF, 0xFF, 0xC0, 0x00, 0x00, 0x07, 0xFF, 0xFF, 0xE0, 0x00, 0x00,
  0x03, 0xFF, 0xFF, 0xF0, 0x00, 0x00, 0x01, 0xFF, 0xFF, 0xF8, 0x00, 0x00,
  0x00, 0xFF, 0xFF, 0xFC, 0x00, 0x00, 0x00, 0x7F, 0xFF, 0xFE, 0x00, 0x00,
  0x00, 0x3F, 0xFF, 0xFF, 0x00, 0x00, 0x00, 0x1F, 0xFF, 0xFF, 0x80, 0x00,
  0x00, 0x07, 0xFF, 0xFF, 0xE0, 0x00, 0x00, 0x03, 0xFF, 0xFF, 0xF0, 0x00,
  0x00, 0x01, 0xFF, 0xFF, 0xF8, 0x00, 0x00, 0x00, 0xFF, 0xFF, 0xFC, 0x00,
  0x00, 0x00, 0x7F, 0xFF, 0xFE, 0x00, 0x00, 0x00, 0x3F, 0xFF, 0xFF, 0x00,
  0x00, 0x00, 0x1F, 0xFF, 0xFF, 0x80, 0x00, 0x00, 0x0F, 0xFF, 0xFF, 0xC0,
  0x00, 0x00, 0x07, 0xFF, 0xFF, 0xE0, 0x00, 0x00, 0x03, 0xFF, 0xFF, 0xF0,
  0x00, 0x00, 0x01, 0xFF, 0xFF, 0xF8, 0x00, 0x00, 0x00, 0x7F, 0xFF, 0xFC,
  0x00, 0x00, 0x00, 0x3F, 0xFF, 0xFE, 0x00, 0x00, 0x00, 0x1F, 0xFF, 0xFF,
  0x00, 0x00, 0x00, 0x0F, 0xFF, 0xFF, 0x80, 0x00, 0x00, 0x07, 0xFF, 0xFF,
  0xC0, 0x00, 0x00, 0x03, 0xFF, 0xFF, 0xE0, 0x00, 0x00, 0x01, 0xFF, 0xFF,
  0xF0, 0x00, 0x00, 0x00, 0xFF, 0xFF, 0xF8, 0x00, 0x00, 0x00, 0x7F, 0xFF,
  0xFC, 0x00, 0x00, 0x00, 0x3F, 0xFF, 0xFE, 0x00, 0x00, 0x00, 0x1F, 0xFF,
  0xFF, 0x00, 0x00, 0x00, 0x0F, 0xFF, 0xFF, 0x80, 0x00, 0x00, 0x07, 0xFF,
  0xFF, 0xC0, 0x00, 0x00, 0x03, 0xFF, 0xFF, 0xE0, 0x00, 0x00, 0x01, 0xFF,
  0xFF, 0xF0, 0x00, 0x00, 0x00, 0xFF, 0xFF, 0xF8, 0x00, 0x00, 0x00, 0x7F,
  0xFF, 0xFC, 0x00, 0x00, 0x00, 0x3F, 0xFF, 0xFE, 0x00, 0x00, 0x00, 0x3F,
  0xFF, 0xFF, 0x00, 0x00, 0x00, 0x1F, 0xFF, 0xFF, 0x80, 0x00, 0x00, 0x0F,
  0xFF, 0xFF, 0xC0, 0x00, 0x00, 0x07, 0xFF, 0xFF, 0xE0, 0x00, 0x00, 0x07,
  0xFF, 0xFF, 0xF1, 0x00, 0x00, 0x03, 0xFF, 0xFF, 0xF0, 0xE0, 0x00, 0x03,
  0xFF, 0xFF, 0xF8, 0x78, 0x00, 0x01, 0xFF, 0xFF, 0xFC, 0x3F, 0x00, 0x01,
  0xFF, 0xFF, 0xFE, 0x1F, 0xE0, 0x03, 0xFF, 0xFF, 0xFE, 0x1F, 0xFF, 0x0F,
  0xFF, 0xFF, 0xFF, 0x0F, 0xFF, 0xFF, 0xFF, 0xFF, 0xFF, 0x87, 0xFF, 0xFF,
  0xFF, 0xFF, 0xFF, 0x83, 0xFF, 0xFF, 0xFF, 0xFF, 0xFF, 0xC1, 0xFF, 0xFF,
  0xFF, 0xFF, 0xFF, 0xE0, 0xFF, 0xFF, 0xFF, 0xFF, 0xFF, 0xE0, 0xFF, 0xFF,
  0xFF, 0xFF, 0xFF, 0xF0, 0x7F, 0xFF, 0xFF, 0xFF, 0xFF, 0xF0, 0x3F, 0xFF,
  0xFF, 0xFF, 0xFF, 0xF8, 0x1F, 0xFF, 0xFF, 0xFF, 0xFF, 0xF8, 0x0F, 0xFF,
  0xFF, 0xFF, 0xFF, 0xF8, 0x07, 0xFF, 0xFF, 0xFF, 0xFF, 0xF8, 0x03, 0xFF,
  0xFF, 0xFF, 0xFF, 0xFC, 0x03, 0xFF, 0xFF, 0xFF, 0xFF, 0xFC, 0x01, 0xFF,
  0xFF, 0xFF, 0xFF, 0xFC, 0x00, 0x3F, 0xFF, 0xFF, 0xFF, 0xF8, 0x00, 0x0F,
  0xFF, 0xFF, 0xFF, 0xF8, 0x00, 0x01, 0xFF, 0xFF, 0xFF, 0xF8, 0x00, 0x00,
  0x3F, 0xFF, 0xFF, 0xF0, 0x00, 0x00, 0x03, 0xFF, 0xFF, 0xC0, 0x00, 0x00,
  0x00, 0x1F, 0xFF, 0x00, 0x00, 0x00, 0x3F, 0xFF, 0xE0, 0x00, 0x0F, 0xFF,
  0x80, 0x01, 0xFF, 0xFF, 0xF8, 0x00, 0x7F, 0xFF, 0xFF, 0xCF, 0xFF, 0xFF,
  0xC0, 0x07, 0xFF, 0xFF, 0xFC, 0xFF, 0xFF, 0xFE, 0x00, 0x7F, 0xFF, 0xFF,
  0xE7, 0xFF, 0xFF, 0xF0, 0x03, 0xFF, 0xFF, 0xFE, 0x3F, 0xFF, 0xFF, 0x80,
  0x3F, 0xFF, 0xFF, 0xE1, 0xFF, 0xFF, 0xF8, 0x03, 0xFF, 0xFF, 0xFE, 0x0F,
  0xFF, 0xFF, 0xC0, 0x1F, 0xFF, 0xFF, 0xF0, 0x7F, 0xFF, 0xFE, 0x01, 0xFF,
  0xFF, 0xFF, 0x03, 0xFF, 0xFF, 0xF0, 0x0F, 0xFF, 0xFF, 0xF0, 0x1F, 0xFF,
  0xFF, 0x80, 0xFF, 0xFF, 0xFF, 0x80, 0xFF, 0xFF, 0xFC, 0x0F, 0xFF, 0xFF,
  0xF8, 0x07, 0xFF, 0xFF, 0xE0, 0x7F, 0xFF, 0xFF, 0x80, 0x3F, 0xFF, 0xFF,
  0x07, 0xFF, 0xFF, 0xF8, 0x01, 0xFF, 0xFF, 0xF8, 0x7F, 0xFF, 0xFF, 0xC0,
  0x0F, 0xFF, 0xFF, 0xC3, 0xFF, 0xFF, 0xFC, 0x00, 0x7F, 0xFF, 0xFE, 0x3F,
  0xFF, 0xFF, 0xC0, 0x03, 0xFF, 0xFF, 0xF3, 0xFF, 0xFF, 0xFE, 0x00, 0x1F,
  0xFF, 0xFF, 0x9F, 0xFF, 0xFF, 0xE0, 0x00, 0xFF, 0xFF, 0xF9, 0xFF, 0xFF,
  0xFE, 0x00, 0x07, 0xFF, 0xFF, 0xDF, 0xFF, 0xFF, 0xE0, 0x00, 0x3F, 0xFF,
  0xFE, 0xFF, 0xFF, 0xFF, 0x00, 0x01, 0xFF, 0xFF, 0xFF, 0xFF, 0xFF, 0xF0,
  0x00, 0x0F, 0xFF, 0xFF, 0xFF, 0xFF, 0xFF, 0x00, 0x00, 0x7F, 0xFF, 0xFF,
  0xFF, 0xFF, 0xF0, 0x00, 0x03, 0xFF, 0xFF, 0xFF, 0xFF, 0xFF, 0x80, 0x00,
  0x1F, 0xFF, 0xFF, 0xFF, 0xFF, 0xF8, 0x00, 0x00, 0xFF, 0xFF, 0xFF, 0xFF,
  0xFF, 0x80, 0x00, 0x07, 0xFF, 0xFF, 0xFF, 0xFF, 0xFC, 0x00, 0x00, 0x3F,
  0xFF, 0xFF, 0xFF, 0xFF, 0xC0, 0x00, 0x01, 0xFF, 0xFF, 0xFF, 0xFF, 0xFC,
  0x00, 0x00, 0x0F, 0xFF, 0xFF, 0xFF, 0xFF, 0xC0, 0x00, 0x00, 0x7F, 0xFF,
  0xFF, 0xFF, 0xFE, 0x00, 0x00, 0x03, 0xFF, 0xFF, 0xFF, 0xFF, 0xE0, 0x00,
  0x00, 0x1F, 0xFF, 0xFF, 0xFF, 0xFF, 0x80, 0x00, 0x00, 0xFF, 0xFF, 0xFF,
  0xFF, 0xFC, 0x00, 0x00, 0x07, 0xFF, 0xFF, 0xFF, 0xFF, 0xF0, 0x00, 0x00,
  0x3F, 0xFF, 0xFF, 0xFF, 0xFF, 0x80, 0x00, 0x01, 0xFF, 0xFF, 0xFF, 0xFF,
  0xFE, 0x00, 0x00, 0x0F, 0xFF, 0xFF, 0xFF, 0xFF, 0xF8, 0x00, 0x00, 0x7F,
  0xFF, 0xFF, 0xFF, 0xFF, 0xC0, 0x00, 0x03, 0xFF, 0xFF, 0xFF, 0xFF, 0xFF,
  0x00, 0x00, 0x1F, 0xFF, 0xFF, 0xFF, 0xFF, 0xF8, 0x00, 0x00, 0xFF, 0xFF,
  0xFF, 0xFF, 0xFF, 0xE0, 0x00, 0x07, 0xFF, 0xFF, 0xFF, 0xFF, 0xFF, 0x00,
  0x00, 0x3F, 0xFF, 0xFF, 0xFF, 0xFF, 0xFC, 0x00, 0x01, 0xFF, 0xFF, 0xFF,
  0xFF, 0xFF, 0xF0, 0x00, 0x0F, 0xFF, 0xFF, 0xFF, 0xFF, 0xFF, 0x80, 0x00,
  0x7F, 0xFF, 0xFF, 0xFF, 0xFF, 0xFE, 0x00, 0x03, 0xFF, 0xFF, 0xFF, 0xFF,
  0xFF, 0xF0, 0x00, 0x1F, 0xFF, 0xFF, 0xFF, 0xFF, 0xFF, 0xC0, 0x01, 0xFF,
  0xFF, 0xFF, 0xFF, 0xFF, 0xFE, 0x00, 0x0F, 0xFF, 0xFF, 0xBF, 0xFF, 0xFF,
  0xF8, 0x00, 0x7F, 0xFF, 0xFC, 0xFF, 0xFF, 0xFF, 0xE0, 0x03, 0xFF, 0xFF,
  0xE3, 0xFF, 0xFF, 0xFF, 0x00, 0x1F, 0xFF, 0xFF, 0x1F, 0xFF, 0xFF, 0xFC,
  0x00, 0xFF, 0xFF, 0xF8, 0x7F, 0xFF, 0xFF, 0xE0, 0x07, 0xFF, 0xFF, 0xC1,
  0xFF, 0xFF, 0xFF, 0x80, 0x3F, 0xFF, 0xFC, 0x0F, 0xFF, 0xFF, 0xFC, 0x01,
  0xFF, 0xFF, 0xE0, 0x3F, 0xFF, 0xFF, 0xF0, 0x0F, 0xFF, 0xFF, 0x00, 0xFF,
  0xFF, 0xFF, 0xC0, 0x7F, 0xFF, 0xF8, 0x07, 0xFF, 0xFF, 0xFE, 0x03, 0xFF,
  0xFF, 0xC0, 0x1F, 0xFF, 0xFF, 0xF8, 0x1F, 0xFF, 0xFE, 0x00, 0x7F, 0xFF,
  0xFF, 0xC0, 0xFF, 0xFF, 0xF0, 0x01, 0xFF, 0xFF, 0xFF, 0x07, 0xFF, 0xFF,
  0x80, 0x0F, 0xFF, 0xFF, 0xFC, 0x3F, 0xFF, 0xFC, 0x00, 0x3F, 0xFF, 0xFF,
  0xE1, 0xFF, 0xFF, 0xE0, 0x00, 0xFF, 0xFF, 0xFE, 0x0F, 0xFF, 0xFF, 0x00,
  0x07, 0xFF, 0xFC, 0x00, 0x7F, 0xFF, 0xF8, 0x00, 0x1F, 0xFC, 0x00, 0x03,
  0xFF, 0xFF, 0xC0, 0x00, 0x78, 0x00, 0x00, 0x1F, 0xFF, 0xFE, 0x00, 0x00,
  0x00, 0x00, 0x00, 0xFF, 0xC0, 0x00, 0x00, 0x00, 0x00, 0x00, 0x00, 0x3F,
  0xFF, 0xFF, 0xE0, 0x00, 0x07, 0xFF, 0xFF, 0xF8, 0x00, 0x00, 0xFF, 0xFF,
  0xFF, 0x00, 0x00, 0x1F, 0xFF, 0xFF, 0xE0, 0x00, 0x03, 0xFF, 0xFF, 0xFC,
  0x00, 0x00, 0x7F, 0xFF, 0xFF, 0x80, 0x00, 0x0F, 0xFF, 0xFF, 0xF0, 0x00,
  0x03, 0xFF, 0xFF, 0xFE, 0x00, 0x00, 0x7F, 0xFF, 0xFF, 0xC0, 0x00, 0x0F,
  0xFF, 0xFF, 0xF8, 0x00, 0x01, 0xFF, 0xFF, 0xFE, 0x00, 0x00, 0x3F, 0xFF,
  0xFF, 0xC0, 0x00, 0x07, 0xFF, 0xFF, 0xF8, 0x00, 0x00, 0xFF, 0xFF, 0xFF,
  0x00, 0x00, 0x1F, 0xFF, 0xFF, 0xE0, 0x00, 0x03, 0xFF, 0xFF, 0xFC, 0x00,
  0x00, 0x7F, 0xFF, 0xFF, 0x80, 0x00, 0x0F, 0xFF, 0xFF, 0xF0, 0x00, 0x01,
  0xFF, 0xFF, 0xFE, 0x00, 0x00, 0x3F, 0xFF, 0xFF, 0xC0, 0x00, 0x07, 0xFF,
  0xFF, 0xF8, 0x00, 0x00, 0xFF, 0xFF, 0xFE, 0x00, 0x00, 0x1F, 0xFF, 0xFF,
  0xC0, 0x00, 0x03, 0xFF, 0xFF, 0xF8, 0x00, 0x00, 0x7F, 0xFF, 0xFF, 0x00,
  0x00, 0x0F, 0xFF, 0xFF, 0xE0, 0x00, 0x01, 0xFF, 0xFF, 0xFC, 0x00, 0x00,
  0x3F, 0xFF, 0xFF, 0x80, 0x00, 0x07, 0xFF, 0xFF, 0xF0, 0x00, 0x00, 0xFF,
  0xFF, 0xFE, 0x00, 0x00, 0x1F, 0xFF, 0xFF, 0xC0, 0x00, 0x03, 0xFF, 0xFF,
  0xF8, 0x00, 0x00, 0x7F, 0xFF, 0xFF, 0x00, 0x00, 0x0F, 0xFF, 0xFF, 0xC0,
  0x00, 0x01, 0xFF, 0xFF, 0xF8, 0x00, 0x00, 0x3F, 0xFF, 0xFF, 0x00, 0x00,
  0x07, 0xFF, 0xFF, 0xE0, 0x00, 0x00, 0xFF, 0xFF, 0xFC, 0x00, 0x00, 0x1F,
  0xFF, 0xFF, 0x80, 0x00, 0x03, 0xFF, 0xFF, 0xF0, 0x00, 0x00, 0x7F, 0xFF,
  0xFE, 0x00, 0x00, 0x0F, 0xFF, 0xFF, 0xC0, 0x00, 0x05, 0xFF, 0xFF, 0xFF,
  0xFF, 0xFF, 0x3F, 0xFF, 0xFF, 0xFF, 0xFF, 0xE7, 0xFF, 0xFF, 0xFF, 0xFF,
  0xFC, 0xFF, 0xFF, 0xFF, 0xFF, 0xFF, 0x9F, 0xFF, 0xFF, 0xFF, 0xFF, 0xF3,
  0xFF, 0xFF, 0xFF, 0xFF, 0xFE, 0x7F, 0xFF, 0xFF, 0xFF, 0xFF, 0xDF, 0xFF,
  0xFF, 0xFF, 0xFF, 0xFB, 0xFF, 0xFF, 0xFF, 0xFF, 0xFF, 0x7F, 0xFF, 0xFF,
  0xFF, 0xFF, 0xEF, 0xFF, 0xFF, 0xFF, 0xFF, 0xFD, 0xFF, 0xFF, 0xFF, 0xFF,
  0xFF, 0x3F, 0xFF, 0xFF, 0xFF, 0xFF, 0xE7, 0xFF, 0xFF, 0xFF, 0xFF, 0xFC,
  0xFF, 0xFF, 0xFF, 0xFF, 0xFF, 0x9F, 0xFF, 0xFF, 0xFF, 0xFF, 0xF3, 0xFF,
  0xFF, 0xFF, 0xFF, 0xFE, 0x7F, 0xFF, 0xFF, 0xFF, 0xFF, 0xCF, 0xFF, 0xFF,
  0xFF, 0xFF, 0xF9, 0xFF, 0xFF, 0xFF, 0xFF, 0xFF, 0x3F, 0xFF, 0xFF, 0xFF,
  0xFF, 0xE7, 0xFF, 0xFF, 0xFF, 0xFE, 0x00, 0xFF, 0xFF, 0xF8, 0x00, 0x00,
  0x1F, 0xE0, 0x00, 0x00, 0x00, 0x00, 0x00, 0x00, 0x00, 0x00, 0x00, 0x00,
  0x7F, 0xFF, 0xFF, 0xC0, 0x00, 0x00, 0x00, 0x00, 0x00, 0x3F, 0xFF, 0xFF,
  0xF0, 0x00, 0x07, 0xFC, 0x00, 0x00, 0x0F, 0xFF, 0xFF, 0xFD, 0xFF, 0xFF,
  0xFF, 0x00, 0x00, 0x07, 0xFF, 0xFF, 0xFF, 0x7F, 0xFF, 0xFF, 0xE0, 0x00,
  0x01, 0xFF, 0xFF, 0xFF, 0xDF, 0xFF, 0xFF, 0xF8, 0x00, 0x00, 0x7F, 0xFF,
  0xFF, 0xF7, 0xFF, 0xFF, 0xFE, 0x00, 0x00, 0x3F, 0xFF, 0xFF, 0xFD, 0xFF,
  0xFF, 0xFF, 0xC0, 0x00, 0x0F, 0xFF, 0xFF, 0xFF, 0x7F, 0xFF, 0xFF, 0xF0,
  0x00, 0x07, 0xFF, 0xFF, 0xFF, 0xDF, 0xFF, 0xFF, 0xFC, 0x00, 0x01, 0xFF,
  0xFF, 0xFF, 0xF7, 0xFF, 0xFF, 0xFF, 0x00, 0x00, 0x7F, 0xFF, 0xFF, 0xFD,
  0xFF, 0xFF, 0xFF, 0xE0, 0x00, 0x3F, 0xFF, 0xFF, 0xFF, 0x7F, 0xFF, 0xFF,
  0xF8, 0x00, 0x0F, 0xFF, 0xFF, 0xFF, 0xDF, 0xFF, 0xFF, 0xFE, 0x00, 0x03,
  0xFF, 0xFF, 0xFF, 0xF7, 0xFF, 0xFF, 0xFF, 0xC0, 0x01, 0xFF, 0xFF, 0xFF,
  0xFD, 0xFF, 0xFF, 0xFF, 0xF0, 0x00, 0x7F, 0xFF, 0xFF, 0xFE, 0x7F, 0xFF,
  0xFF, 0xFC, 0x00, 0x3F, 0xFF, 0xFF, 0xFF, 0x9F, 0xFF, 0xFF, 0xFF, 0x80,
  0x0F, 0xFF, 0xFF, 0xFF, 0xE7, 0xFF, 0xFF, 0xFF, 0xE0, 0x03, 0xFF, 0xFF,
  0xFF, 0xF9, 0xFF, 0xFF, 0xFF, 0xF8, 0x01, 0xFF, 0xFF, 0xFF, 0xFE, 0x7F,
  0xFF, 0xFF, 0xFF, 0x00, 0x7F, 0xFF, 0xFF, 0xFF, 0x9F, 0xFF, 0xFF, 0xFF,
  0xC0, 0x3F, 0xFF, 0xFF, 0xFF, 0xE7, 0xFF, 0xFF, 0xFF, 0xF0, 0x0F, 0xFF,
  0xFF, 0xFF, 0xF9, 0xFF, 0xFF, 0xFF, 0xFC, 0x03, 0xFF, 0xFF, 0xFF, 0xFE,
  0x7F, 0xFF, 0xFF, 0xFF, 0x81, 0xFF, 0xFF, 0xFF, 0xFF, 0x9F, 0xFF, 0xFF,
  0xFF, 0xE0, 0x7F, 0xFF, 0xFF, 0xFF, 0xE7, 0xFF, 0xFF, 0xFF, 0xF8, 0x3F,
  0xFF, 0xFF, 0xFF, 0xF9, 0xFF, 0xFF, 0xFF, 0xFF, 0x0F, 0xFF, 0xFF, 0xFF,
  0xFE, 0x7F, 0xFF, 0xFF, 0xFF, 0xC3, 0xFF, 0xFF, 0xFF, 0xFF, 0x9F, 0xFF,
  0xFF, 0xFF, 0xF1, 0xFF, 0xFF, 0xFF, 0xFF, 0xE7, 0xFF, 0xFF, 0xFF, 0xFE,
  0x7F, 0xFF, 0xFF, 0xFF, 0xF9, 0xFF, 0xFF, 0xFF, 0xFF, 0x9F, 0xFF, 0xFF,
  0xFF, 0xFC, 0x7F, 0xFF, 0xFF, 0xFF, 0xEF, 0xFF, 0xFF, 0xFF, 0xFF, 0x1F,
  0xFF, 0xFF, 0xFF, 0xFF, 0xFF, 0xFF, 0xFF, 0xFF, 0xC7, 0xFF, 0xFF, 0xFF,
  0xFF, 0xFF, 0xFF, 0xFF, 0xFF, 0xF1, 0xFF, 0xFF, 0xFF, 0xFF, 0xFF, 0xFF,
  0xFF, 0xFF, 0xFC, 0x7F, 0xFF, 0xFF, 0xFF, 0xFF, 0xFF, 0xFF, 0xFF, 0xFF,
  0x1F, 0xFF, 0xFF, 0xFF, 0xFF, 0xFF, 0xBF, 0xFF, 0xFF, 0xC7, 0xFF, 0xFF,
  0xFF, 0xFF, 0xFF, 0xEF, 0xFF, 0xFF, 0xF1, 0xFF, 0xFF, 0xFF, 0xFF, 0xFF,
  0xFB, 0xFF, 0xFF, 0xFC, 0x7F, 0xFF, 0xFF, 0xFF, 0xFF, 0xFC, 0xFF, 0xFF,
  0xFF, 0x1F, 0xFF, 0xFF, 0xBF, 0xFF, 0xFF, 0x3F, 0xFF, 0xFF, 0xC7, 0xFF,
  0xFF, 0xEF, 0xFF, 0xFF, 0xCF, 0xFF, 0xFF, 0xF1, 0xFF, 0xFF, 0xFB, 0xFF,
  0xFF, 0xE3, 0xFF, 0xFF, 0xFC, 0x7F, 0xFF, 0xFE, 0x7F, 0xFF, 0xF8, 0xFF,
  0xFF, 0xFF, 0x1F, 0xFF, 0xFF, 0x9F, 0xFF, 0xFE, 0x3F, 0xFF, 0xFF, 0xC7,
  0xFF, 0xFF, 0xE7, 0xFF, 0xFF, 0x0F, 0xFF, 0xFF, 0xF1, 0xFF, 0xFF, 0xF9,
  0xFF, 0xFF, 0xC3, 0xFF, 0xFF, 0xF8, 0x7F, 0xFF, 0xFE, 0x3F, 0xFF, 0xF0,
  0xFF, 0xFF, 0xFE, 0x1F, 0xFF, 0xFF, 0x8F, 0xFF, 0xF8, 0x3F, 0xFF, 0xFF,
  0x87, 0xFF, 0xFF, 0xE3, 0xFF, 0xFE, 0x0F, 0xFF, 0xFF, 0xE1, 0xFF, 0xFF,
  0xF8, 0xFF, 0xFF, 0x83, 0xFF, 0xFF, 0xF8, 0x7F, 0xFF, 0xFE, 0x1F, 0xFF,
  0xC0, 0xFF, 0xFF, 0xFE, 0x1F, 0xFF, 0xFF, 0x87, 0xFF, 0xF0, 0x3F, 0xFF,
  0xFF, 0x87, 0xFF, 0xFF, 0xE1, 0xFF, 0xFC, 0x0F, 0xFF, 0xFF, 0xE1, 0xFF,
  0xFF, 0xF8, 0x3F, 0xFE, 0x03, 0xFF, 0xFF, 0xF8, 0x7F, 0xFF, 0xFE, 0x0F,
  0xFF, 0x80, 0xFF, 0xFF, 0xFE, 0x3F, 0xFF, 0xFF, 0x83, 0xFF, 0xE0, 0x3F,
  0xFF, 0xFF, 0x8F, 0xFF, 0xFF, 0xC0, 0xFF, 0xF0, 0x0F, 0xFF, 0xFF, 0xE3,
  0xFF, 0xFF, 0xF0, 0x1F, 0xFC, 0x03, 0xFF, 0xFF, 0xF8, 0xFF, 0xFF, 0xFC,
  0x07, 0xFF, 0x00, 0xFF, 0xFF, 0xFE, 0x3F, 0xFF, 0xFF, 0x01, 0xFF, 0x80,
  0x3F, 0xFF, 0xFF, 0x8F, 0xFF, 0xFF, 0xC0, 0x3F, 0xE0, 0x0F, 0xFF, 0xFF,
  0xE3, 0xFF, 0xFF, 0xF0, 0x0F, 0xF8, 0x03, 0xFF, 0xFF, 0xF0, 0xFF, 0xFF,
  0xFC, 0x00, 0x00, 0x00, 0xFF, 0xFF, 0xFC, 0x3F, 0xFF, 0xFF, 0x00, 0x00,
  0x00, 0x3F, 0xFF, 0xFF, 0x0F, 0xFF, 0xFF, 0xC0, 0x00, 0x00, 0x0F, 0xFF,
  0xFF, 0xC3, 0xFF, 0xFF, 0xF0, 0x00, 0x00, 0x03, 0xFF, 0xFF, 0xF0, 0xFF,
  0xFF, 0xFC, 0x00, 0x00, 0x00, 0xFF, 0xFF, 0xFC, 0x00, 0x00, 0x00, 0x00,
  0x00, 0x00, 0x3F, 0xFF, 0xFF, 0x00, 0x00, 0x00, 0x00, 0x00, 0x00, 0x0F,
  0xFF, 0xFF, 0xC0, 0x00, 0x00, 0x0F, 0xC0, 0x00, 0x00, 0x00, 0x00, 0x0F,
  0xFF, 0xFF, 0xF0, 0x00, 0x00, 0x00, 0x00, 0xF3, 0xFF, 0xFF, 0xFE, 0x00,
  0x01, 0xFF, 0xFF, 0xF8, 0xFF, 0xFF, 0xFF, 0x80, 0x00, 0x7F, 0xFF, 0xFE,
  0x3F, 0xFF, 0xFF, 0xF0, 0x00, 0x1F, 0xFF, 0xFF, 0x8F, 0xFF, 0xFF, 0xFC,
  0x00, 0x07, 0xFF, 0xFF, 0xE3, 0xFF, 0xFF, 0xFF, 0x80, 0x01, 0xFF, 0xFF,
  0xF8, 0xFF, 0xFF, 0xFF, 0xE0, 0x00, 0x7F, 0xFF, 0xFE, 0x7F, 0xFF, 0xFF,
  0xFC, 0x00, 0x1F, 0xFF, 0xFF, 0x9F, 0xFF, 0xFF, 0xFF, 0x00, 0x07, 0xFF,
  0xFF, 0xE7, 0xFF, 0xFF, 0xFF, 0xE0, 0x01, 0xFF, 0xFF, 0xF9, 0xFF, 0xFF,
  0xFF, 0xF8, 0x00, 0x7F, 0xFF, 0xFE, 0x7F, 0xFF, 0xFF, 0xFF, 0x00, 0x1F,
  0xFF, 0xFF, 0x9F, 0xFF, 0xFF, 0xFF, 0xC0, 0x07, 0xFF, 0xFF, 0xE7, 0xFF,
  0xFF, 0xFF, 0xF0, 0x01, 0xFF, 0xFF, 0xF9, 0xFF, 0xFF, 0xFF, 0xFE, 0x00,
  0x7F, 0xFF, 0xFE, 0x7F, 0xFF, 0xFF, 0xFF, 0x80, 0x1F, 0xFF, 0xFF, 0x9F,
  0xFF, 0xFF, 0xFF, 0xF0, 0x07, 0xFF, 0xFF, 0xE7, 0xFF, 0xFF, 0xFF, 0xFC,
  0x01, 0xFF, 0xFF, 0xF9, 0xFF, 0xFF, 0xFF, 0xFF, 0x80, 0x7F, 0xFF, 0xFE,
  0x7F, 0xFF, 0xFF, 0xFF, 0xE0, 0x3F, 0xFF, 0xFF, 0x9F, 0xFF, 0xFF, 0xFF,
  0xFC, 0x0F, 0xFF, 0xFF, 0xC7, 0xFF, 0xFF, 0xFF, 0xFF, 0x03, 0xFF, 0xFF,
  0xF1, 0xFF, 0xFF, 0xFF, 0xFF, 0xE0, 0xFF, 0xFF, 0xFC, 0x7F, 0xFF, 0xFF,
  0xFF, 0xF8, 0x3F, 0xFF, 0xFF, 0x1F, 0xFF, 0xFF, 0xFF, 0xFF, 0x0F, 0xFF,
  0xFF, 0xC7, 0xFF, 0xFF, 0xFF, 0xFF, 0xC3, 0xFF, 0xFF, 0xF1, 0xFF, 0xFF,
  0xFF, 0xFF, 0xF8, 0xFF, 0xFF, 0xFC, 0x7F, 0xFF, 0xFF, 0xFF, 0xFE, 0x3F,
  0xFF, 0xFF, 0x1F, 0xFF, 0xFF, 0xFF, 0xFF, 0xCF, 0xFF, 0xFF, 0xC7, 0xFF,
  0xFF, 0xFF, 0xFF, 0xF3, 0xFF, 0xFF, 0xF1, 0xFF, 0xFF, 0xFF, 0xFF, 0xFE,
  0xFF, 0xFF, 0xFC, 0x7F, 0xFF, 0xFF, 0xFF, 0xFF, 0xBF, 0xFF, 0xFF, 0x1F,
  0xFF, 0xFF, 0xFF, 0xFF, 0xFF, 0xFF, 0xFF, 0xC7, 0xFF, 0xFF, 0xFF, 0xFF,
  0xFF, 0xFF, 0xFF, 0xF1, 0xFF, 0xFF, 0xFF, 0xFF, 0xFF, 0xFF, 0xFF, 0xFC,
  0x7F, 0xFF, 0xFE, 0x7F, 0xFF, 0xFF, 0xFF, 0xFF, 0x1F, 0xFF, 0xFF, 0x9F,
  0xFF, 0xFF, 0xFF, 0xFF, 0xC7, 0xFF, 0xFF, 0xE7, 0xFF, 0xFF, 0xFF, 0xFF,
  0xF1, 0xFF, 0xFF, 0xF8, 0xFF, 0xFF, 0xFF, 0xFF, 0xFC, 0x7F, 0xFF, 0xFE,
  0x3F, 0xFF, 0xFF, 0xFF, 0xFE, 0x1F, 0xFF, 0xFF, 0x87, 0xFF, 0xFF, 0xFF,
  0xFF, 0x87, 0xFF, 0xFF, 0xE1, 0xFF, 0xFF, 0xFF, 0xFF, 0xE1, 0xFF, 0xFF,
  0xF8, 0x7F, 0xFF, 0xFF, 0xFF, 0xF8, 0x7F, 0xFF, 0xFE, 0x0F, 0xFF, 0xFF,
  0xFF, 0xFE, 0x1F, 0xFF, 0xFF, 0x83, 0xFF, 0xFF, 0xFF, 0xFF, 0x87, 0xFF,
  0xFF, 0xE0, 0xFF, 0xFF, 0xFF, 0xFF, 0xE1, 0xFF, 0xFF, 0xF8, 0x1F, 0xFF,
  0xFF, 0xFF, 0xF8, 0xFF, 0xFF, 0xFE, 0x07, 0xFF, 0xFF, 0xFF, 0xFE, 0x3F,
  0xFF, 0xFF, 0x80, 0xFF, 0xFF, 0xFF, 0xFF, 0x8F, 0xFF, 0xFF, 0xE0, 0x3F,
  0xFF, 0xFF, 0xFF, 0xE3, 0xFF, 0xFF, 0xF8, 0x0F, 0xFF, 0xFF, 0xFF, 0xF8,
  0xFF, 0xFF, 0xFE, 0x01, 0xFF, 0xFF, 0xFF, 0xFE, 0x3F, 0xFF, 0xFF, 0x00,
  0x7F, 0xFF, 0xFF, 0xFF, 0x8F, 0xFF, 0xFF, 0xC0, 0x0F, 0xFF, 0xFF, 0xFF,
  0xE3, 0xFF, 0xFF, 0xF0, 0x03, 0xFF, 0xFF, 0xFF, 0xF8, 0xFF, 0xFF, 0xFC,
  0x00, 0xFF, 0xFF, 0xFF, 0xFE, 0x3F, 0xFF, 0xFF, 0x00, 0x1F, 0xFF, 0xFF,
  0xFF, 0x8F, 0xFF, 0xFF, 0xC0, 0x07, 0xFF, 0xFF, 0xFF, 0xE3, 0xFF, 0xFF,
  0xF0, 0x01, 0xFF, 0xFF, 0xFF, 0xF0, 0xFF, 0xFF, 0xFC, 0x00, 0x3F, 0xFF,
  0xFF, 0xFC, 0x3F, 0xFF, 0xFF, 0x00, 0x0F, 0xFF, 0xFF, 0xFF, 0x0F, 0xFF,
  0xFF, 0xC0, 0x01, 0xFF, 0xFF, 0xFF, 0xC3, 0xFF, 0xFF, 0xF0, 0x00, 0x7F,
  0xFF, 0xFF, 0xF0, 0xFF, 0xFF, 0xFC, 0x00, 0x1F, 0xFF, 0xFF, 0xFC, 0x3F,
  0xFF, 0xFF, 0x00, 0x03, 0xFF, 0xFF, 0xFF, 0x0F, 0xFF, 0xFF, 0xC0, 0x00,
  0xFF, 0xFF, 0xFF, 0x03, 0xFF, 0xFF, 0xF0, 0x00, 0x1F, 0xFE, 0x00, 0x00,
  0xFF, 0xFF, 0xFC, 0x00, 0x04, 0x00, 0x00, 0x00, 0x00, 0x00, 0x00, 0x01,
  0xFF, 0xFC, 0x00, 0x00, 0x00, 0x00, 0x00, 0xFF, 0xFF, 0xFE, 0x00, 0x00,
  0x00, 0x00, 0x1F, 0xFF, 0xFF, 0xFC, 0x00, 0x00, 0x00, 0x03, 0xFF, 0xFF,
  0xFF, 0xF8, 0x00, 0x00, 0x00, 0x3F, 0xFF, 0xFF, 0xFF, 0xF0, 0x00, 0x00,
  0x07, 0xFF, 0xFF, 0xFF, 0xFF, 0xC0, 0x00, 0x00, 0x7F, 0xFF, 0xFF, 0xFF,
  0xFF, 0x80, 0x00, 0x07, 0xFF, 0xFF, 0xFF, 0xFF, 0xFE, 0x00, 0x00, 0x7F,
  0xFF, 0xFF, 0xFF, 0xFF, 0xF8, 0x00, 0x07, 0xFF, 0xFF, 0xFF, 0xFF, 0xFF,
  0xE0, 0x00, 0x7F, 0xFF, 0xFF, 0xFF, 0xFF, 0xFF, 0x00, 0x07, 0xFF, 0xFF,
  0xFF, 0xFF, 0xFF, 0xFC, 0x00, 0x3F, 0xFF, 0xFF, 0xFF, 0xFF, 0xFF, 0xF0,
  0x03, 0xFF, 0xFF, 0xFF, 0xFF, 0xFF, 0xFF, 0x80, 0x3F, 0xFF, 0xFF, 0xFF,
  0xFF, 0xFF, 0xFE, 0x01, 0xFF, 0xFF, 0xFF, 0xFF, 0xFF, 0xFF, 0xF0, 0x1F,
  0xFF, 0xFF, 0xFF, 0xFF, 0xFF, 0xFF, 0xC0, 0xFF, 0xFF, 0xFF, 0xFF, 0xFF,
  0xFF, 0xFE, 0x0F, 0xFF, 0xFF, 0xFF, 0xFF, 0xFF, 0xFF, 0xF8, 0x7F, 0xFF,
  0xFF, 0xFF, 0xFF, 0xFF, 0xFF, 0xC3, 0xFF, 0xFF, 0xFF, 0xFF, 0xFF, 0xFF,
  0xFE, 0x3F, 0xFF, 0xFF, 0xE0, 0x1F, 0xFF, 0xFF, 0xF9, 0xFF, 0xFF, 0xFE,
  0x00, 0x7F, 0xFF, 0xFF, 0xCF, 0xFF, 0xFF, 0xC0, 0x00, 0xFF, 0xFF, 0xFE,
  0x7F, 0xFF, 0xFE, 0x00, 0x07, 0xFF, 0xFF, 0xF7, 0xFF, 0xFF, 0xE0, 0x00,
  0x1F, 0xFF, 0xFF, 0xBF, 0xFF, 0xFE, 0x00, 0x00, 0xFF, 0xFF, 0xFD, 0xFF,
  0xFF, 0xF0, 0x00, 0x03, 0xFF, 0xFF, 0xEF, 0xFF, 0xFF, 0x80, 0x00, 0x1F,
  0xFF, 0xFF, 0xFF, 0xFF, 0xFC, 0x00, 0x00, 0xFF, 0xFF, 0xFF, 0xFF, 0xFF,
  0xE0, 0x00, 0x07, 0xFF, 0xFF, 0xFF, 0xFF, 0xFF, 0x00, 0x00, 0x3F, 0xFF,
  0xFF, 0xFF, 0xFF, 0xF8, 0x00, 0x01, 0xFF, 0xFF, 0xFF, 0xFF, 0xFF, 0xC0,
  0x00, 0x0F, 0xFF, 0xFF, 0xBF, 0xFF, 0xFE, 0x00, 0x00, 0x7F, 0xFF, 0xFD,
  0xFF, 0xFF, 0xF0, 0x00, 0x03, 0xFF, 0xFF, 0xEF, 0xFF, 0xFF, 0xC0, 0x00,
  0x3F, 0xFF, 0xFF, 0x7F, 0xFF, 0xFE, 0x00, 0x01, 0xFF, 0xFF, 0xF9, 0xFF,
  0xFF, 0xF8, 0x00, 0x1F, 0xFF, 0xFF, 0xCF, 0xFF, 0xFF, 0xE0, 0x01, 0xFF,
  0xFF, 0xFC, 0x7F, 0xFF, 0xFF, 0x80, 0x1F, 0xFF, 0xFF, 0xE3, 0xFF, 0xFF,
  0xFE, 0x03, 0xFF, 0xFF, 0xFF, 0x0F, 0xFF, 0xFF, 0xFF, 0xFF, 0xFF, 0xFF,
  0xF0, 0x7F, 0xFF, 0xFF, 0xFF, 0xFF, 0xFF, 0xFF, 0x81, 0xFF, 0xFF, 0xFF,
  0xFF, 0xFF, 0xFF, 0xFC, 0x0F, 0xFF, 0xFF, 0xFF, 0xFF, 0xFF, 0xFF, 0xC0,
  0x3F, 0xFF, 0xFF, 0xFF, 0xFF, 0xFF, 0xFE, 0x01, 0xFF, 0xFF, 0xFF, 0xFF,
  0xFF, 0xFF, 0xE0, 0x07, 0xFF, 0xFF, 0xFF, 0xFF, 0xFF, 0xFE, 0x00, 0x3F,
  0xFF, 0xFF, 0xFF, 0xFF, 0xFF, 0xF0, 0x00, 0xFF, 0xFF, 0xFF, 0xFF, 0xFF,
  0xFF, 0x00, 0x03, 0xFF, 0xFF, 0xFF, 0xFF, 0xFF, 0xF0, 0x00, 0x0F, 0xFF,
  0xFF, 0xFF, 0xFF, 0xFF, 0x00, 0x00, 0x3F, 0xFF, 0xFF, 0xFF, 0xFF, 0xF0,
  0x00, 0x00, 0xFF, 0xFF, 0xFF, 0xFF, 0xFF, 0x00, 0x00, 0x03, 0xFF, 0xFF,
  0xFF, 0xFF, 0xF0, 0x00, 0x00, 0x0F, 0xFF, 0xFF, 0xFF, 0xFF, 0x00, 0x00,
  0x00, 0x1F, 0xFF, 0xFF, 0xFF, 0xE0, 0x00, 0x00, 0x00, 0x3F, 0xFF, 0xFF,
  0xFE, 0x00, 0x00, 0x00, 0x00, 0x7F, 0xFF, 0xFF, 0xC0, 0x00, 0x00, 0x00,
  0x00, 0xFF, 0xFF, 0xF0, 0x00, 0x00, 0x00, 0x00, 0x00, 0x7F, 0xFC, 0x00,
  0x00, 0x00, 0x00, 0x03, 0xFF, 0xFF, 0x80, 0x00, 0x00, 0x01, 0xFF, 0xFF,
  0xFF, 0xF0, 0x00, 0x00, 0x3F, 0xFF, 0xFF, 0xFF, 0xFC, 0x00, 0x07, 0xFF,
  0xFF, 0xFF, 0xFF, 0xFE, 0x00, 0x0F, 0xFF, 0xFF, 0xFF, 0xFF, 0xFF, 0x00,
  0x1F, 0xFF, 0xFF, 0xFF, 0xFF, 0xFF, 0x80, 0x3F, 0xFF, 0xFF, 0xFF, 0xFF,
  0xFF, 0x80, 0x7F, 0xFF, 0xFF, 0xFF, 0xFF, 0xFF, 0x80, 0xFF, 0xFF, 0xFF,
  0xFF, 0xFF, 0xFF, 0x81, 0xFF, 0xFF, 0xFF, 0xFF, 0xFF, 0xFF, 0x83, 0xFF,
  0xFF, 0xFF, 0xFF, 0xFF, 0xFF, 0x87, 0xFF, 0xFF, 0xFF, 0xFF, 0xFF, 0xFF,
  0x8F, 0xFF, 0xFF, 0xFF, 0xFF, 0xFF, 0xFF, 0x1F, 0xFF, 0xFF, 0xFF, 0xFF,
  0xFF, 0xFF, 0x3F, 0xFF, 0xFF, 0xFF, 0xFF, 0xFF, 0xFE, 0x7F, 0xFF, 0xFF,
  0xFF, 0xFF, 0xFF, 0xFE, 0xFF, 0xFF, 0xFF, 0xFF, 0xFF, 0xFF, 0xFD, 0xFF,
  0xFF, 0xFF, 0xFF, 0xFF, 0xFF, 0xFB, 0xFF, 0xFF, 0xFF, 0xFF, 0xFF, 0xFF,
  0xFF, 0xFF, 0xFF, 0xF0, 0x1F, 0xFF, 0xFF, 0xFF, 0xFF, 0xFF, 0xE0, 0x0F,
  0xFF, 0xFF, 0xFF, 0xFF, 0xFF, 0xC0, 0x0F, 0xFF, 0xFF, 0xFF, 0xFF, 0xFF,
  0x80, 0x1F, 0xFF, 0xFF, 0xFF, 0xFF, 0xFF, 0x00, 0x1F, 0xFF, 0xFF, 0xFF,
  0xFF, 0xFE, 0x00, 0x3F, 0xFF, 0xFF, 0xFF, 0xFF, 0xFC, 0x00, 0x7F, 0xFF,
  0xFF, 0xFF, 0xFF, 0xF8, 0x00, 0xFF, 0xFF, 0xFF, 0xFF, 0xFF, 0xF0, 0x01,
  0xFF, 0xFF, 0xFF, 0xFF, 0xFF, 0xE0, 0x07, 0xFF, 0xFF, 0xFF, 0xFF, 0xFF,
  0xC0, 0x0F, 0xFF, 0xFF, 0xFF, 0xFF, 0xFF, 0x80, 0x3F, 0xFF, 0xFF, 0x7F,
  0xFF, 0xFF, 0x00, 0xFF, 0xFF, 0xFE, 0xFF, 0xFF, 0xFE, 0x03, 0xFF, 0xFF,
  0xFD, 0xFF, 0xFF, 0xF8, 0x3F, 0xFF, 0xFF, 0xF3, 0xFF, 0xFF, 0xFF, 0xFF,
  0xFF, 0xFF, 0xE7, 0xFF, 0xFF, 0xFF, 0xFF, 0xFF, 0xFF, 0x8F, 0xFF, 0xFF,
  0xFF, 0xFF, 0xFF, 0xFF, 0x1F, 0xFF, 0xFF, 0xFF, 0xFF, 0xFF, 0xFC, 0x3F,
  0xFF, 0xFF, 0xFF, 0xFF, 0xFF, 0xF0, 0x7F, 0xFF, 0xFF, 0xFF, 0xFF, 0xFF,
  0xC0, 0xFF, 0xFF, 0xFF, 0xFF, 0xFF, 0xFF, 0x01, 0xFF, 0xFF, 0xFF, 0xFF,
  0xFF, 0xFC, 0x03, 0xFF, 0xFF, 0xFF, 0xFF, 0xFF, 0xE0, 0x07, 0xFF, 0xFF,
  0xFF, 0xFF, 0xFF, 0x80, 0x0F, 0xFF, 0xFF, 0xFF, 0xFF, 0xF8, 0x00, 0x1F,
  0xFF, 0xFF, 0xFF, 0xFF, 0xC0, 0x00, 0x3F, 0xFF, 0xFF, 0xFF, 0xFC, 0x00,
  0x00, 0x7F, 0xFF, 0xFF, 0xFF, 0x80, 0x00, 0x00, 0xFF, 0xFF, 0xFC, 0x00,
  0x00, 0x00, 0x01, 0xFF, 0xFF, 0xF8, 0x00, 0x00, 0x00, 0x03, 0xFF, 0xFF,
  0xF0, 0x00, 0x00, 0x00, 0x07, 0xFF, 0xFF, 0xE0, 0x00, 0x00, 0x00, 0x0F,
  0xFF, 0xFF, 0xC0, 0x00, 0x00, 0x00, 0x1F, 0xFF, 0xFF, 0x80, 0x00, 0x00,
  0x00, 0x3F, 0xFF, 0xFF, 0x00, 0x00, 0x00, 0x00, 0x7F, 0xFF, 0xFE, 0x00,
  0x00, 0x00, 0x00, 0xFF, 0xFF, 0xFC, 0x00, 0x00, 0x00, 0x01, 0xFF, 0xFF,
  0xF8, 0x00, 0x00, 0x00, 0x03, 0xFF, 0xFF, 0xF0, 0x00, 0x00, 0x00, 0x07,
  0xFF, 0xFF, 0xE0, 0x00, 0x00, 0x00, 0x0F, 0xFF, 0xFF, 0xC0, 0x00, 0x00,
  0x00, 0x1F, 0xFF, 0xFF, 0x80, 0x00, 0x00, 0x00, 0x3F, 0xFF, 0xFF, 0x00,
  0x00, 0x00, 0x00, 0x7F, 0xFF, 0xFE, 0x00, 0x00, 0x00, 0x00, 0xFF, 0xFF,
  0xFC, 0x00, 0x00, 0x00, 0x01, 0xFF, 0xFF, 0xF8, 0x00, 0x00, 0x00, 0x03,
  0xFF, 0xFF, 0xF0, 0x00, 0x00, 0x00, 0x07, 0xFF, 0xFF, 0xE0, 0x00, 0x00,
  0x00, 0x0F, 0xFF, 0xFF, 0xC0, 0x00, 0x00, 0x00, 0x1F, 0xFF, 0xFF, 0x80,
  0x00, 0x00, 0x00, 0x3F, 0xFF, 0xFF, 0x00, 0x00, 0x00, 0x00, 0x00, 0x00,
  0x00, 0x00, 0x3F, 0xFF, 0x80, 0x00, 0x00, 0x00, 0x00, 0x00, 0x3F, 0xFF,
  0xFF, 0x00, 0x00, 0x00, 0x00, 0x00, 0x3F, 0xFF, 0xFF, 0xFC, 0x00, 0x00,
  0x00, 0x00, 0x1F, 0xFF, 0xFF, 0xFF, 0xE0, 0x00, 0x00, 0x00, 0x0F, 0xFF,
  0xFF, 0xFF, 0xFF, 0x00, 0x00, 0x00, 0x03, 0xFF, 0xFF, 0xFF, 0xFF, 0xF8,
  0x00, 0x00, 0x00, 0xFF, 0xFF, 0xFF, 0xFF, 0xFF, 0x80, 0x00, 0x00, 0x7F,
  0xFF, 0xFF, 0xFF, 0xFF, 0xF8, 0x00, 0x00, 0x1F, 0xFF, 0xFF, 0xFF, 0xFF,
  0xFF, 0x80, 0x00, 0x07, 0xFF, 0xFF, 0xFF, 0xFF, 0xFF, 0xF8, 0x00, 0x01,
  0xFF, 0xFF, 0xFF, 0xFF, 0xFF, 0xFF, 0x80, 0x00, 0x7F, 0xFF, 0xFF, 0xFF,
  0xFF, 0xFF, 0xF8, 0x00, 0x0F, 0xFF, 0xFF, 0xFF, 0xFF, 0xFF, 0xFF, 0x80,
  0x03, 0xFF, 0xFF, 0xFF, 0xFF, 0xFF, 0xFF, 0xF8, 0x00, 0xFF, 0xFF, 0xFF,
  0xFF, 0xFF, 0xFF, 0xFF, 0x00, 0x1F, 0xFF, 0xFF, 0xFF, 0xFF, 0xFF, 0xFF,
  0xF0, 0x07, 0xFF, 0xFF, 0xFF, 0xFF, 0xFF, 0xFF, 0xFE, 0x01, 0xFF, 0xFF,
  0xFF, 0xFF, 0xFF, 0xFF, 0xFF, 0xE0, 0x3F, 0xFF, 0xFF, 0xFF, 0xFF, 0xFF,
  0xFF, 0xFC, 0x0F, 0xFF, 0xFF, 0xFF, 0xFF, 0xFF, 0xFF, 0xFF, 0xC1, 0xFF,
  0xFF, 0xFF, 0xFF, 0xFF, 0xFF, 0xFF, 0xF8, 0x3F, 0xFF, 0xFF, 0xFF, 0xFF,
  0xFF, 0xFF, 0xFF, 0x0F, 0xFF, 0xFF, 0xFF, 0x83, 0xFF, 0xFF, 0xFF, 0xF1,
  0xFF, 0xFF, 0xFF, 0x80, 0x1F, 0xFF, 0xFF, 0xFE, 0x3F, 0xFF, 0xFF, 0xE0,
  0x00, 0xFF, 0xFF, 0xFF, 0xCF, 0xFF, 0xFF, 0xF8, 0x00, 0x0F, 0xFF, 0xFF,
  0xF9, 0xFF, 0xFF, 0xFE, 0x00, 0x01, 0xFF, 0xFF, 0xFF, 0x3F, 0xFF, 0xFF,
  0x80, 0x00, 0x1F, 0xFF, 0xFF, 0xE7, 0xFF, 0xFF, 0xF0, 0x00, 0x03, 0xFF,
  0xFF, 0xFE, 0xFF, 0xFF, 0xFE, 0x00, 0x00, 0x3F, 0xFF, 0xFF, 0xDF, 0xFF,
  0xFF, 0x80, 0x00, 0x07, 0xFF, 0xFF, 0xFF, 0xFF, 0xFF, 0xF0, 0x00, 0x00,
  0xFF, 0xFF, 0xFF, 0xFF, 0xFF, 0xFE, 0x00, 0x00, 0x1F, 0xFF, 0xFF, 0xFF,
  0xFF, 0xFF, 0xC0, 0x00, 0x03, 0xFF, 0xFF, 0xFF, 0xFF, 0xFF, 0xF8, 0x00,
  0x00, 0x7F, 0xFF, 0xFF, 0xFF, 0xFF, 0xFF, 0x00, 0x00, 0x0F, 0xFF, 0xFF,
  0xF7, 0xFF, 0xFF, 0xE0, 0x00, 0x01, 0xFF, 0xFF, 0xFE, 0xFF, 0xFF, 0xFE,
  0x00, 0x00, 0x3F, 0xFF, 0xFF, 0x9F, 0xFF, 0xFF, 0xC0, 0x00, 0x07, 0xFF,
  0xFF, 0xF3, 0xFF, 0xFF, 0xFC, 0x00, 0x01, 0xFF, 0xFF, 0xFE, 0x7F, 0xFF,
  0xFF, 0x80, 0x00, 0x3F, 0xFF, 0xFF, 0xCF, 0xFF, 0xFF, 0xF8, 0x00, 0x0F,
  0xFF, 0xFF, 0xF8, 0xFF, 0xFF, 0xFF, 0x80, 0x03, 0xFF, 0xFF, 0xFE, 0x1F,
  0xFF, 0xFF, 0xF8, 0x00, 0xFF, 0xFF, 0xFF, 0xC3, 0xFF, 0xFF, 0xFF, 0x80,
  0x7F, 0xFF, 0xFF, 0xF8, 0x3F, 0xFF, 0xFF, 0xFF, 0xFF, 0xFF, 0xFF, 0xFE,
  0x07, 0xFF, 0xFF, 0xFF, 0xFF, 0xFF, 0xFF, 0xFF, 0xC0, 0xFF, 0xFF, 0xFF,
  0xFF, 0xFF, 0xFF, 0xFF, 0xF0, 0x0F, 0xFF, 0xFF, 0xFF, 0xFF, 0xFF, 0xFF,
  0xFE, 0x01, 0xFF, 0xFF, 0xFF, 0xFF, 0xFF, 0xFF, 0xFF, 0x80, 0x1F, 0xFF,
  0xFF, 0xFF, 0xFF, 0xFF, 0xFF, 0xF0, 0x01, 0xFF, 0xFF, 0xFF, 0xFF, 0xFF,
  0xFF, 0xFC, 0x00, 0x3F, 0xFF, 0xFF, 0xFF, 0xFF, 0xFF, 0xFF, 0x80, 0x03,
  0xFF, 0xFF, 0xFF, 0xFF, 0xFF, 0xFF, 0xE0, 0x00, 0x3F, 0xFF, 0xFF, 0xFF,
  0xFF, 0xFF, 0xF8, 0x00, 0x03, 0xFF, 0xFF, 0xFF, 0xFF, 0xFF, 0xFE, 0x00,
  0x00, 0x3F, 0xFF, 0xFF, 0xFF, 0xFF, 0xFF, 0x80, 0x00, 0x03, 0xFF, 0xFF,
  0xFF, 0xFF, 0xFF, 0xE0, 0x00, 0x00, 0x3F, 0xFF, 0xFF, 0xFF, 0xFF, 0xFC,
  0x00, 0x00, 0x03, 0xFF, 0xFF, 0xFF, 0xFF, 0xFF, 0xC0, 0x00, 0x00, 0x3F,
  0xFF, 0xFF, 0xFF, 0xFF, 0xFC, 0x00, 0x00, 0x01, 0xFF, 0xFF, 0xFF, 0xFF,
  0xFF, 0xC0, 0x00, 0x00, 0x0F, 0xFF, 0xFF, 0xFF, 0xFF, 0xFC, 0x00, 0x00,
  0x00, 0x7F, 0xFF, 0xFF, 0xFF, 0xFF, 0xC0, 0x00, 0x00, 0x03, 0xFF, 0xFF,
  0xFF, 0xFF, 0xFC, 0x00, 0x00, 0x00, 0x0F, 0xFF, 0xFF, 0xFF, 0xFF, 0xC0,
  0x00, 0x00, 0x00, 0x00, 0x01, 0xFF, 0xFF, 0xE0, 0x00, 0x00, 0x00, 0x00,
  0x00, 0x1F, 0xFF, 0xF8, 0x00, 0x00, 0x00, 0x00, 0x00, 0x03, 0xFF, 0xFC,
  0x00, 0x00, 0x00, 0x00, 0x00, 0x00, 0x7F, 0xFF, 0x00, 0x00, 0x00, 0x00,
  0x00, 0x00, 0x07, 0xFF, 0x80, 0x00, 0x00, 0x00, 0x00, 0x00, 0x00, 0xFF,
  0xE0, 0x00, 0x00, 0x00, 0x00, 0x00, 0x00, 0x1F, 0xF0, 0x00, 0x00, 0x00,
  0x00, 0x00, 0x00, 0x01, 0xF8, 0x00, 0x00, 0x00, 0x00, 0x00, 0x00, 0x00,
  0x3E, 0x00, 0x00, 0x00, 0x00, 0x00, 0x00, 0x00, 0x07, 0x00, 0x00, 0x00,
  0x00, 0x00, 0x00, 0x00, 0x00, 0x40, 0x00, 0x00, 0x00, 0x00, 0xFF, 0xFF,
  0xE0, 0x00, 0x00, 0x00, 0x1F, 0xFF, 0xFF, 0xFF, 0x00, 0x00, 0x00, 0xFF,
  0xFF, 0xFF, 0xFF, 0xF0, 0x00, 0x03, 0xFF, 0xFF, 0xFF, 0xFF, 0xFE, 0x00,
  0x03, 0xFF, 0xFF, 0xFF, 0xFF, 0xFF, 0xC0, 0x01, 0xFF, 0xFF, 0xFF, 0xFF,
  0xFF, 0xF0, 0x01, 0xFF, 0xFF, 0xFF, 0xFF, 0xFF, 0xFE, 0x00, 0xFF, 0xFF,
  0xFF, 0xFF, 0xFF, 0xFF, 0x80, 0x7F, 0xFF, 0xFF, 0xFF, 0xFF, 0xFF, 0xE0,
  0x3F, 0xFF, 0xFF, 0xFF, 0xFF, 0xFF, 0xF8, 0x1F, 0xFF, 0xFF, 0xFF, 0xFF,
  0xFF, 0xFC, 0x0F, 0xFF, 0xFF, 0xFF, 0xFF, 0xFF, 0xFF, 0x07, 0xFF, 0xFF,
  0xFF, 0xFF, 0xFF, 0xFF, 0xC3, 0xFF, 0xFF, 0xFF, 0xFF, 0xFF, 0xFF, 0xE1,
  0xFF, 0xFF, 0xFF, 0xFF, 0xFF, 0xFF, 0xF8, 0xFF, 0xFF, 0xFF, 0xFF, 0xFF,
  0xFF, 0xFC, 0x7F, 0xFF, 0xFF, 0x07, 0xFF, 0xFF, 0xFE, 0x3F, 0xFF, 0xFF,
  0x00, 0xFF, 0xFF, 0xFF, 0x9F, 0xFF, 0xFF, 0x80, 0x1F, 0xFF, 0xFF, 0xCF,
  0xFF, 0xFF, 0xC0, 0x0F, 0xFF, 0xFF, 0xE7, 0xFF, 0xFF, 0xE0, 0x03, 0xFF,
  0xFF, 0xF3, 0xFF, 0xFF, 0xF0, 0x01, 0xFF, 0xFF, 0xF9, 0xFF, 0xFF, 0xF8,
  0x00, 0x7F, 0xFF, 0xFC, 0xFF, 0xFF, 0xFC, 0x00, 0x3F, 0xFF, 0xFF, 0x7F,
  0xFF, 0xFE, 0x00, 0x1F, 0xFF, 0xFF, 0xBF, 0xFF, 0xFE, 0x00, 0x0F, 0xFF,
  0xFF, 0x9F, 0xFF, 0xFF, 0x00, 0x07, 0xFF, 0xFF, 0xCF, 0xFF, 0xFF, 0x80,
  0x03, 0xFF, 0xFF, 0xE7, 0xFF, 0xFF, 0xC0, 0x03, 0xFF, 0xFF, 0xF3, 0xFF,
  0xFF, 0xE0, 0x01, 0xFF, 0xFF, 0xF9, 0xFF, 0xFF, 0xF0, 0x01, 0xFF, 0xFF,
  0xFC, 0xFF, 0xFF, 0xF8, 0x01, 0xFF, 0xFF, 0xFE, 0x7F, 0xFF, 0xFC, 0x01,
  0xFF, 0xFF, 0xFE, 0x3F, 0xFF, 0xFE, 0x03, 0xFF, 0xFF, 0xFF, 0x1F, 0xFF,
  0xFF, 0xFF, 0xFF, 0xFF, 0xFF, 0x8F, 0xFF, 0xFF, 0xFF, 0xFF, 0xFF, 0xFF,
  0x87, 0xFF, 0xFF, 0xFF, 0xFF, 0xFF, 0xFF, 0xC3, 0xFF, 0xFF, 0xFF, 0xFF,
  0xFF, 0xFF, 0xC1, 0xFF, 0xFF, 0xFF, 0xFF, 0xFF, 0xFF, 0xC0, 0xFF, 0xFF,
  0xFF, 0xFF, 0xFF, 0xFF, 0xE0, 0x7F, 0xFF, 0xFF, 0xFF, 0xFF, 0xFF, 0xE0,
  0x3F, 0xFF, 0xFF, 0xFF, 0xFF, 0xFF, 0xE0, 0x1F, 0xFF, 0xFF, 0xFF, 0xFF,
  0xFF, 0xE0, 0x0F, 0xFF, 0xFF, 0xFF, 0xFF, 0xFF, 0xC0, 0x07, 0xFF, 0xFF,
  0xFF, 0xFF, 0xFF, 0xC0, 0x03, 0xFF, 0xFF, 0xFF, 0xFF, 0xFF, 0xC0, 0x01,
  0xFF, 0xFF, 0xFF, 0xFF, 0xFF, 0xF0, 0x00, 0xFF, 0xFF, 0xFF, 0xFF, 0xFF,
  0xF8, 0x00, 0xFF, 0xFF, 0xFF, 0xFF, 0xFF, 0xFE, 0x00, 0x7F, 0xFF, 0xFE,
  0x07, 0xFF, 0xFF, 0x00, 0x3F, 0xFF, 0xFE, 0x03, 0xFF, 0xFF, 0xC0, 0x1F,
  0xFF, 0xFF, 0x01, 0xFF, 0xFF, 0xF0, 0x0F, 0xFF, 0xFF, 0x80, 0x7F, 0xFF,
  0xF8, 0x07, 0xFF, 0xFF, 0xC0, 0x3F, 0xFF, 0xFE, 0x03, 0xFF, 0xFF, 0xE0,
  0x1F, 0xFF, 0xFF, 0x01, 0xFF, 0xFF, 0xF0, 0x07, 0xFF, 0xFF, 0xC0, 0xFF,
  0xFF, 0xF8, 0x03, 0xFF, 0xFF, 0xE0, 0x7F, 0xFF, 0xFC, 0x01, 0xFF, 0xFF,
  0xF8, 0x3F, 0xFF, 0xFE, 0x00, 0x7F, 0xFF, 0xFE, 0x1F, 0xFF, 0xFF, 0x00,
  0x3F, 0xFF, 0xFF, 0x0F, 0xFF, 0xFF, 0x80, 0x0F, 0xFF, 0xFF, 0xC7, 0xFF,
  0xFF, 0xC0, 0x07, 0xFF, 0xFF, 0xE3, 0xFF, 0xFF, 0xE0, 0x03, 0xFF, 0xFF,
  0xF9, 0xFF, 0xFF, 0xF0, 0x00, 0xFF, 0xFF, 0xFC, 0xFF, 0xFF, 0xF8, 0x00,
  0x7F, 0xFF, 0xFF, 0x7F, 0xFF, 0xFC, 0x00, 0x3F, 0xFF, 0xFF, 0x3F, 0xFF,
  0xFE, 0x00, 0x0F, 0xFF, 0xF0, 0x1F, 0xFF, 0xFF, 0x00, 0x07, 0xFF, 0x00,
  0x0F, 0xFF, 0xFF, 0x80, 0x03, 0xF0, 0x00, 0x00, 0x00, 0x00, 0x00, 0x01,
  0x00, 0x00, 0x00, 0x00, 0x00, 0x03, 0xFF, 0xE0, 0x00, 0x00, 0x00, 0x0F,
  0xFF, 0xFF, 0xE0, 0x00, 0x00, 0x1F, 0xFF, 0xFF, 0xFF, 0x00, 0x00, 0x1F,
  0xFF, 0xFF, 0xFF, 0xF0, 0x00, 0x0F, 0xFF, 0xFF, 0xFF, 0xFE, 0x00, 0x0F,
  0xFF, 0xFF, 0xFF, 0xFF, 0x00, 0x07, 0xFF, 0xFF, 0xFF, 0xFF, 0xC0, 0x03,
  0xFF, 0xFF, 0xFF, 0xFF, 0xF0, 0x01, 0xFF, 0xFF, 0xFF, 0xFF, 0xFC, 0x00,
  0xFF, 0xFF, 0xFF, 0xFF, 0xFF, 0x00, 0x7F, 0xFF, 0xFF, 0xFF, 0xFF, 0xC0,
  0x3F, 0xFF, 0xFF, 0xFF, 0xFF, 0xF0, 0x1F, 0xFF, 0xFF, 0xFF, 0xFF, 0xFC,
  0x07, 0xFF, 0xFF, 0xFF, 0xFF, 0xFF, 0x03, 0xFF, 0xFF, 0xFF, 0xFF, 0xFF,
  0xC0, 0xFF, 0xFF, 0xFF, 0xFF, 0xFF, 0xF0, 0x3F, 0xFF, 0xFF, 0xFF, 0xFF,
  0xF8, 0x1F, 0xFF, 0xFF, 0xFF, 0xFF, 0xFE, 0x07, 0xFF, 0xFF, 0xFF, 0xFF,
  0xFF, 0x81, 0xFF, 0xFF, 0xFF, 0xFF, 0xFF, 0xE0, 0x7F, 0xFF, 0xFF, 0xFC,
  0xFF, 0xF8, 0x3F, 0xFF, 0xFF, 0xC0, 0x00, 0x7E, 0x0F, 0xFF, 0xFF, 0xC0,
  0x00, 0x01, 0x83, 0xFF, 0xFF, 0xE0, 0x00, 0x00, 0x00, 0xFF, 0xFF, 0xF8,
  0x00, 0x00, 0x00, 0x3F, 0xFF, 0xFF, 0x00, 0x00, 0x00, 0x0F, 0xFF, 0xFF,
  0xE0, 0x00, 0x00, 0x03, 0xFF, 0xFF, 0xFF, 0x80, 0x00, 0x00, 0x7F, 0xFF,
  0xFF, 0xFF, 0xFE, 0x00, 0x1F, 0xFF, 0xFF, 0xFF, 0xFF, 0xE0, 0x07, 0xFF,
  0xFF, 0xFF, 0xFF, 0xFE, 0x01, 0xFF, 0xFF, 0xFF, 0xFF, 0xFF, 0xC0, 0x3F,
  0xFF, 0xFF, 0xFF, 0xFF, 0xFC, 0x0F, 0xFF, 0xFF, 0xFF, 0xFF, 0xFF, 0x01,
  0xFF, 0xFF, 0xFF, 0xFF, 0xFF, 0xE0, 0x7F, 0xFF, 0xFF, 0xFF, 0xFF, 0xFC,
  0x0F, 0xFF, 0xFF, 0xFF, 0xFF, 0xFF, 0x01, 0xFF, 0xFF, 0xFF, 0xFF, 0xFF,
  0xE0, 0x3F, 0xFF, 0xFF, 0xFF, 0xFF, 0xF8, 0x07, 0xFF, 0xFF, 0xFF, 0xFF,
  0xFF, 0x00, 0xFF, 0xFF, 0xFF, 0xFF, 0xFF, 0xC0, 0x0F, 0xFF, 0xFF, 0xFF,
  0xFF, 0xF0, 0x00, 0xFF, 0xFF, 0xFF, 0xFF, 0xFC, 0x00, 0x00, 0x0F, 0xFF,
  0xFF, 0xFF, 0x00, 0x00, 0x00, 0x1F, 0xFF, 0xFF, 0xC0, 0x00, 0x00, 0x03,
  0xFF, 0xFF, 0xF3, 0x00, 0x00, 0x00, 0x7F, 0xFF, 0xFC, 0xF0, 0x00, 0x00,
  0x1F, 0xFF, 0xFF, 0x3F, 0x00, 0x00, 0x0F, 0xFF, 0xFF, 0xCF, 0xFC, 0x00,
  0x07, 0xFF, 0xFF, 0xF3, 0xFF, 0xFC, 0x07, 0xFF, 0xFF, 0xFC, 0xFF, 0xFF,
  0xFF, 0xFF, 0xFF, 0xFF, 0x3F, 0xFF, 0xFF, 0xFF, 0xFF, 0xFF, 0xCF, 0xFF,
  0xFF, 0xFF, 0xFF, 0xFF, 0xE7, 0xFF, 0xFF, 0xFF, 0xFF, 0xFF, 0xF9, 0xFF,
  0xFF, 0xFF, 0xFF, 0xFF, 0xFE, 0x7F, 0xFF, 0xFF, 0xFF, 0xFF, 0xFF, 0x1F,
  0xFF, 0xFF, 0xFF, 0xFF, 0xFF, 0xC7, 0xFF, 0xFF, 0xFF, 0xFF, 0xFF, 0xE1,
  0xFF, 0xFF, 0xFF, 0xFF, 0xFF, 0xF8, 0x7F, 0xFF, 0xFF, 0xFF, 0xFF, 0xFC,
  0x1F, 0xFF, 0xFF, 0xFF, 0xFF, 0xFE, 0x07, 0xFF, 0xFF, 0xFF, 0xFF, 0xFF,
  0x83, 0xFF, 0xFF, 0xFF, 0xFF, 0xFF, 0xC0, 0xFF, 0xFF, 0xFF, 0xFF, 0xFF,
  0xE0, 0x3F, 0xFF, 0xFF, 0xFF, 0xFF, 0xE0, 0x01, 0xFF, 0xFF, 0xFF, 0xFF,
  0xF0, 0x00, 0x1F, 0xFF, 0xFF, 0xFF, 0xF8, 0x00, 0x00, 0xFF, 0xFF, 0xFF,
  0xF8, 0x00, 0x00, 0x07, 0xFF, 0xFF, 0xF0, 0x00, 0x00, 0x00, 0x3F, 0xFF,
  0xE0, 0x00, 0x00, 0x00, 0x00, 0x7F, 0x00, 0x00, 0x00, 0x7F, 0xFF, 0xFF,
  0xFF, 0xFF, 0xFF, 0xFB, 0xFF, 0xFF, 0xFF, 0xFF, 0xFF, 0xFF, 0xDF, 0xFF,
  0xFF, 0xFF, 0xFF, 0xFF, 0xFE, 0xFF, 0xFF, 0xFF, 0xFF, 0xFF, 0xFF, 0xF7,
  0xFF, 0xFF, 0xFF, 0xFF, 0xFF, 0xFF, 0xBF, 0xFF, 0xFF, 0xFF, 0xFF, 0xFF,
  0xFD, 0xFF, 0xFF, 0xFF, 0xFF, 0xFF, 0xFF, 0xEF, 0xFF, 0xFF, 0xFF, 0xFF,
  0xFF, 0xFF, 0x7F, 0xFF, 0xFF, 0xFF, 0xFF, 0xFF, 0xFB, 0xFF, 0xFF, 0xFF,
  0xFF, 0xFF, 0xFF, 0xDF, 0xFF, 0xFF, 0xFF, 0xFF, 0xFF, 0xFE, 0xFF, 0xFF,
  0xFF, 0xFF, 0xFF, 0xFF, 0xF7, 0xFF, 0xFF, 0xFF, 0xFF, 0xFF, 0xFF, 0xFF,
  0xFF, 0xFF, 0xFF, 0xFF, 0xFF, 0xFF, 0xFF, 0xFF, 0xFF, 0xFF, 0xFF, 0xFF,
  0xFF, 0xFF, 0xFF, 0xFF, 0xFF, 0xFF, 0xFF, 0xFF, 0xFF, 0xFF, 0xFF, 0xFF,
  0xFF, 0xFF, 0xFF, 0xFF, 0xFF, 0xFF, 0xFF, 0xFF, 0xFF, 0xFF, 0xFF, 0xFF,
  0xFF, 0xFF, 0xFF, 0xFF, 0xFF, 0xFF, 0xFF, 0xFF, 0xFF, 0xFF, 0xFF, 0xFF,
  0xFF, 0xFF, 0xC0, 0x00, 0x7F, 0xFE, 0xFF, 0xFF, 0xFE, 0x00, 0x00, 0x00,
  0x07, 0xFF, 0xFF, 0xF0, 0x00, 0x00, 0x00, 0x3F, 0xFF, 0xFF, 0x80, 0x00,
  0x00, 0x01, 0xFF, 0xFF, 0xFC, 0x00, 0x00, 0x00, 0x0F, 0xFF, 0xFF, 0xE0,
  0x00, 0x00, 0x00, 0x7F, 0xFF, 0xFF, 0x00, 0x00, 0x00, 0x03, 0xFF, 0xFF,
  0xF8, 0x00, 0x00, 0x00, 0x1F, 0xFF, 0xFF, 0xC0, 0x00, 0x00, 0x00, 0xFF,
  0xFF, 0xFE, 0x00, 0x00, 0x00, 0x07, 0xFF, 0xFF, 0xE0, 0x00, 0x00, 0x00,
  0x3F, 0xFF, 0xFF, 0x00, 0x00, 0x00, 0x01, 0xFF, 0xFF, 0xF8, 0x00, 0x00,
  0x00, 0x0F, 0xFF, 0xFF, 0xC0, 0x00, 0x00, 0x00, 0x7F, 0xFF, 0xFE, 0x00,
  0x00, 0x00, 0x03, 0xFF, 0xFF, 0xF0, 0x00, 0x00, 0x00, 0x1F, 0xFF, 0xFF,
  0x80, 0x00, 0x00, 0x01, 0xFF, 0xFF, 0xFC, 0x00, 0x00, 0x00, 0x0F, 0xFF,
  0xFF, 0xE0, 0x00, 0x00, 0x00, 0x7F, 0xFF, 0xFF, 0x00, 0x00, 0x00, 0x03,
  0xFF, 0xFF, 0xF8, 0x00, 0x00, 0x00, 0x1F, 0xFF, 0xFF, 0xC0, 0x00, 0x00,
  0x00, 0xFF, 0xFF, 0xFE, 0x00, 0x00, 0x00, 0x07, 0xFF, 0xFF, 0xE0, 0x00,
  0x00, 0x00, 0x3F, 0xFF, 0xFF, 0x00, 0x00, 0x00, 0x01, 0xFF, 0xFF, 0xF8,
  0x00, 0x00, 0x00, 0x0F, 0xFF, 0xFF, 0xC0, 0x00, 0x00, 0x00, 0x7F, 0xFF,
  0xFE, 0x00, 0x00, 0x00, 0x03, 0xFF, 0xFF, 0xF0, 0x00, 0x00, 0x00, 0x1F,
  0xFF, 0xFF, 0x80, 0x00, 0x00, 0x00, 0xFF, 0xFF, 0xFC, 0x00, 0x00, 0x00,
  0x07, 0xFF, 0xFF, 0xE0, 0x00, 0x00, 0x00, 0x3F, 0xFF, 0xFF, 0x00, 0x00,
  0x00, 0x01, 0xFF, 0xFF, 0xF8, 0x00, 0x00, 0x00, 0x0F, 0xFF, 0xFF, 0xC0,
  0x00, 0x00, 0x00, 0x7F, 0xFF, 0xFC, 0x00, 0x00, 0x00, 0x03, 0xFF, 0xFF,
  0xE0, 0x00, 0x00, 0x00, 0x1F, 0xFF, 0xFF, 0x00, 0x00, 0x00, 0x00, 0xFF,
  0xFF, 0xF8, 0x00, 0x00, 0x00, 0x07, 0xFF, 0xFF, 0xC0, 0x00, 0x00, 0x00,
  0x3F, 0xFF, 0xFE, 0x00, 0x00, 0x00, 0x01, 0xFF, 0xFF, 0xF0, 0x00, 0x00,
  0x00, 0x0F, 0xFF, 0xFF, 0x80, 0x00, 0x00, 0x00, 0x7F, 0xFF, 0xFC, 0x00,
  0x00, 0x00, 0x03, 0xFF, 0xFF, 0xE0, 0x00, 0x00, 0x00, 0x1F, 0xFF, 0xFF,
  0x00, 0x00, 0x00, 0x00, 0xFE, 0x00, 0x00, 0x00, 0x00, 0x00, 0x00, 0x00,
  0x00, 0x1F, 0xFF, 0xFF, 0x80, 0x00, 0x00, 0x00, 0x07, 0xFF, 0xFF, 0xE3,
  0xFF, 0xFC, 0x00, 0x01, 0xFF, 0xFF, 0xF8, 0xFF, 0xFF, 0xFE, 0x00, 0x7F,
  0xFF, 0xFE, 0x3F, 0xFF, 0xFF, 0x00, 0x1F, 0xFF, 0xFF, 0x8F, 0xFF, 0xFF,
  0xC0, 0x07, 0xFF, 0xFF, 0xE7, 0xFF, 0xFF, 0xF0, 0x01, 0xFF, 0xFF, 0xF9,
  0xFF, 0xFF, 0xFC, 0x00, 0x7F, 0xFF, 0xFF, 0x7F, 0xFF, 0xFF, 0x00, 0x1F,
  0xFF, 0xFF, 0xDF, 0xFF, 0xFF, 0x80, 0x07, 0xFF, 0xFF, 0xF7, 0xFF, 0xFF,
  0xE0, 0x01, 0xFF, 0xFF, 0xFD, 0xFF, 0xFF, 0xF8, 0x00, 0x7F, 0xFF, 0xFF,
  0x7F, 0xFF, 0xFE, 0x00, 0x1F, 0xFF, 0xFF, 0xFF, 0xFF, 0xFF, 0x80, 0x07,
  0xFF, 0xFF, 0xFF, 0xFF, 0xFF, 0xE0, 0x01, 0xFF, 0xFF, 0xFF, 0xFF, 0xFF,
  0xF8, 0x00, 0x7F, 0xFF, 0xFF, 0xFF, 0xFF, 0xFC, 0x00, 0x1F, 0xFF, 0xFF,
  0xFF, 0xFF, 0xFF, 0x00, 0x07, 0xFF, 0xFF, 0xFF, 0xFF, 0xFF, 0xC0, 0x01,
  0xFF, 0xFF, 0xFF, 0xFF, 0xFF, 0xF0, 0x00, 0x7F, 0xFF, 0xFE, 0xFF, 0xFF,
  0xFC, 0x00, 0x1F, 0xFF, 0xFF, 0xBF, 0xFF, 0xFF, 0x00, 0x07, 0xFF, 0xFF,
  0xEF, 0xFF, 0xFF, 0xC0, 0x01, 0xFF, 0xFF, 0xFB, 0xFF, 0xFF, 0xF0, 0x00,
  0x7F, 0xFF, 0xFE, 0xFF, 0xFF, 0xFC, 0x00, 0x1F, 0xFF, 0xFF, 0xBF, 0xFF,
  0xFF, 0x00, 0x07, 0xFF, 0xFF, 0xEF, 0xFF, 0xFF, 0xC0, 0x01, 0xFF, 0xFF,
  0xFB, 0xFF, 0xFF, 0xF0, 0x00, 0x7F, 0xFF, 0xFE, 0xFF, 0xFF, 0xF8, 0x00,
  0x3F, 0xFF, 0xFF, 0xBF, 0xFF, 0xFE, 0x00, 0x0F, 0xFF, 0xFF, 0xCF, 0xFF,
  0xFF, 0x80, 0x03, 0xFF, 0xFF, 0xF3, 0xFF, 0xFF, 0xE0, 0x00, 0xFF, 0xFF,
  0xFC, 0xFF, 0xFF, 0xF8, 0x00, 0x3F, 0xFF, 0xFF, 0x3F, 0xFF, 0xFE, 0x00,
  0x0F, 0xFF, 0xFF, 0xCF, 0xFF, 0xFF, 0x80, 0x03, 0xFF, 0xFF, 0xE3, 0xFF,
  0xFF, 0xE0, 0x00, 0xFF, 0xFF, 0xF8, 0xFF, 0xFF, 0xFC, 0x00, 0x3F, 0xFF,
  0xFE, 0x3F, 0xFF, 0xFF, 0x00, 0x1F, 0xFF, 0xFF, 0x8F, 0xFF, 0xFF, 0xC0,
  0x07, 0xFF, 0xFF, 0xE3, 0xFF, 0xFF, 0xF0, 0x01, 0xFF, 0xFF, 0xF0, 0xFF,
  0xFF, 0xFC, 0x00, 0x7F, 0xFF, 0xFC, 0x3F, 0xFF, 0xFF, 0x00, 0x1F, 0xFF,
  0xFF, 0x07, 0xFF, 0xFF, 0xC0, 0x0F, 0xFF, 0xFF, 0x81, 0xFF, 0xFF, 0xF0,
  0x03, 0xFF, 0xFF, 0xE0, 0x7F, 0xFF, 0xFE, 0x00, 0xFF, 0xFF, 0xF8, 0x1F,
  0xFF, 0xFF, 0x80, 0x7F, 0xFF, 0xFC, 0x07, 0xFF, 0xFF, 0xE0, 0x1F, 0xFF,
  0xFF, 0x00, 0xFF, 0xFF, 0xF8, 0x07, 0xFF, 0xFF, 0xC0, 0x3F, 0xFF, 0xFF,
  0x03, 0xFF, 0xFF, 0xE0, 0x0F, 0xFF, 0xFF, 0xE1, 0xFF, 0xFF, 0xF8, 0x03,
  0xFF, 0xFF, 0xFC, 0xFF, 0xFF, 0xFC, 0x00, 0x7F, 0xFF, 0xFF, 0xFF, 0xFF,
  0xFF, 0x00, 0x1F, 0xFF, 0xFF, 0xFF, 0xFF, 0xFF, 0x80, 0x07, 0xFF, 0xFF,
  0xFF, 0xFF, 0xFF, 0xE0, 0x00, 0xFF, 0xFF, 0xFF, 0xFF, 0xFF, 0xF0, 0x00,
  0x3F, 0xFF, 0xFF, 0xFF, 0xFF, 0xFC, 0x00, 0x07, 0xFF, 0xFF, 0xFF, 0xFF,
  0xFE, 0x00, 0x01, 0xFF, 0xFF, 0xFF, 0xFF, 0xFF, 0x00, 0x00, 0x3F, 0xFF,
  0xFF, 0xFF, 0xFF, 0xC0, 0x00, 0x07, 0xFF, 0xFF, 0xFF, 0xFF, 0xE0, 0x00,
  0x01, 0xFF, 0xFF, 0xFF, 0xFF, 0xF0, 0x00, 0x00, 0x3F, 0xFF, 0xFF, 0xFF,
  0xF8, 0x00, 0x00, 0x07, 0xFF, 0xFF, 0xFF, 0xFC, 0x00, 0x00, 0x00, 0xFF,
  0xFF, 0xFF, 0xFE, 0x00, 0x00, 0x00, 0x1F, 0xFF, 0xFF, 0xFF, 0x00, 0x00,
  0x00, 0x01, 0xFF, 0xFF, 0xFF, 0x00, 0x00, 0x00, 0x00, 0x3F, 0xFF, 0xFF,
  0x80, 0x00, 0x00, 0x00, 0x03, 0xFF, 0xFF, 0x80, 0x00, 0x00, 0x00, 0x00,
  0x1F, 0xFF, 0x00, 0x00, 0x00, 0x00, 0x00, 0x00, 0x02, 0x00, 0x00, 0x40,
  0x00, 0x00, 0x00, 0x1F, 0xFC, 0x00, 0x00, 0xFF, 0xFF, 0x01, 0xFF, 0xFF,
  0xF8, 0x00, 0x03, 0xFF, 0xFF, 0xFF, 0xFF, 0xFF, 0xF8, 0x00, 0x07, 0xFF,
  0xFF, 0xF7, 0xFF, 0xFF, 0xF0, 0x00, 0x0F, 0xFF, 0xFF, 0xCF, 0xFF, 0xFF,
  0xE0, 0x00, 0x1F, 0xFF, 0xFF, 0x9F, 0xFF, 0xFF, 0xC0, 0x00, 0x3F, 0xFF,
  0xFF, 0x1F, 0xFF, 0xFF, 0xC0, 0x00, 0xFF, 0xFF, 0xFE, 0x3F, 0xFF, 0xFF,
  0x80, 0x01, 0xFF, 0xFF, 0xF8, 0x7F, 0xFF, 0xFF, 0x00, 0x03, 0xFF, 0xFF,
  0xF0, 0x7F, 0xFF, 0xFE, 0x00, 0x07, 0xFF, 0xFF, 0xE0, 0xFF, 0xFF, 0xFC,
  0x00, 0x1F, 0xFF, 0xFF, 0x81, 0xFF, 0xFF, 0xFC, 0x00, 0x3F, 0xFF, 0xFF,
  0x01, 0xFF, 0xFF, 0xF8, 0x00, 0x7F, 0xFF, 0xFE, 0x03, 0xFF, 0xFF, 0xF0,
  0x00, 0xFF, 0xFF, 0xFC, 0x07, 0xFF, 0xFF, 0xE0, 0x01, 0xFF, 0xFF, 0xF0,
  0x07, 0xFF, 0xFF, 0xE0, 0x07, 0xFF, 0xFF, 0xE0, 0x0F, 0xFF, 0xFF, 0xC0,
  0x0F, 0xFF, 0xFF, 0xC0, 0x1F, 0xFF, 0xFF, 0x80, 0x1F, 0xFF, 0xFF, 0x80,
  0x1F, 0xFF, 0xFF, 0x00, 0x3F, 0xFF, 0xFE, 0x00, 0x3F, 0xFF, 0xFF, 0x00,
  0xFF, 0xFF, 0xFC, 0x00, 0x7F, 0xFF, 0xFE, 0x01, 0xFF, 0xFF, 0xF8, 0x00,
  0x7F, 0xFF, 0xFC, 0x03, 0xFF, 0xFF, 0xF0, 0x00, 0xFF, 0xFF, 0xF8, 0x07,
  0xFF, 0xFF, 0xC0, 0x01, 0xFF, 0xFF, 0xF0, 0x1F, 0xFF, 0xFF, 0x80, 0x01,
  0xFF, 0xFF, 0xF0, 0x3F, 0xFF, 0xFF, 0x00, 0x03, 0xFF, 0xFF, 0xE0, 0x7F,
  0xFF, 0xFE, 0x00, 0x07, 0xFF, 0xFF, 0xC0, 0xFF, 0xFF, 0xF8, 0x00, 0x0F,
  0xFF, 0xFF, 0x81, 0xFF, 0xFF, 0xF0, 0x00, 0x0F, 0xFF, 0xFF, 0x87, 0xFF,
  0xFF, 0xE0, 0x00, 0x1F, 0xFF, 0xFF, 0x0F, 0xFF, 0xFF, 0x80, 0x00, 0x3F,
  0xFF, 0xFE, 0x1F, 0xFF, 0xFF, 0x00, 0x00, 0x3F, 0xFF, 0xFC, 0x3F, 0xFF,
  0xFE, 0x00, 0x00, 0x7F, 0xFF, 0xFC, 0xFF, 0xFF, 0xFC, 0x00, 0x00, 0xFF,
  0xFF, 0xF9, 0xFF, 0xFF, 0xF0, 0x00, 0x00, 0xFF, 0xFF, 0xF3, 0xFF, 0xFF,
  0xE0, 0x00, 0x01, 0xFF, 0xFF, 0xE7, 0xFF, 0xFF, 0xC0, 0x00, 0x03, 0xFF,
  0xFF, 0xEF, 0xFF, 0xFF, 0x80, 0x00, 0x03, 0xFF, 0xFF, 0xFF, 0xFF, 0xFE,
  0x00, 0x00, 0x07, 0xFF, 0xFF, 0xFF, 0xFF, 0xFC, 0x00, 0x00, 0x0F, 0xFF,
  0xFF, 0xFF, 0xFF, 0xF8, 0x00, 0x00, 0x0F, 0xFF, 0xFF, 0xFF, 0xFF, 0xF0,
  0x00, 0x00, 0x1F, 0xFF, 0xFF, 0xFF, 0xFF, 0xC0, 0x00, 0x00, 0x3F, 0xFF,
  0xFF, 0xFF, 0xFF, 0x80, 0x00, 0x00, 0x3F, 0xFF, 0xFF, 0xFF, 0xFF, 0x00,
  0x00, 0x00, 0x7F, 0xFF, 0xFF, 0xFF, 0xFE, 0x00, 0x00, 0x00, 0xFF, 0xFF,
  0xFF, 0xFF, 0xF8, 0x00, 0x00, 0x00, 0xFF, 0xFF, 0xFF, 0xFF, 0xF0, 0x00,
  0x00, 0x01, 0xFF, 0xFF, 0xFF, 0xFF, 0xE0, 0x00, 0x00, 0x03, 0xFF, 0xFF,
  0xFF, 0xFF, 0x80, 0x00, 0x00, 0x03, 0xFF, 0xFF, 0xFF, 0xFF, 0x00, 0x00,
  0x00, 0x07, 0xFF, 0xFF, 0xFF, 0xFE, 0x00, 0x00, 0x00, 0x0F, 0xFF, 0xFF,
  0xFF, 0xFC, 0x00, 0x00, 0x00, 0x1F, 0xFF, 0xFF, 0xFF, 0xF0, 0x00, 0x00,
  0x00, 0x1F, 0xFF, 0xFF, 0xFF, 0xE0, 0x00, 0x00, 0x00, 0x3F, 0xFF, 0xFF,
  0xFF, 0xC0, 0x00, 0x00, 0x00, 0x7F, 0xFF, 0xFF, 0xFF, 0x80, 0x00, 0x00,
  0x00, 0x7F, 0xFF, 0xFF, 0xFE, 0x00, 0x00, 0x00, 0x00, 0xFF, 0xFF, 0xFF,
  0xFC, 0x00, 0x00, 0x00, 0x01, 0xFF, 0xFF, 0xFF, 0xF8, 0x00, 0x00, 0x00,
  0x01, 0xFF, 0xFF, 0xFF, 0xF0, 0x00, 0x00, 0x00, 0x03, 0xFF, 0xFF, 0xFF,
  0xC0, 0x00, 0x00, 0x00, 0x07, 0xFF, 0xFF, 0xFF, 0x80, 0x00, 0x00, 0x00,
  0x07, 0xFF, 0xFF, 0xFF, 0x00, 0x00, 0x00, 0x00, 0x0F, 0xFF, 0xFF, 0xFE,
  0x00, 0x00, 0x00, 0x00, 0x1F, 0xFF, 0xFF, 0xF8, 0x00, 0x00, 0x00, 0x00,
  0x1F, 0xFF, 0xFF, 0xF0, 0x00, 0x00, 0x00, 0x00, 0x3F, 0xFF, 0xFF, 0xE0,
  0x00, 0x00, 0x00, 0x00, 0x7F, 0xFF, 0xFF, 0x80, 0x00, 0x00, 0x00, 0x00,
  0x7E, 0x00, 0x00, 0x00, 0x00, 0x00, 0x00, 0x00, 0x01, 0x00, 0x1F, 0xFF,
  0xFC, 0x00, 0x40, 0x00, 0x00, 0x00, 0x07, 0xFF, 0x80, 0x0F, 0xFF, 0xFE,
  0x00, 0x3F, 0xFC, 0x00, 0x1F, 0xFF, 0xFF, 0xC0, 0x07, 0xFF, 0xFF, 0x00,
  0x1F, 0xFF, 0xFF, 0xDF, 0xFF, 0xFF, 0xE0, 0x03, 0xFF, 0xFF, 0x80, 0x0F,
  0xFF, 0xFF, 0xF7, 0xFF, 0xFF, 0xF0, 0x01, 0xFF, 0xFF, 0xE0, 0x07, 0xFF,
  0xFF, 0xF3, 0xFF, 0xFF, 0xFC, 0x01, 0xFF, 0xFF, 0xF0, 0x03, 0xFF, 0xFF,
  0xF9, 0xFF, 0xFF, 0xFE, 0x00, 0xFF, 0xFF, 0xF8, 0x01, 0xFF, 0xFF, 0xFC,
  0xFF, 0xFF, 0xFF, 0x00, 0x7F, 0xFF, 0xFC, 0x01, 0xFF, 0xFF, 0xFE, 0x7F,
  0xFF, 0xFF, 0x80, 0x3F, 0xFF, 0xFE, 0x00, 0xFF, 0xFF, 0xFF, 0x3F, 0xFF,
  0xFF, 0xC0, 0x1F, 0xFF, 0xFF, 0x80, 0x7F, 0xFF, 0xFF, 0x8F, 0xFF, 0xFF,
  0xE0, 0x0F, 0xFF, 0xFF, 0xC0, 0x3F, 0xFF, 0xFF, 0x87, 0xFF, 0xFF, 0xF0,
  0x0F, 0xFF, 0xFF, 0xE0, 0x1F, 0xFF, 0xFF, 0xC3, 0xFF, 0xFF, 0xF8, 0x07,
  0xFF, 0xFF, 0xF0, 0x0F, 0xFF, 0xFF, 0xE1, 0xFF, 0xFF, 0xFE, 0x03, 0xFF,
  0xFF, 0xF8, 0x07, 0xFF, 0xFF, 0xF0, 0xFF, 0xFF, 0xFF, 0x01, 0xFF, 0xFF,
  0xFC, 0x03, 0xFF, 0xFF, 0xF8, 0x7F, 0xFF, 0xFF, 0x80, 0xFF, 0xFF, 0xFF,
  0x01, 0xFF, 0xFF, 0xFC, 0x1F, 0xFF, 0xFF, 0xC0, 0x7F, 0xFF, 0xFF, 0x80,
  0xFF, 0xFF, 0xFC, 0x0F, 0xFF, 0xFF, 0xE0, 0x7F, 0xFF, 0xFF, 0xC0, 0xFF,
  0xFF, 0xFE, 0x07, 0xFF, 0xFF, 0xF0, 0x3F, 0xFF, 0xFF, 0xE0, 0x7F, 0xFF,
  0xFF, 0x03, 0xFF, 0xFF, 0xF8, 0x1F, 0xFF, 0xFF, 0xF0, 0x3F, 0xFF, 0xFF,
  0x81, 0xFF, 0xFF, 0xFC, 0x0F, 0xFF, 0xFF, 0xFC, 0x1F, 0xFF, 0xFF, 0xC0,
  0x7F, 0xFF, 0xFF, 0x07, 0xFF, 0xFF, 0xFE, 0x0F, 0xFF, 0xFF, 0xE0, 0x3F,
  0xFF, 0xFF, 0x83, 0xFF, 0xFF, 0xFF, 0x07, 0xFF, 0xFF, 0xE0, 0x1F, 0xFF,
  0xFF, 0xC3, 0xFF, 0xFF, 0xFF, 0x83, 0xFF, 0xFF, 0xF0, 0x0F, 0xFF, 0xFF,
  0xE1, 0xFF, 0xFF, 0xFF, 0xC1, 0xFF, 0xFF, 0xF8, 0x07, 0xFF, 0xFF, 0xF0,
  0xFF, 0xFF, 0xFF, 0xE0, 0xFF, 0xFF, 0xFC, 0x03, 0xFF, 0xFF, 0xF8, 0x7F,
  0xFF, 0xFF, 0xF8, 0x7F, 0xFF, 0xFE, 0x00, 0xFF, 0xFF, 0xFC, 0x3F, 0xFF,
  0xFF, 0xFC, 0x3F, 0xFF, 0xFF, 0x00, 0x7F, 0xFF, 0xFE, 0x1F, 0xFF, 0xFF,
  0xFE, 0x3F, 0xFF, 0xFF, 0x00, 0x3F, 0xFF, 0xFF, 0x1F, 0xFF, 0xFF, 0xFF,
  0x1F, 0xFF, 0xFF, 0x80, 0x1F, 0xFF, 0xFF, 0xCF, 0xFF, 0xFF, 0xFF, 0x8F,
  0xFF, 0xFF, 0xC0, 0x0F, 0xFF, 0xFF, 0xE7, 0xFF, 0xFF, 0xFF, 0xE7, 0xFF,
  0xFF, 0xE0, 0x07, 0xFF, 0xFF, 0xF3, 0xFF, 0xFF, 0xFF, 0xF3, 0xFF, 0xFF,
  0xF0, 0x01, 0xFF, 0xFF, 0xF9, 0xFF, 0xFF, 0xFF, 0xF9, 0xFF, 0xFF, 0xF8,
  0x00, 0xFF, 0xFF, 0xFC, 0xFF, 0xFF, 0xFF, 0xFC, 0xFF, 0xFF, 0xF8, 0x00,
  0x7F, 0xFF, 0xFE, 0x7F, 0xFE, 0xFF, 0xFE, 0x7F, 0xFF, 0xFC, 0x00, 0x3F,
  0xFF, 0xFF, 0x7F, 0xFF, 0x7F, 0xFF, 0xBF, 0xFF, 0xFE, 0x00, 0x1F, 0xFF,
  0xFF, 0xBF, 0xFF, 0xBF, 0xFF, 0xDF, 0xFF, 0xFF, 0x00, 0x0F, 0xFF, 0xFF,
  0xFF, 0xFF, 0xDF, 0xFF, 0xFF, 0xFF, 0xFF, 0x80, 0x03, 0xFF, 0xFF, 0xFF,
  0xFF, 0xEF, 0xFF, 0xFF, 0xFF, 0xFF, 0xC0, 0x01, 0xFF, 0xFF, 0xFF, 0xFF,
  0xF7, 0xFF, 0xFF, 0xFF, 0xFF, 0xC0, 0x00, 0xFF, 0xFF, 0xFF, 0xFF, 0xF1,
  0xFF, 0xFF, 0xFF, 0xFF, 0xE0, 0x00, 0x7F, 0xFF, 0xFF, 0xFF, 0xF8, 0xFF,
  0xFF, 0xFF, 0xFF, 0xF0, 0x00, 0x3F, 0xFF, 0xFF, 0xFF, 0xFC, 0x7F, 0xFF,
  0xFF, 0xFF, 0xF8, 0x00, 0x1F, 0xFF, 0xFF, 0xFF, 0xFE, 0x3F, 0xFF, 0xFF,
  0xFF, 0xFC, 0x00, 0x07, 0xFF, 0xFF, 0xFF, 0xFF, 0x1F, 0xFF, 0xFF, 0xFF,
  0xFE, 0x00, 0x03, 0xFF, 0xFF, 0xFF, 0xFF, 0x0F, 0xFF, 0xFF, 0xFF, 0xFE,
  0x00, 0x01, 0xFF, 0xFF, 0xFF, 0xFF, 0x83, 0xFF, 0xFF, 0xFF, 0xFF, 0x00,
  0x00, 0xFF, 0xFF, 0xFF, 0xFF, 0xC1, 0xFF, 0xFF, 0xFF, 0xFF, 0x80, 0x00,
  0x7F, 0xFF, 0xFF, 0xFF, 0xE0, 0xFF, 0xFF, 0xFF, 0xFF, 0xC0, 0x00, 0x1F,
  0xFF, 0xFF, 0xFF, 0xF0, 0x7F, 0xFF, 0xFF, 0xFF, 0xE0, 0x00, 0x0F, 0xFF,
  0xFF, 0xFF, 0xF8, 0x3F, 0xFF, 0xFF, 0xFF, 0xF0, 0x00, 0x07, 0xFF, 0xFF,
  0xFF, 0xF8, 0x1F, 0xFF, 0xFF, 0xFF, 0xF0, 0x00, 0x03, 0xFF, 0xFF, 0xFF,
  0xFC, 0x07, 0xFF, 0xFF, 0xFF, 0xF8, 0x00, 0x01, 0xFF, 0xFF, 0xFF, 0xFE,
  0x03, 0xFF, 0xFF, 0xFF, 0xFC, 0x00, 0x00, 0xFF, 0xFF, 0xFF, 0xFF, 0x01,
  0xFF, 0xFF, 0xFF, 0xFE, 0x00, 0x00, 0x3F, 0xFF, 0xFF, 0xFF, 0x80, 0xFF,
  0xFF, 0xFF, 0xFF, 0x00, 0x00, 0x1F, 0xFF, 0xFF, 0xFF, 0x80, 0x7F, 0xFF,
  0xFF, 0xFF, 0x80, 0x00, 0x0F, 0xFF, 0xFF, 0xFF, 0xC0, 0x1F, 0xFF, 0xFF,
  0xFF, 0x80, 0x00, 0x07, 0xFF, 0xFF, 0xFF, 0xE0, 0x0F, 0xFF, 0xFF, 0xFF,
  0xC0, 0x00, 0x03, 0xFF, 0xFF, 0xFF, 0xF0, 0x07, 0xFF, 0xFF, 0xFF, 0xE0,
  0x00, 0x01, 0xFF, 0xFF, 0xFF, 0xF8, 0x03, 0xFF, 0xFF, 0xFF, 0xF0, 0x00,
  0x00, 0x7F, 0xFF, 0xFF, 0xFC, 0x01, 0xFF, 0xFF, 0xFF, 0xF8, 0x00, 0x00,
  0x3F, 0xFF, 0xFF, 0xFC, 0x00, 0xFF, 0xFF, 0xFF, 0xF8, 0x00, 0x00, 0x1F,
  0xFF, 0xFF, 0xFE, 0x00, 0x3F, 0xFF, 0xFF, 0xFC, 0x00, 0x00, 0x0F, 0xFF,
  0xFF, 0xFF, 0x00, 0x1F, 0xFF, 0xFF, 0xFE, 0x00, 0x00, 0x07, 0xFF, 0xFF,
  0xFF, 0x80, 0x0F, 0xFF, 0xFF, 0xFF, 0x00, 0x00, 0x03, 0xFF, 0xE0, 0x00,
  0x00, 0x07, 0xFF, 0xFF, 0xFF, 0x80, 0x00, 0x00, 0x00, 0x00, 0x00, 0x00,
  0x03, 0xFF, 0xFF, 0xFF, 0xC0, 0x00, 0x00, 0x00, 0x02, 0x00, 0x01, 0xC0,
  0x00, 0x00, 0x00, 0x00, 0xFC, 0x00, 0x07, 0xFF, 0x00, 0x00, 0x00, 0x3F,
  0xF0, 0x00, 0x3F, 0xFF, 0xFE, 0x00, 0x0F, 0xFF, 0xE0, 0x00, 0xFF, 0xFF,
  0xFF, 0x03, 0xFF, 0xFF, 0x80, 0x03, 0xFF, 0xFF, 0xF9, 0xFF, 0xFF, 0xFE,
  0x00, 0x1F, 0xFF, 0xFF, 0xE3, 0xFF, 0xFF, 0xFC, 0x00, 0x7F, 0xFF, 0xFF,
  0x0F, 0xFF, 0xFF, 0xF0, 0x03, 0xFF, 0xFF, 0xF8, 0x1F, 0xFF, 0xFF, 0xE0,
  0x0F, 0xFF, 0xFF, 0xE0, 0x3F, 0xFF, 0xFF, 0x80, 0x7F, 0xFF, 0xFF, 0x00,
  0xFF, 0xFF, 0xFE, 0x01, 0xFF, 0xFF, 0xFC, 0x01, 0xFF, 0xFF, 0xFC, 0x07,
  0xFF, 0xFF, 0xE0, 0x07, 0xFF, 0xFF, 0xF0, 0x3F, 0xFF, 0xFF, 0x80, 0x0F,
  0xFF, 0xFF, 0xE0, 0xFF, 0xFF, 0xFC, 0x00, 0x3F, 0xFF, 0xFF, 0x87, 0xFF,
  0xFF, 0xE0, 0x00, 0x7F, 0xFF, 0xFF, 0x1F, 0xFF, 0xFF, 0x80, 0x01, 0xFF,
  0xFF, 0xFC, 0xFF, 0xFF, 0xFC, 0x00, 0x03, 0xFF, 0xFF, 0xF3, 0xFF, 0xFF,
  0xF0, 0x00, 0x07, 0xFF, 0xFF, 0xEF, 0xFF, 0xFF, 0x80, 0x00, 0x1F, 0xFF,
  0xFF, 0xFF, 0xFF, 0xFE, 0x00, 0x00, 0x3F, 0xFF, 0xFF, 0xFF, 0xFF, 0xF0,
  0x00, 0x00, 0xFF, 0xFF, 0xFF, 0xFF, 0xFF, 0x80, 0x00, 0x01, 0xFF, 0xFF,
  0xFF, 0xFF, 0xFE, 0x00, 0x00, 0x07, 0xFF, 0xFF, 0xFF, 0xFF, 0xF0, 0x00,
  0x00, 0x0F, 0xFF, 0xFF, 0xFF, 0xFF, 0xC0, 0x00, 0x00, 0x3F, 0xFF, 0xFF,
  0xFF, 0xFE, 0x00, 0x00, 0x00, 0x7F, 0xFF, 0xFF, 0xFF, 0xF0, 0x00, 0x00,
  0x01, 0xFF, 0xFF, 0xFF, 0xFF, 0xC0, 0x00, 0x00, 0x03, 0xFF, 0xFF, 0xFF,
  0xFE, 0x00, 0x00, 0x00, 0x07, 0xFF, 0xFF, 0xFF, 0xF8, 0x00, 0x00, 0x00,
  0x1F, 0xFF, 0xFF, 0xFF, 0xC0, 0x00, 0x00, 0x00, 0x3F, 0xFF, 0xFF, 0xFF,
  0x00, 0x00, 0x00, 0x00, 0xFF, 0xFF, 0xFF, 0xF8, 0x00, 0x00, 0x00, 0x01,
  0xFF, 0xFF, 0xFF, 0xC0, 0x00, 0x00, 0x00, 0x07, 0xFF, 0xFF, 0xFF, 0x00,
  0x00, 0x00, 0x00, 0x1F, 0xFF, 0xFF, 0xF8, 0x00, 0x00, 0x00, 0x00, 0xFF,
  0xFF, 0xFF, 0xF0, 0x00, 0x00, 0x00, 0x03, 0xFF, 0xFF, 0xFF, 0xE0, 0x00,
  0x00, 0x00, 0x1F, 0xFF, 0xFF, 0xFF, 0x80, 0x00, 0x00, 0x00, 0xFF, 0xFF,
  0xFF, 0xFF, 0x00, 0x00, 0x00, 0x03, 0xFF, 0xFF, 0xFF, 0xFC, 0x00, 0x00,
  0x00, 0x1F, 0xFF, 0xFF, 0xFF, 0xF8, 0x00, 0x00, 0x00, 0xFF, 0xFF, 0xFF,
  0xFF, 0xE0, 0x00, 0x00, 0x03, 0xFF, 0xFF, 0xFF, 0xFF, 0xC0, 0x00, 0x00,
  0x1F, 0xFF, 0xFF, 0xFF, 0xFF, 0x80, 0x00, 0x00, 0x7F, 0xFF, 0xFF, 0xFF,
  0xFE, 0x00, 0x00, 0x03, 0xFF, 0xFF, 0xFF, 0xFF, 0xFC, 0x00, 0x00, 0x1F,
  0xFF, 0xFF, 0xFF, 0xFF, 0xF0, 0x00, 0x00, 0x7F, 0xFF, 0xFF, 0xFF, 0xFF,
  0xE0, 0x00, 0x03, 0xFF, 0xFF, 0xFF, 0xFF, 0xFF, 0x80, 0x00, 0x1F, 0xFF,
  0xFF, 0xFF, 0xFF, 0xFF, 0x00, 0x00, 0x7F, 0xFF, 0xFF, 0x7F, 0xFF, 0xFC,
  0x00, 0x03, 0xFF, 0xFF, 0xFC, 0xFF, 0xFF, 0xF8, 0x00, 0x1F, 0xFF, 0xFF,
  0xE3, 0xFF, 0xFF, 0xF0, 0x00, 0x7F, 0xFF, 0xFF, 0x07, 0xFF, 0xFF, 0xC0,
  0x03, 0xFF, 0xFF, 0xFC, 0x1F, 0xFF, 0xFF, 0x80, 0x0F, 0xFF, 0xFF, 0xE0,
  0x7F, 0xFF, 0xFE, 0x00, 0x7F, 0xFF, 0xFF, 0x80, 0xFF, 0xFF, 0xFC, 0x03,
  0xFF, 0xFF, 0xFC, 0x03, 0xFF, 0xFF, 0xF0, 0x0F, 0xFF, 0xFF, 0xF0, 0x07,
  0xFF, 0xFF, 0xE0, 0x7F, 0xFF, 0xFF, 0x80, 0x1F, 0xFF, 0xFF, 0xC3, 0xFF,
  0xFF, 0xFE, 0x00, 0x3F, 0xFF, 0xFF, 0x0F, 0xFF, 0xFF, 0xF0, 0x00, 0xFF,
  0xFF, 0xFE, 0x07, 0xFF, 0xFF, 0xC0, 0x03, 0xFF, 0xFF, 0xF8, 0x03, 0xFF,
  0xFE, 0x00, 0x07, 0xFF, 0xFF, 0x00, 0x03, 0xFF, 0xF8, 0x00, 0x1F, 0xFF,
  0xE0, 0x00, 0x01, 0xFF, 0xC0, 0x00, 0x3F, 0xFC, 0x00, 0x00, 0x00, 0xFF,
  0x00, 0x00, 0xFF, 0x80, 0x00, 0x00, 0x00, 0x78, 0x00, 0x01, 0xF0, 0x00,
  0x00, 0x00, 0x00, 0x60, 0x00, 0x04, 0x00, 0x00, 0x00, 0x00, 0x00, 0x7F,
  0x00, 0x01, 0xFF, 0xF8, 0x00, 0x00, 0xFF, 0xFE, 0x00, 0x03, 0xFF, 0xFF,
  0xFD, 0xFF, 0xFF, 0xFE, 0x00, 0x0F, 0xFF, 0xFF, 0xF7, 0xFF, 0xFF, 0xFC,
  0x00, 0x1F, 0xFF, 0xFF, 0xCF, 0xFF, 0xFF, 0xF8, 0x00, 0x7F, 0xFF, 0xFF,
  0x8F, 0xFF, 0xFF, 0xF0, 0x01, 0xFF, 0xFF, 0xFE, 0x1F, 0xFF, 0xFF, 0xE0,
  0x03, 0xFF, 0xFF, 0xF8, 0x3F, 0xFF, 0xFF, 0xC0, 0x0F, 0xFF, 0xFF, 0xE0,
  0x3F, 0xFF, 0xFF, 0xC0, 0x1F, 0xFF, 0xFF, 0xC0, 0x7F, 0xFF, 0xFF, 0x80,
  0x7F, 0xFF, 0xFF, 0x00, 0x7F, 0xFF, 0xFF, 0x00, 0xFF, 0xFF, 0xFC, 0x00,
  0xFF, 0xFF, 0xFE, 0x03, 0xFF, 0xFF, 0xF8, 0x01, 0xFF, 0xFF, 0xFC, 0x0F,
  0xFF, 0xFF, 0xE0, 0x01, 0xFF, 0xFF, 0xFC, 0x1F, 0xFF, 0xFF, 0x80, 0x03,
  0xFF, 0xFF, 0xF8, 0x7F, 0xFF, 0xFE, 0x00, 0x03, 0xFF, 0xFF, 0xF0, 0xFF,
  0xFF, 0xFC, 0x00, 0x07, 0xFF, 0xFF, 0xE3, 0xFF, 0xFF, 0xF0, 0x00, 0x0F,
  0xFF, 0xFF, 0xCF, 0xFF, 0xFF, 0xC0, 0x00, 0x0F, 0xFF, 0xFF, 0x9F, 0xFF,
  0xFF, 0x80, 0x00, 0x1F, 0xFF, 0xFF, 0xFF, 0xFF, 0xFE, 0x00, 0x00, 0x3F,
  0xFF, 0xFF, 0xFF, 0xFF, 0xF8, 0x00, 0x00, 0x3F, 0xFF, 0xFF, 0xFF, 0xFF,
  0xE0, 0x00, 0x00, 0x7F, 0xFF, 0xFF, 0xFF, 0xFF, 0xC0, 0x00, 0x00, 0x7F,
  0xFF, 0xFF, 0xFF, 0xFF, 0x00, 0x00, 0x00, 0xFF, 0xFF, 0xFF, 0xFF, 0xFC,
  0x00, 0x00, 0x01, 0xFF, 0xFF, 0xFF, 0xFF, 0xF8, 0x00, 0x00, 0x01, 0xFF,
  0xFF, 0xFF, 0xFF, 0xE0, 0x00, 0x00, 0x03, 0xFF, 0xFF, 0xFF, 0xFF, 0x80,
  0x00, 0x00, 0x03, 0xFF, 0xFF, 0xFF, 0xFE, 0x00, 0x00, 0x00, 0x07, 0xFF,
  0xFF, 0xFF, 0xFC, 0x00, 0x00, 0x00, 0x0F, 0xFF, 0xFF, 0xFF, 0xF0, 0x00,
  0x00, 0x00, 0x0F, 0xFF, 0xFF, 0xFF, 0xC0, 0x00, 0x00, 0x00, 0x1F, 0xFF,
  0xFF, 0xFF, 0x80, 0x00, 0x00, 0x00, 0x3F, 0xFF, 0xFF, 0xFE, 0x00, 0x00,
  0x00, 0x00, 0x3F, 0xFF, 0xFF, 0xF8, 0x00, 0x00, 0x00, 0x00, 0x7F, 0xFF,
  0xFF, 0xE0, 0x00, 0x00, 0x00, 0x00, 0x7F, 0xFF, 0xFF, 0xC0, 0x00, 0x00,
  0x00, 0x00, 0xFF, 0xFF, 0xFF, 0x00, 0x00, 0x00, 0x00, 0x01, 0xFF, 0xFF,
  0xFE, 0x00, 0x00, 0x00, 0x00, 0x03, 0xFF, 0xFF, 0xFC, 0x00, 0x00, 0x00,
  0x00, 0x07, 0xFF, 0xFF, 0xF8, 0x00, 0x00, 0x00, 0x00, 0x0F, 0xFF, 0xFF,
  0xE0, 0x00, 0x00, 0x00, 0x00, 0x1F, 0xFF, 0xFF, 0xC0, 0x00, 0x00, 0x00,
  0x00, 0x3F, 0xFF, 0xFF, 0x80, 0x00, 0x00, 0x00, 0x00, 0x7F, 0xFF, 0xFF,
  0x00, 0x00, 0x00, 0x00, 0x00, 0xFF, 0xFF, 0xFE, 0x00, 0x00, 0x00, 0x00,
  0x01, 0xFF, 0xFF, 0xFC, 0x00, 0x00, 0x00, 0x00, 0x03, 0xFF, 0xFF, 0xF8,
  0x00, 0x00, 0x00, 0x00, 0x07, 0xFF, 0xFF, 0xF0, 0x00, 0x00, 0x00, 0x00,
  0x0F, 0xFF, 0xFF, 0xE0, 0x00, 0x00, 0x00, 0x00, 0x1F, 0xFF, 0xFF, 0xC0,
  0x00, 0x00, 0x00, 0x00, 0x3F, 0xFF, 0xFF, 0x80, 0x00, 0x00, 0x00, 0x00,
  0x7F, 0xFF, 0xFF, 0x00, 0x00, 0x00, 0x00, 0x00, 0xFF, 0xFF, 0xFE, 0x00,
  0x00, 0x00, 0x00, 0x01, 0xFF, 0xFF, 0xFC, 0x00, 0x00, 0x00, 0x00, 0x03,
  0xFF, 0xFF, 0xF8, 0x00, 0x00, 0x00, 0x00, 0x07, 0xFF, 0xFF, 0xF0, 0x00,
  0x00, 0x00, 0x00, 0x0F, 0xFF, 0xFF, 0xE0, 0x00, 0x00, 0x00, 0x00, 0x1F,
  0xFF, 0xFF, 0xC0, 0x00, 0x00, 0x00, 0x00, 0x3F, 0xFF, 0xFF, 0x80, 0x00,
  0x00, 0x00, 0x00, 0x7F, 0xFF, 0xFF, 0x00, 0x00, 0x00, 0x00, 0x00, 0xFF,
  0xFF, 0xFE, 0x00, 0x00, 0x00, 0x00, 0x01, 0xFF, 0xFF, 0xFC, 0x00, 0x00,
  0x00, 0x00, 0x03, 0xFF, 0xFF, 0xF8, 0x00, 0x00, 0x00, 0x00, 0x07, 0xFF,
  0xFF, 0xF0, 0x00, 0x00, 0x00, 0x00, 0x0F, 0xFF, 0xFF, 0xC0, 0x00, 0x00,
  0x00, 0x00, 0x1F, 0xFF, 0xFF, 0x80, 0x00, 0x00, 0x00, 0x00, 0x3F, 0xFF,
  0xFF, 0x00, 0x00, 0x00, 0x00, 0x7F, 0xFF, 0xFF, 0xFF, 0xFF, 0xF3, 0xFF,
  0xFF, 0xFF, 0xFF, 0xFF, 0x8F, 0xFF, 0xFF, 0xFF, 0xFF, 0xFC, 0x7F, 0xFF,
  0xFF, 0xFF, 0xFF, 0xF3, 0xFF, 0xFF, 0xFF, 0xFF, 0xFF, 0x9F, 0xFF, 0xFF,
  0xFF, 0xFF, 0xFC, 0xFF, 0xFF, 0xFF, 0xFF, 0xFF, 0xE7, 0xFF, 0xFF, 0xFF,
  0xFF, 0xFF, 0x3F, 0xFF, 0xFF, 0xFF, 0xFF, 0xF9, 0xFF, 0xFF, 0xFF, 0xFF,
  0xFF, 0xCF, 0xFF, 0xFF, 0xFF, 0xFF, 0xFE, 0x7F, 0xFF, 0xFF, 0xFF, 0xFF,
  0xF3, 0xFF, 0xFF, 0xFF, 0xFF, 0xFF, 0x9F, 0xFF, 0xFF, 0xFF, 0xFF, 0xFC,
  0xFF, 0xFF, 0xFF, 0xFF, 0xFF, 0xE7, 0xFF, 0xFF, 0xFF, 0xFF, 0xFF, 0x3F,
  0xFF, 0xFF, 0xFF, 0xFF, 0xF9, 0xFF, 0xFF, 0xFF, 0xFF, 0xFF, 0xCF, 0xFF,
  0x80, 0x3F, 0xFF, 0xFC, 0x00, 0x00, 0x03, 0xFF, 0xFF, 0xE0, 0x00, 0x00,
  0x3F, 0xFF, 0xFE, 0x00, 0x00, 0x01, 0xFF, 0xFF, 0xE0, 0x00, 0x00, 0x1F,
  0xFF, 0xFE, 0x00, 0x00, 0x01, 0xFF, 0xFF, 0xF0, 0x00, 0x00, 0x1F, 0xFF,
  0xFF, 0x00, 0x00, 0x00, 0xFF, 0xFF, 0xF0, 0x00, 0x00, 0x0F, 0xFF, 0xFF,
  0x80, 0x00, 0x00, 0xFF, 0xFF, 0xF8, 0x00, 0x00, 0x0F, 0xFF, 0xFF, 0x80,
  0x00, 0x00, 0x7F, 0xFF, 0xF8, 0x00, 0x00, 0x07, 0xFF, 0xFF, 0xC0, 0x00,
  0x00, 0x7F, 0xFF, 0xFC, 0x00, 0x00, 0x07, 0xFF, 0xFF, 0xC0, 0x00, 0x00,
  0x7F, 0xFF, 0xFC, 0x00, 0x00, 0x03, 0xFF, 0xFF, 0xE0, 0x00, 0x00, 0x3F,
  0xFF, 0xFE, 0x00, 0x00, 0x03, 0xFF, 0xFF, 0xE0, 0x00, 0x00, 0x3F, 0xFF,
  0xFE, 0x00, 0x00, 0x01, 0xFF, 0xFF, 0xF0, 0x00, 0x00, 0x1F, 0xFF, 0xFF,
  0x00, 0x00, 0x01, 0xFF, 0xFF, 0xF0, 0x00, 0x00, 0x1F, 0xFF, 0xFF, 0x00,
  0x00, 0x00, 0xFF, 0xFF, 0xF8, 0x00, 0x00, 0x0F, 0xFF, 0xFF, 0x80, 0x00,
  0x00, 0xFF, 0xFF, 0xF8, 0x00, 0x00, 0x0F, 0xFF, 0xFF, 0x80, 0x00, 0x00,
  0xFF, 0xFF, 0xFC, 0x00, 0x00, 0x07, 0xFF, 0xFF, 0xFF, 0xFF, 0xFE, 0x7F,
  0xFF, 0xFF, 0xFF, 0xFF, 0xF7, 0xFF, 0xFF, 0xFF, 0xFF, 0xFF, 0xBF, 0xFF,
  0xFF, 0xFF, 0xFF, 0xFD, 0xFF, 0xFF, 0xFF, 0xFF, 0xFF, 0xEF, 0xFF, 0xFF,
  0xFF, 0xFF, 0xFF, 0x7F, 0xFF, 0xFF, 0xFF, 0xFF, 0xFB, 0xFF, 0xFF, 0xFF,
  0xFF, 0xFF, 0xDF, 0xFF, 0xFF, 0xFF, 0xFF, 0xFE, 0xFF, 0xFF, 0xFF, 0xFF,
  0xFF, 0xF7, 0xFF, 0xFF, 0xFF, 0xFF, 0xFF, 0xBF, 0xFF, 0xFF, 0xFF, 0xFF,
  0xFC, 0xFF, 0xFF, 0xFF, 0xFF, 0xFF, 0xE7, 0xFF, 0xFF, 0xFF, 0xFF, 0xFF,
  0x3F, 0xFF, 0xFF, 0xFF, 0xFF, 0xF9, 0xFF, 0xFF, 0xFF, 0xFF, 0xFF, 0xCF,
  0xFF, 0xFF, 0xFF, 0xFF, 0xFE, 0x7F, 0xFF, 0xFF, 0xFF, 0xFF, 0xF3, 0xFF,
  0xFF, 0xFF, 0xFF, 0xFF, 0x9F, 0xFF, 0xFF, 0xFF, 0xFF, 0xFC, 0xFF, 0xFF,
  0xFF, 0xFF, 0xFE, 0x07, 0xFF, 0xE0, 0x00, 0x00, 0x00, 0x00, 0x3F, 0xFF,
  0xFF, 0xFE, 0x1F, 0xFF, 0xFF, 0xFF, 0xCF, 0xFF, 0xFF, 0xFF, 0xEF, 0xFF,
  0xFF, 0xFF, 0xF7, 0xFF, 0xFF, 0xFF, 0xFB, 0xFF, 0xFF, 0xFF, 0xFD, 0xFF,
  0xFF, 0xFF, 0xFE, 0xFF, 0xFF, 0xFF, 0xFF, 0x7F, 0xFF, 0xFF, 0xFF, 0xBF,
  0xFF, 0xFF, 0xFF, 0xDF, 0xFF, 0xFF, 0xFF, 0xCF, 0xFF, 0xFF, 0xFF, 0xE7,
  0xFF, 0xFF, 0xFF, 0xF3, 0xFF, 0xFF, 0x80, 0x01, 0xFF, 0xFF, 0xC0, 0x00,
  0xFF, 0xFF, 0xC0, 0x00, 0x7F, 0xFF, 0xE0, 0x00, 0x3F, 0xFF, 0xF0, 0x00,
  0x1F, 0xFF, 0xF8, 0x00, 0x0F, 0xFF, 0xFC, 0x00, 0x07, 0xFF, 0xFE, 0x00,
  0x03, 0xFF, 0xFF, 0x00, 0x01, 0xFF, 0xFF, 0x80, 0x00, 0xFF, 0xFF, 0xC0,
  0x00, 0x7F, 0xFF, 0xE0, 0x00, 0x3F, 0xFF, 0xF0, 0x00, 0x1F, 0xFF, 0xF8,
  0x00, 0x0F, 0xFF, 0xFC, 0x00, 0x0F, 0xFF, 0xFE, 0x00, 0x07, 0xFF, 0xFF,
  0x00, 0x03, 0xFF, 0xFF, 0x80, 0x01, 0xFF, 0xFF, 0xC0, 0x00, 0xFF, 0xFF,
  0xE0, 0x00, 0x7F, 0xFF, 0xF0, 0x00, 0x3F, 0xFF, 0xF8, 0x00, 0x1F, 0xFF,
  0xFC, 0x00, 0x0F, 0xFF, 0xFE, 0x00, 0x07, 0xFF, 0xFF, 0x00, 0x03, 0xFF,
  0xFF, 0x80, 0x01, 0xFF, 0xFF, 0xC0, 0x00, 0xFF, 0xFF, 0xE0, 0x00, 0x7F,
  0xFF, 0xF0, 0x00, 0x3F, 0xFF, 0xF8, 0x00, 0x1F, 0xFF, 0xFC, 0x00, 0x0F,
  0xFF, 0xFE, 0x00, 0x07, 0xFF, 0xFF, 0x00, 0x03, 0xFF, 0xFF, 0x80, 0x01,
  0xFF, 0xFF, 0xC0, 0x00, 0xFF, 0xFF, 0xE0, 0x00, 0x7F, 0xFF, 0xF0, 0x00,
  0x3F, 0xFF, 0xF8, 0x00, 0x1F, 0xFF, 0xFC, 0x00, 0x0F, 0xFF, 0xFE, 0x00,
  0x07, 0xFF, 0xFF, 0x00, 0x03, 0xFF, 0xFF, 0x00, 0x01, 0xFF, 0xFF, 0x80,
  0x00, 0xFF, 0xFF, 0xC0, 0x00, 0x7F, 0xFF, 0xE0, 0x00, 0x3F, 0xFF, 0xF0,
  0x00, 0x1F, 0xFF, 0xF8, 0x00, 0x0F, 0xFF, 0xFC, 0x00, 0x07, 0xFF, 0xFE,
  0x00, 0x03, 0xFF, 0xFF, 0x00, 0x01, 0xFF, 0xFF, 0x80, 0x00, 0xFF, 0xFF,
  0xC0, 0x00, 0x7F, 0xFF, 0xE0, 0x00, 0x3F, 0xFF, 0xF0, 0x00, 0x1F, 0xFF,
  0xF8, 0x00, 0x0F, 0xFF, 0xFF, 0xFF, 0xF7, 0xFF, 0xFF, 0xFF, 0xFB, 0xFF,
  0xFF, 0xFF, 0xFD, 0xFF, 0xFF, 0xFF, 0xFC, 0xFF, 0xFF, 0xFF, 0xFE, 0x7F,
  0xFF, 0xFF, 0xFF, 0x3F, 0xFF, 0xFF, 0xFF, 0x9F, 0xFF, 0xFF, 0xFF, 0xCF,
  0xFF, 0xFF, 0xFF, 0xE7, 0xFF, 0xFF, 0xFF, 0xF3, 0xFF, 0xFF, 0xFF, 0xF9,
  0xFF, 0xFF, 0xFF, 0xFC, 0xFF, 0xFF, 0xFF, 0xFE, 0x7F, 0xFF, 0xFF, 0xFF,
  0x00, 0x00, 0x00, 0x20, 0x00, 0x00, 0x00, 0x00, 0x03, 0xC0, 0x00, 0x00,
  0x00, 0x00, 0x7F, 0x00, 0x00, 0x00, 0x00, 0x07, 0xFC, 0x00, 0x00, 0x00,
  0x00, 0xFF, 0xF8, 0x00, 0x00, 0x00, 0x0F, 0xFF, 0xE0, 0x00, 0x00, 0x01,
  0xFF, 0xFF, 0x80, 0x00, 0x00, 0x1F, 0xFF, 0xFF, 0x00, 0x00, 0x00, 0xFF,
  0xFF, 0xFC, 0x00, 0x00, 0x01, 0xFF, 0xFF, 0xF0, 0x00, 0x00, 0x07, 0xFF,
  0xFF, 0xE0, 0x00, 0x00, 0x0F, 0xFF, 0xFF, 0x80, 0x00, 0x00, 0x3F, 0xFF,
  0xFE, 0x00, 0x00, 0x00, 0xFF, 0xFF, 0xFC, 0x00, 0x00, 0x01, 0xFF, 0xFF,
  0xF0, 0x00, 0x00, 0x07, 0xFF, 0xFF, 0xC0, 0x00, 0x00, 0x0F, 0xFF, 0xFF,
  0x80, 0x00, 0x00, 0x3F, 0xFF, 0xFE, 0x00, 0x00, 0x00, 0xFF, 0xFF, 0xF8,
  0x00, 0x00, 0x01, 0xFF, 0xFF, 0xF0, 0x00, 0x00, 0x07, 0xFF, 0xFF, 0xC0,
  0x00, 0x00, 0x0F, 0xFF, 0xFF, 0x00, 0x00, 0x00, 0x3F, 0xFF, 0xFE, 0x00,
  0x00, 0x00, 0xFF, 0xFF, 0xF8, 0x00, 0x00, 0x01, 0xFF, 0xFF, 0xE0, 0x00,
  0x00, 0x07, 0xFF, 0xFF, 0xC0, 0x00, 0x00, 0x0F, 0xFF, 0xFF, 0x00, 0x00,
  0x00, 0x3F, 0xFF, 0xFE, 0x00, 0x00, 0x00, 0xFF, 0xFF, 0xF8, 0x00, 0x00,
  0x01, 0xFF, 0xFF, 0xE0, 0x00, 0x00, 0x07, 0xFF, 0xFF, 0xC0, 0x00, 0x00,
  0x0F, 0xFF, 0xFF, 0x00, 0x00, 0x00, 0x3F, 0xFF, 0xFC, 0x00, 0x00, 0x00,
  0xFF, 0xFF, 0xF8, 0x00, 0x00, 0x01, 0xFF, 0xFF, 0xE0, 0x00, 0x00, 0x07,
  0xFF, 0xFF, 0xC0, 0x00, 0x00, 0x0F, 0xFF, 0xFF, 0x00, 0x00, 0x00, 0x3F,
  0xFF, 0xFC, 0x00, 0x00, 0x00, 0x7F, 0xFF, 0xF8, 0x00, 0x00, 0x01, 0xFF,
  0xFF, 0xE0, 0x00, 0x00, 0x07, 0xFF, 0xFF, 0x80, 0x00, 0x00, 0x0F, 0xFF,
  0xFF, 0x00, 0x00, 0x00, 0x3F, 0xFF, 0xFC, 0x00, 0x00, 0x00, 0x7F, 0xFF,
  0xF8, 0x00, 0x00, 0x01, 0xFF, 0xFF, 0xE0, 0x00, 0x00, 0x03, 0xFF, 0xFF,
  0x80, 0x00, 0x00, 0x0F, 0xFF, 0xFF, 0x00, 0x00, 0x00, 0x3F, 0xFF, 0xFC,
  0x00, 0x00, 0x00, 0x7F, 0xFF, 0xF8, 0x00, 0x00, 0x01, 0xFF, 0xFF, 0xE0,
  0x00, 0x00, 0x03, 0xFF, 0xFF, 0x80, 0x00, 0x00, 0x0F, 0xFF, 0xFF, 0x00,
  0x00, 0x00, 0x1F, 0xFF, 0xFC, 0x00, 0x00, 0x00, 0x7F, 0xFF, 0xF8, 0x00,
  0x00, 0x00, 0xFF, 0xFF, 0xE0, 0x00, 0x00, 0x03, 0xFF, 0xFF, 0xC0, 0x00,
  0x00, 0x07, 0xFF, 0xFF, 0x00, 0x00, 0x00, 0x1F, 0xFF, 0xFC, 0x00, 0x00,
  0x00, 0x7F, 0xFF, 0xF8, 0x00, 0x00, 0x00, 0xFF, 0xFF, 0xE0, 0x00, 0x00,
  0x03, 0xFF, 0xFF, 0xC0, 0x00, 0x00, 0x07, 0xFF, 0xFF, 0x00, 0x00, 0x00,
  0x1F, 0xFF, 0xFE, 0x00, 0x00, 0x00, 0x3F, 0xFF, 0xF8, 0x00, 0x00, 0x00,
  0xFF, 0xFF, 0xF0, 0x00, 0x00, 0x01, 0xFF, 0xFF, 0xC0, 0x00, 0x00, 0x07,
  0xFF, 0xFF, 0x00, 0x00, 0x00, 0x0F, 0xFF, 0xFE, 0x00, 0x00, 0x00, 0x3F,
  0xFF, 0xFC, 0x00, 0x00, 0x00, 0x7F, 0xFF, 0xE0, 0x00, 0x00, 0x01, 0xFF,
  0xFC, 0x00, 0x00, 0x00, 0x03, 0xFF, 0xC0, 0x00, 0x00, 0x00, 0x07, 0xFC,
  0x00, 0x00, 0x00, 0x00, 0x1F, 0x80, 0x00, 0x00, 0x00, 0x00, 0x38, 0x00,
  0x00, 0x00, 0x00, 0x00, 0x80, 0x00, 0x7F, 0xF8, 0x03, 0xFF, 0xBF, 0xFF,
  0xFF, 0xFF, 0xDF, 0xFF, 0xFF, 0xFF, 0xEF, 0xFF, 0xFF, 0xFF, 0xF7, 0xFF,
  0xFF, 0xFF, 0xFB, 0xFF, 0xFF, 0xFF, 0xFD, 0xFF, 0xFF, 0xFF, 0xFE, 0xFF,
  0xFF, 0xFF, 0xFF, 0x7F, 0xFF, 0xFF, 0xFF, 0xBF, 0xFF, 0xFF, 0xFF, 0xDF,
  0xFF, 0xFF, 0xFF, 0xEF, 0xFF, 0xFF, 0xFF, 0xF7, 0xFF, 0xFF, 0xFF, 0xFB,
  0xFF, 0xFF, 0xFF, 0xFC, 0x00, 0x07, 0xFF, 0xFE, 0x00, 0x03, 0xFF, 0xFF,
  0x00, 0x01, 0xFF, 0xFF, 0x80, 0x00, 0xFF, 0xFF, 0xC0, 0x00, 0x7F, 0xFF,
  0xE0, 0x00, 0x3F, 0xFF, 0xF0, 0x00, 0x1F, 0xFF, 0xF8, 0x00, 0x0F, 0xFF,
  0xFC, 0x00, 0x0F, 0xFF, 0xFE, 0x00, 0x07, 0xFF, 0xFF, 0x00, 0x03, 0xFF,
  0xFF, 0x80, 0x01, 0xFF, 0xFF, 0xC0, 0x00, 0xFF, 0xFF, 0xE0, 0x00, 0x7F,
  0xFF, 0xF0, 0x00, 0x3F, 0xFF, 0xF8, 0x00, 0x1F, 0xFF, 0xFC, 0x00, 0x0F,
  0xFF, 0xFE, 0x00, 0x07, 0xFF, 0xFF, 0x00, 0x03, 0xFF, 0xFF, 0x80, 0x01,
  0xFF, 0xFF, 0xC0, 0x00, 0xFF, 0xFF, 0xE0, 0x00, 0x7F, 0xFF, 0xF0, 0x00,
  0x3F, 0xFF, 0xF8, 0x00, 0x1F, 0xFF, 0xFC, 0x00, 0x0F, 0xFF, 0xFE, 0x00,
  0x07, 0xFF, 0xFF, 0x00, 0x03, 0xFF, 0xFF, 0x80, 0x01, 0xFF, 0xFF, 0xC0,
  0x00, 0xFF, 0xFF, 0xE0, 0x00, 0x7F, 0xFF, 0xF0, 0x00, 0x3F, 0xFF, 0xF8,
  0x00, 0x1F, 0xFF, 0xFC, 0x00, 0x0F, 0xFF, 0xFE, 0x00, 0x07, 0xFF, 0xFF,
  0x00, 0x03, 0xFF, 0xFF, 0x00, 0x01, 0xFF, 0xFF, 0x80, 0x00, 0xFF, 0xFF,
  0xC0, 0x00, 0x7F, 0xFF, 0xE0, 0x00, 0x3F, 0xFF, 0xF0, 0x00, 0x1F, 0xFF,
  0xF8, 0x00, 0x0F, 0xFF, 0xFC, 0x00, 0x07, 0xFF, 0xFE, 0x00, 0x03, 0xFF,
  0xFF, 0x00, 0x01, 0xFF, 0xFF, 0x80, 0x01, 0xFF, 0xFF, 0xC0, 0x00, 0xFF,
  0xFF, 0xE0, 0x00, 0x7F, 0xFF, 0xF0, 0x00, 0x3F, 0xFF, 0xF8, 0x00, 0x1F,
  0xFF, 0xFC, 0x00, 0x0F, 0xFF, 0xFE, 0x00, 0x07, 0xFF, 0xFF, 0x00, 0x03,
  0xFF, 0xFF, 0x80, 0x01, 0xFF, 0xFF, 0xC0, 0x00, 0xFF, 0xFF, 0xE0, 0x00,
  0x7F, 0xFF, 0xF7, 0xFF, 0xFF, 0xFF, 0xFB, 0xFF, 0xFF, 0xFF, 0xFD, 0xFF,
  0xFF, 0xFF, 0xFE, 0xFF, 0xFF, 0xFF, 0xFF, 0x7F, 0xFF, 0xFF, 0xFF, 0xBF,
  0xFF, 0xFF, 0xFF, 0x9F, 0xFF, 0xFF, 0xFF, 0xCF, 0xFF, 0xFF, 0xFF, 0xE7,
  0xFF, 0xFF, 0xFF, 0xF3, 0xFF, 0xFF, 0xFF, 0xF9, 0xFF, 0xFF, 0xFF, 0xFC,
  0xFF, 0xFF, 0xFF, 0xFE, 0x7F, 0xFF, 0xFF, 0xFF, 0x00, 0x00, 0x01, 0xFF,
  0xFF, 0xC0, 0x00, 0x00, 0x01, 0xFF, 0xFF, 0xC0, 0x00, 0x00, 0x03, 0xFF,
  0xFF, 0xC0, 0x00, 0x00, 0x03, 0xFF, 0xFF, 0xE0, 0x00, 0x00, 0x07, 0xFF,
  0xFF, 0xE0, 0x00, 0x00, 0x07, 0xFF, 0xFF, 0xF0, 0x00, 0x00, 0x0F, 0xFF,
  0xFF, 0xF0, 0x00, 0x00, 0x0F, 0xFF, 0xFF, 0xF8, 0x00, 0x00, 0x1F, 0xFF,
  0xFF, 0xF8, 0x00, 0x00, 0x1F, 0xFF, 0xFF, 0xF8, 0x00, 0x00, 0x3F, 0xFF,
  0xFF, 0xFC, 0x00, 0x00, 0x3F, 0xFF, 0xFF, 0xFC, 0x00, 0x00, 0x7F, 0xFF,
  0xFF, 0xFE, 0x00, 0x00, 0x7F, 0xFF, 0xFF, 0xFE, 0x00, 0x00, 0xFF, 0xFF,
  0xFF, 0xFF, 0x00, 0x00, 0xFF, 0xFF, 0xFF, 0xFF, 0x00, 0x01, 0xFF, 0xFF,
  0xFF, 0xFF, 0x00, 0x01, 0xFF, 0xFF, 0xFF, 0xFF, 0x80, 0x03, 0xFF, 0xFF,
  0xFF, 0xFF, 0x80, 0x03, 0xFF, 0xFF, 0xFF, 0xFF, 0xC0, 0x07, 0xFF, 0xFF,
  0x7F, 0xFF, 0xC0, 0x07, 0xFF, 0xFE, 0x7F, 0xFF, 0xC0, 0x0F, 0xFF, 0xFE,
  0x7F, 0xFF, 0xE0, 0x0F, 0xFF, 0xFC, 0x3F, 0xFF, 0xE0, 0x0F, 0xFF, 0xFC,
  0x3F, 0xFF, 0xF0, 0x1F, 0xFF, 0xFC, 0x3F, 0xFF, 0xF0, 0x1F, 0xFF, 0xF8,
  0x3F, 0xFF, 0xF0, 0x3F, 0xFF, 0xF8, 0x1F, 0xFF, 0xF8, 0x3F, 0xFF, 0xF8,
  0x1F, 0xFF, 0xF8, 0x7F, 0xFF, 0xF0, 0x1F, 0xFF, 0xFC, 0x7F, 0xFF, 0xF0,
  0x0F, 0xFF, 0xFC, 0xFF, 0xFF, 0xF0, 0x0F, 0xFF, 0xFC, 0xFF, 0xFF, 0xE0,
  0x0F, 0xFF, 0xFE, 0x0F, 0xFF, 0xE0, 0x0F, 0xFF, 0xFE, 0x00, 0x7F, 0xE0,
  0x07, 0xFF, 0xFF, 0x00, 0x07, 0xC0, 0x07, 0xFF, 0xE0, 0x00, 0x00, 0x40,
  0x07, 0xFC, 0x00, 0x00, 0x00, 0x00, 0x03, 0x80, 0x00, 0x00, 0x00, 0x00,
  0x02, 0x00, 0x7F, 0xFF, 0xFF, 0xFF, 0xFF, 0xFF, 0xFF, 0xFF, 0xFF, 0xFF,
  0xFF, 0xFF, 0xFF, 0xFF, 0xFF, 0xFF, 0xFF, 0xFF, 0xFF, 0xFF, 0xFF, 0xFF,
  0xFF, 0xFF, 0xFF, 0xFF, 0xFF, 0xFF, 0xFF, 0xFF, 0xFF, 0xFF, 0xFF, 0xFF,
  0xFF, 0xFF, 0xFF, 0xFF, 0xFF, 0xFF, 0xFF, 0xFF, 0xFF, 0xFF, 0xFF, 0xFF,
  0xFF, 0xFF, 0xFF, 0xFF, 0xFF, 0xFF, 0xFF, 0xFF, 0xFF, 0xFF, 0xFF, 0x00,
  0x1F, 0xFF, 0xFE, 0x00, 0x40, 0x00, 0x00, 0x06, 0x00, 0x00, 0x00, 0xF0,
  0x00, 0x00, 0x1F, 0x80, 0x00, 0x03, 0xFC, 0x00, 0x00, 0x7F, 0xE0, 0x00,
  0x0F, 0xFF, 0x00, 0x01, 0xFF, 0xF8, 0x00, 0x1F, 0xFF, 0xC0, 0x03, 0xFF,
  0xFE, 0x00, 0x7F, 0xFF, 0xF0, 0x0F, 0xFF, 0xFF, 0x80, 0x3F, 0xFF, 0xFC,
  0x01, 0xFF, 0xFF, 0xE0, 0x07, 0xFF, 0xFF, 0x00, 0x3F, 0xFF, 0xF8, 0x00,
  0xFF, 0xFF, 0xC0, 0x03, 0xFF, 0xFC, 0x00, 0x1F, 0xFF, 0xE0, 0x00, 0x7F,
  0xFF, 0x00, 0x03, 0xFF, 0xC0, 0x00, 0x0F, 0xF8, 0x00, 0x00, 0x7F, 0x00,
  0x00, 0x03, 0xE0, 0x00, 0x00, 0x0C, 0x00, 0x00, 0x00, 0x40, 0x00, 0x00,
  0x00, 0x00, 0x00, 0x04, 0x00, 0x00, 0x00, 0x00, 0x00, 0x1F, 0xFF, 0xFE,
  0x00, 0x00, 0x00, 0x00, 0x07, 0xFF, 0xFF, 0xFF, 0x80, 0x00, 0x00, 0x00,
  0x03, 0xFF, 0xFF, 0xFF, 0xC0, 0x00, 0x00, 0x00, 0x01, 0xFF, 0xFF, 0xFF,
  0xE0, 0x00, 0x00, 0x00, 0x01, 0xFF, 0xFF, 0xFF, 0xF8, 0x00, 0x00, 0x00,
  0x00, 0xFF, 0xFF, 0xFF, 0xFC, 0x00, 0x00, 0x00, 0x00, 0x7F, 0xFF, 0xFF,
  0xFE, 0x00, 0x00, 0x00, 0x00, 0x3F, 0xFF, 0xFF, 0xFF, 0x00, 0x00, 0x00,
  0x00, 0x3F, 0xFF, 0xFF, 0xFF, 0xC0, 0x00, 0x00, 0x00, 0x1F, 0xFF, 0xFF,
  0xFF, 0xE0, 0x00, 0x00, 0x00, 0x0F, 0xFF, 0xFF, 0xFF, 0xF0, 0x00, 0x00,
  0x00, 0x0F, 0xFF, 0xFF, 0xFF, 0xFC, 0x00, 0x00, 0x00, 0x07, 0xFF, 0xFF,
  0xFF, 0xFE, 0x00, 0x00, 0x00, 0x03, 0xFF, 0xFF, 0xFF, 0xFF, 0x00, 0x00,
  0x00, 0x03, 0xFF, 0xFF, 0xFF, 0xFF, 0x80, 0x00, 0x00, 0x01, 0xFF, 0xFF,
  0xFF, 0xFF, 0xE0, 0x00, 0x00, 0x00, 0xFF, 0xFF, 0xFF, 0xFF, 0xF0, 0x00,
  0x00, 0x00, 0x7F, 0xFF, 0xFF, 0xFF, 0xF8, 0x00, 0x00, 0x00, 0x7F, 0xFF,
  0xFF, 0xFF, 0xFE, 0x00, 0x00, 0x00, 0x3F, 0xFF, 0xFF, 0xFF, 0xFF, 0x00,
  0x00, 0x00, 0x1F, 0xFF, 0xFF, 0xFF, 0xFF, 0x80, 0x00, 0x00, 0x1F, 0xFF,
  0xFF, 0xFF, 0xFF, 0xE0, 0x00, 0x00, 0x0F, 0xFF, 0xFF, 0xFF, 0xFF, 0xF0,
  0x00, 0x00, 0x07, 0xFF, 0xFF, 0xFF, 0xFF, 0xF8, 0x00, 0x00, 0x07, 0xFF,
  0xFF, 0xFF, 0xFF, 0xFC, 0x00, 0x00, 0x03, 0xFF, 0xFF, 0xFF, 0xFF, 0xFF,
  0x00, 0x00, 0x01, 0xFF, 0xFF, 0xEF, 0xFF, 0xFF, 0x80, 0x00, 0x00, 0xFF,
  0xFF, 0xF7, 0xFF, 0xFF, 0xC0, 0x00, 0x00, 0xFF, 0xFF, 0xF9, 0xFF, 0xFF,
  0xF0, 0x00, 0x00, 0x7F, 0xFF, 0xFC, 0xFF, 0xFF, 0xF8, 0x00, 0x00, 0x3F,
  0xFF, 0xFE, 0x7F, 0xFF, 0xFC, 0x00, 0x00, 0x3F, 0xFF, 0xFE, 0x3F, 0xFF,
  0xFE, 0x00, 0x00, 0x1F, 0xFF, 0xFF, 0x1F, 0xFF, 0xFF, 0x80, 0x00, 0x0F,
  0xFF, 0xFF, 0x87, 0xFF, 0xFF, 0xC0, 0x00, 0x0F, 0xFF, 0xFF, 0xC3, 0xFF,
  0xFF, 0xE0, 0x00, 0x07, 0xFF, 0xFF, 0xE1, 0xFF, 0xFF, 0xF8, 0x00, 0x03,
  0xFF, 0xFF, 0xE0, 0xFF, 0xFF, 0xFC, 0x00, 0x01, 0xFF, 0xFF, 0xF0, 0x3F,
  0xFF, 0xFE, 0x00, 0x01, 0xFF, 0xFF, 0xF8, 0x1F, 0xFF, 0xFF, 0x00, 0x00,
  0xFF, 0xFF, 0xFC, 0x0F, 0xFF, 0xFF, 0xC0, 0x00, 0x7F, 0xFF, 0xFE, 0x07,
  0xFF, 0xFF, 0xE0, 0x00, 0x7F, 0xFF, 0xFF, 0xFF, 0xFF, 0xFF, 0xF0, 0x00,
  0x3F, 0xFF, 0xFF, 0xFF, 0xFF, 0xFF, 0xFC, 0x00, 0x1F, 0xFF, 0xFF, 0xFF,
  0xFF, 0xFF, 0xFE, 0x00, 0x1F, 0xFF, 0xFF, 0xFF, 0xFF, 0xFF, 0xFF, 0x00,
  0x0F, 0xFF, 0xFF, 0xFF, 0xFF, 0xFF, 0xFF, 0x80, 0x07, 0xFF, 0xFF, 0xFF,
  0xFF, 0xFF, 0xFF, 0xE0, 0x03, 0xFF, 0xFF, 0xFF, 0xFF, 0xFF, 0xFF, 0xF0,
  0x03, 0xFF, 0xFF, 0xFF, 0xFF, 0xFF, 0xFF, 0xF8, 0x01, 0xFF, 0xFF, 0xFF,
  0xFF, 0xFF, 0xFF, 0xFE, 0x00, 0xFF, 0xFF, 0xFF, 0xFF, 0xFF, 0xFF, 0xFF,
  0x00, 0xFF, 0xFF, 0xFF, 0xFF, 0xFF, 0xFF, 0xFF, 0x80, 0x7F, 0xFF, 0xFF,
  0xFF, 0xFF, 0xFF, 0xFF, 0xC0, 0x3F, 0xFF, 0xFF, 0xFF, 0xFF, 0xFF, 0xFF,
  0xF0, 0x3F, 0xFF, 0xFF, 0xFF, 0xFF, 0xFF, 0xFF, 0xF8, 0x1F, 0xFF, 0xFF,
  0xFF, 0xFF, 0xFF, 0xFF, 0xFC, 0x0F, 0xFF, 0xFF, 0xF0, 0x01, 0xFF, 0xFF,
  0xFF, 0x07, 0xFF, 0xFF, 0xF8, 0x00, 0x7F, 0xFF, 0xFF, 0x87, 0xFF, 0xFF,
  0xFC, 0x00, 0x3F, 0xFF, 0xFF, 0xC3, 0xFF, 0xFF, 0xFE, 0x00, 0x1F, 0xFF,
  0xFF, 0xF1, 0xFF, 0xFF, 0xFE, 0x00, 0x0F, 0xFF, 0xFF, 0xF9, 0xFF, 0xFF,
  0xFF, 0x00, 0x03, 0xFF, 0xFF, 0xFC, 0xFF, 0xFF, 0xFF, 0x80, 0x01, 0xFF,
  0xFF, 0xFE, 0x7F, 0xFF, 0xFF, 0xC0, 0x00, 0xFF, 0xFF, 0xFF, 0xFF, 0xFF,
  0xFF, 0xC0, 0x00, 0x7F, 0xFF, 0xF8, 0x00, 0x0F, 0xFF, 0xE0, 0x00, 0x1F,
  0xFC, 0x00, 0x00, 0x00, 0x01, 0xF0, 0x00, 0x0F, 0x00, 0x00, 0x00, 0x00,
  0x00, 0x3F, 0xF8, 0x00, 0x00, 0x00, 0x00, 0x3F, 0xFF, 0xFF, 0xC0, 0x00,
  0x00, 0x07, 0xFF, 0xFF, 0xFF, 0xF0, 0x00, 0x00, 0xFF, 0xFF, 0xFF, 0xFF,
  0xFC, 0x00, 0x07, 0xFF, 0xFF, 0xFF, 0xFF, 0xFE, 0x00, 0x1F, 0xFF, 0xFF,
  0xFF, 0xFF, 0xFE, 0x00, 0x3F, 0xFF, 0xFF, 0xFF, 0xFF, 0xFF, 0x00, 0x7F,
  0xFF, 0xFF, 0xFF, 0xFF, 0xFF, 0x00, 0xFF, 0xFF, 0xFF, 0xFF, 0xFF, 0xFF,
  0x01, 0xFF, 0xFF, 0xFF, 0xFF, 0xFF, 0xFF, 0x03, 0xFF, 0xFF, 0xFF, 0xFF,
  0xFF, 0xFE, 0x07, 0xFF, 0xFF, 0xFF, 0xFF, 0xFF, 0xFE, 0x0F, 0xFF, 0xFF,
  0xFF, 0xFF, 0xFF, 0xFE, 0x1F, 0xFF, 0xFF, 0xFF, 0xFF, 0xFF, 0xFC, 0x3F,
  0xFF, 0xFF, 0xFF, 0xFF, 0xFF, 0xF8, 0x7F, 0xFF, 0xFF, 0xFF, 0xFF, 0xFF,
  0xF8, 0xFF, 0xFF, 0xFF, 0xFF, 0xFF, 0xFF, 0xF1, 0xFF, 0xFF, 0xFF, 0xFF,
  0xFF, 0xFF, 0xE3, 0xFF, 0xFF, 0xFF, 0xFF, 0xFF, 0xFF, 0xC7, 0xFF, 0xFF,
  0xFF, 0xFF, 0xFF, 0xFF, 0x8F, 0xFF, 0xFF, 0xFF, 0xFF, 0xFF, 0xFF, 0x1F,
  0xFF, 0xFF, 0x81, 0xFF, 0xFF, 0xFE, 0x3F, 0xFF, 0xFF, 0x00, 0xFF, 0xFF,
  0xFC, 0x7F, 0xFF, 0xFE, 0x01, 0xFF, 0xFF, 0xF8, 0xFF, 0xFF, 0xFC, 0x01,
  0xFF, 0xFF, 0xF1, 0xFF, 0xFF, 0xF8, 0x03, 0xFF, 0xFF, 0xE3, 0xFF, 0xFF,
  0xF0, 0x07, 0xFF, 0xFF, 0xC7, 0xFF, 0xFF, 0xC0, 0x0F, 0xFF, 0xFF, 0x0F,
  0xFF, 0xFF, 0x80, 0x3F, 0xFF, 0xFE, 0x1F, 0xFF, 0xFF, 0x00, 0xFF, 0xFF,
  0xF8, 0x3F, 0xFF, 0xFE, 0x03, 0xFF, 0xFF, 0xF0, 0x7F, 0xFF, 0xFC, 0x1F,
  0xFF, 0xFF, 0xC0, 0xFF, 0xFF, 0xFF, 0xFF, 0xFF, 0xFF, 0x01, 0xFF, 0xFF,
  0xFF, 0xFF, 0xFF, 0xF8, 0x03, 0xFF, 0xFF, 0xFF, 0xFF, 0xFF, 0xE0, 0x07,
  0xFF, 0xFF, 0xFF, 0xFF, 0xFE, 0x00, 0x0F, 0xFF, 0xFF, 0xFF, 0xFF, 0xFF,
  0x00, 0x1F, 0xFF, 0xFF, 0xFF, 0xFF, 0xFF, 0x80, 0x3F, 0xFF, 0xFF, 0xFF,
  0xFF, 0xFF, 0xC0, 0x7F, 0xFF, 0xFF, 0xFF, 0xFF, 0xFF, 0xC0, 0xFF, 0xFF,
  0xFF, 0xFF, 0xFF, 0xFF, 0xC1, 0xFF, 0xFF, 0xF8, 0x7F, 0xFF, 0xFF, 0xC3,
  0xFF, 0xFF, 0xE0, 0x1F, 0xFF, 0xFF, 0xC7, 0xFF, 0xFF, 0xC0, 0x1F, 0xFF,
  0xFF, 0xCF, 0xFF, 0xFF, 0x80, 0x3F, 0xFF, 0xFF, 0x9F, 0xFF, 0xFF, 0x00,
  0x3F, 0xFF, 0xFF, 0xBF, 0xFF, 0xFE, 0x00, 0x7F, 0xFF, 0xFF, 0x7F, 0xFF,
  0xFC, 0x00, 0xFF, 0xFF, 0xFE, 0xFF, 0xFF, 0xF8, 0x01, 0xFF, 0xFF, 0xFF,
  0xFF, 0xFF, 0xF0, 0x07, 0xFF, 0xFF, 0xFF, 0xFF, 0xFF, 0xE0, 0x0F, 0xFF,
  0xFF, 0xFF, 0xFF, 0xFF, 0xC0, 0x3F, 0xFF, 0xFF, 0xFF, 0xFF, 0xFF, 0x81,
  0xFF, 0xFF, 0xFF, 0xFF, 0xFF, 0xFF, 0xFF, 0xFF, 0xFF, 0xFF, 0xFF, 0xFF,
  0xFF, 0xFF, 0xFF, 0xFF, 0xFF, 0xFF, 0xFF, 0xFF, 0xFF, 0xFF, 0xFF, 0xFF,
  0xFF, 0xFF, 0xFF, 0xFF, 0xFF, 0xFF, 0xFF, 0xFF, 0xFF, 0xFF, 0xFF, 0xFF,
  0xFF, 0xFF, 0xFF, 0xFF, 0xFF, 0xFF, 0xFF, 0xFF, 0xF7, 0xFF, 0xFF, 0xFF,
  0xFF, 0xFF, 0xFF, 0xEF, 0xFF, 0xFF, 0xFF, 0xFF, 0xFF, 0xFF, 0x9F, 0xFF,
  0xFF, 0xFF, 0xFF, 0xFF, 0xFF, 0x3F, 0xFF, 0xFF, 0xFF, 0xFF, 0xFF, 0xFC,
  0x7F, 0xFF, 0xFF, 0xFF, 0xFF, 0xFF, 0xF0, 0xFF, 0xFF, 0xFF, 0xFF, 0xFF,
  0xFF, 0xC1, 0xFF, 0xFF, 0xFF, 0xFF, 0xFF, 0xFF, 0x03, 0xFF, 0xFF, 0xFF,
  0xFF, 0xFF, 0xF8, 0x01, 0xFF, 0xFF, 0xFF, 0xFF, 0xFF, 0xC0, 0x00, 0xFF,
  0xFF, 0xFF, 0xFF, 0xFE, 0x00, 0x00, 0x1F, 0xFF, 0xFF, 0xFF, 0xC0, 0x00,
  0x00, 0x01, 0xFF, 0xFF, 0xF0, 0x00, 0x00, 0x00, 0x00, 0x00, 0x00, 0x0F,
  0xFE, 0x00, 0x00, 0x00, 0x01, 0xFF, 0xFF, 0xF0, 0x00, 0x00, 0x0F, 0xFF,
  0xFF, 0xFE, 0x00, 0x00, 0x3F, 0xFF, 0xFF, 0xFE, 0x00, 0x00, 0xFF, 0xFF,
  0xFF, 0xFE, 0x00, 0x01, 0xFF, 0xFF, 0xFF, 0xFE, 0x00, 0x07, 0xFF, 0xFF,
  0xFF, 0xFE, 0x00, 0x0F, 0xFF, 0xFF, 0xFF, 0xFE, 0x00, 0x1F, 0xFF, 0xFF,
  0xFF, 0xFE, 0x00, 0x3F, 0xFF, 0xFF, 0xFF, 0xFE, 0x00, 0x7F, 0xFF, 0xFF,
  0xFF, 0xFC, 0x00, 0xFF, 0xFF, 0xFF, 0xFF, 0xFC, 0x01, 0xFF, 0xFF, 0xFF,
  0xFF, 0xFC, 0x03, 0xFF, 0xFF, 0xFF, 0xFF, 0xFC, 0x03, 0xFF, 0xFF, 0xFF,
  0xFF, 0xFC, 0x07, 0xFF, 0xFF, 0xFF, 0xFF, 0xFC, 0x07, 0xFF, 0xFF, 0xFF,
  0xFF, 0xFC, 0x0F, 0xFF, 0xFF, 0xFF, 0xFF, 0xFC, 0x0F, 0xFF, 0xFF, 0xFF,
  0xFF, 0xFC, 0x1F, 0xFF, 0xFF, 0xFF, 0xFF, 0xFC, 0x1F, 0xFF, 0xFF, 0xFF,
  0xFF, 0xFC, 0x3F, 0xFF, 0xFF, 0xFF, 0xFF, 0xFC, 0x3F, 0xFF, 0xFF, 0xFF,
  0xF0, 0x08, 0x3F, 0xFF, 0xFF, 0xFF, 0x00, 0x00, 0x7F, 0xFF, 0xFF, 0xFC,
  0x00, 0x00, 0x7F, 0xFF, 0xFF, 0xF0, 0x00, 0x00, 0x7F, 0xFF, 0xFF, 0xE0,
  0x00, 0x00, 0x7F, 0xFF, 0xFF, 0xC0, 0x00, 0x00, 0xFF, 0xFF, 0xFF, 0x80,
  0x00, 0x00, 0xFF, 0xFF, 0xFF, 0x80, 0x00, 0x00, 0xFF, 0xFF, 0xFF, 0x00,
  0x00, 0x00, 0xFF, 0xFF, 0xFF, 0x00, 0x00, 0x00, 0xFF, 0xFF, 0xFE, 0x00,
  0x00, 0x00, 0xFF, 0xFF, 0xFE, 0x00, 0x00, 0x00, 0xFF, 0xFF, 0xFE, 0x00,
  0x00, 0x00, 0xFF, 0xFF, 0xFE, 0x00, 0x00, 0x00, 0xFF, 0xFF, 0xFE, 0x00,
  0x00, 0x00, 0xFF, 0xFF, 0xFE, 0x00, 0x00, 0x00, 0xFF, 0xFF, 0xFE, 0x00,
  0x00, 0x00, 0xFF, 0xFF, 0xFE, 0x00, 0x00, 0x00, 0xFF, 0xFF, 0xFE, 0x00,
  0x00, 0x00, 0xFF, 0xFF, 0xFF, 0x00, 0x00, 0x00, 0xFF, 0xFF, 0xFF, 0x00,
  0x00, 0x00, 0xFF, 0xFF, 0xFF, 0x80, 0x00, 0x01, 0xFF, 0xFF, 0xFF, 0xC0,
  0x00, 0x07, 0x7F, 0xFF, 0xFF, 0xE0, 0x00, 0x3F, 0x7F, 0xFF, 0xFF, 0xF8,
  0x01, 0xFF, 0x7F, 0xFF, 0xFF, 0xFF, 0xFF, 0xFF, 0x7F, 0xFF, 0xFF, 0xFF,
  0xFF, 0xFF, 0x3F, 0xFF, 0xFF, 0xFF, 0xFF, 0xFF, 0x3F, 0xFF, 0xFF, 0xFF,
  0xFF, 0xFF, 0x1F, 0xFF, 0xFF, 0xFF, 0xFF, 0xFF, 0x1F, 0xFF, 0xFF, 0xFF,
  0xFF, 0xFF, 0x0F, 0xFF, 0xFF, 0xFF, 0xFF, 0xFF, 0x0F, 0xFF, 0xFF, 0xFF,
  0xFF, 0xFF, 0x07, 0xFF, 0xFF, 0xFF, 0xFF, 0xFF, 0x07, 0xFF, 0xFF, 0xFF,
  0xFF, 0xFF, 0x03, 0xFF, 0xFF, 0xFF, 0xFF, 0xFF, 0x01, 0xFF, 0xFF, 0xFF,
  0xFF, 0xFF, 0x00, 0xFF, 0xFF, 0xFF, 0xFF, 0xFF, 0x00, 0x7F, 0xFF, 0xFF,
  0xFF, 0xFF, 0x00, 0x3F, 0xFF, 0xFF, 0xFF, 0xFF, 0x00, 0x1F, 0xFF, 0xFF,
  0xFF, 0xFE, 0x00, 0x0F, 0xFF, 0xFF, 0xFF, 0xFE, 0x00, 0x03, 0xFF, 0xFF,
  0xFF, 0xFE, 0x00, 0x01, 0xFF, 0xFF, 0xFF, 0xFE, 0x00, 0x00, 0x7F, 0xFF,
  0xFF, 0xF0, 0x00, 0x00, 0x0F, 0xFF, 0xFF, 0x80, 0x00, 0x00, 0x01, 0xFF,
  0xF8, 0x00, 0x00, 0x0F, 0xFF, 0xFE, 0x00, 0x00, 0x00, 0x03, 0xFF, 0xFF,
  0xFF, 0xC0, 0x00, 0x00, 0x7F, 0xFF, 0xFF, 0xFF, 0xF0, 0x00, 0x03, 0xFF,
  0xFF, 0xFF, 0xFF, 0xF8, 0x00, 0x07, 0xFF, 0xFF, 0xFF, 0xFF, 0xFC, 0x00,
  0x0F, 0xFF, 0xFF, 0xFF, 0xFF, 0xFE, 0x00, 0x1F, 0xFF, 0xFF, 0xFF, 0xFF,
  0xFE, 0x00, 0x3F, 0xFF, 0xFF, 0xFF, 0xFF, 0xFE, 0x00, 0x7F, 0xFF, 0xFF,
  0xFF, 0xFF, 0xFE, 0x00, 0xFF, 0xFF, 0xFF, 0xFF, 0xFF, 0xFE, 0x01, 0xFF,
  0xFF, 0xFF, 0xFF, 0xFF, 0xFE, 0x03, 0xFF, 0xFF, 0xFF, 0xFF, 0xFF, 0xFE,
  0x07, 0xFF, 0xFF, 0xFF, 0xFF, 0xFF, 0xFC, 0x0F, 0xFF, 0xFF, 0xFF, 0xFF,
  0xFF, 0xFC, 0x1F, 0xFF, 0xFF, 0xFF, 0xFF, 0xFF, 0xF8, 0x3F, 0xFF, 0xFF,
  0xFF, 0xFF, 0xFF, 0xF8, 0x7F, 0xFF, 0xFF, 0xFF, 0xFF, 0xFF, 0xF0, 0xFF,
  0xFF, 0xFF, 0xFF, 0xFF, 0xFF, 0xF1, 0xFF, 0xFF, 0xFF, 0xFF, 0xFF, 0xFF,
  0xE3, 0xFF, 0xFF, 0xFF, 0xFF, 0xFF, 0xFF, 0xC7, 0xFF, 0xFF, 0xF0, 0x7F,
  0xFF, 0xFF, 0xCF, 0xFF, 0xFF, 0xE0, 0x7F, 0xFF, 0xFF, 0x9F, 0xFF, 0xFF,
  0xC0, 0x3F, 0xFF, 0xFF, 0x3F, 0xFF, 0xFF, 0x80, 0x3F, 0xFF, 0xFE, 0x7F,
  0xFF, 0xFF, 0x00, 0x7F, 0xFF, 0xFC, 0xFF, 0xFF, 0xFE, 0x00, 0x7F, 0xFF,
  0xFD, 0xFF, 0xFF, 0xFC, 0x00, 0xFF, 0xFF, 0xFB, 0xFF, 0xFF, 0xF8, 0x01,
  0xFF, 0xFF, 0xF7, 0xFF, 0xFF, 0xE0, 0x01, 0xFF, 0xFF, 0xEF, 0xFF, 0xFF,
  0xC0, 0x03, 0xFF, 0xFF, 0xDF, 0xFF, 0xFF, 0x80, 0x07, 0xFF, 0xFF, 0xBF,
  0xFF, 0xFF, 0x00, 0x0F, 0xFF, 0xFF, 0x7F, 0xFF, 0xFE, 0x00, 0x1F, 0xFF,
  0xFE, 0xFF, 0xFF, 0xFC, 0x00, 0x3F, 0xFF, 0xF9, 0xFF, 0xFF, 0xF8, 0x00,
  0x7F, 0xFF, 0xF3, 0xFF, 0xFF, 0xF0, 0x00, 0xFF, 0xFF, 0xE7, 0xFF, 0xFF,
  0xE0, 0x01, 0xFF, 0xFF, 0xCF, 0xFF, 0xFF, 0xC0, 0x07, 0xFF, 0xFF, 0x9F,
  0xFF, 0xFF, 0x80, 0x0F, 0xFF, 0xFF, 0x3F, 0xFF, 0xFF, 0x00, 0x3F, 0xFF,
  0xFC, 0x7F, 0xFF, 0xFE, 0x00, 0x7F, 0xFF, 0xF8, 0xFF, 0xFF, 0xFC, 0x01,
  0xFF, 0xFF, 0xF1, 0xFF, 0xFF, 0xF0, 0x07, 0xFF, 0xFF, 0xC3, 0xFF, 0xFF,
  0xE0, 0x1F, 0xFF, 0xFF, 0x87, 0xFF, 0xFF, 0xC0, 0x7F, 0xFF, 0xFF, 0x0F,
  0xFF, 0xFF, 0x81, 0xFF, 0xFF, 0xFC, 0x3F, 0xFF, 0xFF, 0x1F, 0xFF, 0xFF,
  0xF8, 0x7F, 0xFF, 0xFF, 0xFF, 0xFF, 0xFF, 0xE0, 0xFF, 0xFF, 0xFF, 0xFF,
  0xFF, 0xFF, 0x81, 0xFF, 0xFF, 0xFF, 0xFF, 0xFF, 0xFF, 0x03, 0xFF, 0xFF,
  0xFF, 0xFF, 0xFF, 0xFC, 0x07, 0xFF, 0xFF, 0xFF, 0xFF, 0xFF, 0xF0, 0x0F,
  0xFF, 0xFF, 0xFF, 0xFF, 0xFF, 0xC0, 0x1F, 0xFF, 0xFF, 0xFF, 0xFF, 0xFF,
  0x80, 0x3F, 0xFF, 0xFF, 0xFF, 0xFF, 0xFC, 0x00, 0x7F, 0xFF, 0xFF, 0xFF,
  0xFF, 0xF0, 0x00, 0xFF, 0xFF, 0xFF, 0xFF, 0xFF, 0xC0, 0x01, 0xFF, 0xFF,
  0xFF, 0xFF, 0xFF, 0x00, 0x03, 0xFF, 0xFF, 0xFF, 0xFF, 0xF8, 0x00, 0x07,
  0xFF, 0xFF, 0xFF, 0xFF, 0xC0, 0x00, 0x0F, 0xFF, 0xFF, 0xFF, 0xFE, 0x00,
  0x00, 0x1F, 0xFF, 0xFF, 0xFF, 0xF0, 0x00, 0x00, 0x3F, 0xFF, 0xFF, 0xFF,
  0x00, 0x00, 0x00, 0x7F, 0xFF, 0xFF, 0xF0, 0x00, 0x00, 0x00, 0xFF, 0xFF,
  0xFC, 0x00, 0x00, 0x00, 0x00, 0x1F, 0xF8, 0x00, 0x00, 0x00, 0x00, 0x00,
  0x00, 0x00, 0x01, 0xFF, 0xF8, 0x00, 0x00, 0x00, 0x00, 0x1F, 0xFF, 0xFE,
  0x00, 0x00, 0x00, 0x00, 0xFF, 0xFF, 0xFF, 0x00, 0x00, 0x00, 0x07, 0xFF,
  0xFF, 0xFF, 0x00, 0x00, 0x00, 0x3F, 0xFF, 0xFF, 0xFF, 0x80, 0x00, 0x00,
  0xFF, 0xFF, 0xFF, 0xFF, 0x80, 0x00, 0x03, 0xFF, 0xFF, 0xFF, 0xFF, 0x80,
  0x00, 0x0F, 0xFF, 0xFF, 0xFF, 0xFF, 0x80, 0x00, 0x3F, 0xFF, 0xFF, 0xFF,
  0xFF, 0x00, 0x00, 0xFF, 0xFF, 0xFF, 0xFF, 0xFF, 0x00, 0x03, 0xFF, 0xFF,
  0xFF, 0xFF, 0xFF, 0x00, 0x0F, 0xFF, 0xFF, 0xFF, 0xFF, 0xFE, 0x00, 0x1F,
  0xFF, 0xFF, 0xFF, 0xFF, 0xFE, 0x00, 0x7F, 0xFF, 0xFF, 0xFF, 0xFF, 0xFC,
  0x01, 0xFF, 0xFF, 0xFF, 0xFF, 0xFF, 0xFC, 0x03, 0xFF, 0xFF, 0xFF, 0xFF,
  0xFF, 0xF8, 0x0F, 0xFF, 0xFF, 0xFF, 0xFF, 0xFF, 0xF8, 0x1F, 0xFF, 0xFF,
  0xFF, 0xFF, 0xFF, 0xF0, 0x7F, 0xFF, 0xFF, 0xFF, 0xFF, 0xFF, 0xE0, 0xFF,
  0xFF, 0xFF, 0xFF, 0xFF, 0xFF, 0xE1, 0xFF, 0xFF, 0xFE, 0x07, 0xFF, 0xFF,
  0xC7, 0xFF, 0xFF, 0xF8, 0x07, 0xFF, 0xFF, 0x8F, 0xFF, 0xFF, 0xE0, 0x0F,
  0xFF, 0xFF, 0x1F, 0xFF, 0xFF, 0x80, 0x0F, 0xFF, 0xFE, 0x7F, 0xFF, 0xFF,
  0x00, 0x1F, 0xFF, 0xFC, 0xFF, 0xFF, 0xFC, 0x00, 0x3F, 0xFF, 0xFD, 0xFF,
  0xFF, 0xF8, 0x00, 0x3F, 0xFF, 0xFB, 0xFF, 0xFF, 0xE0, 0x00, 0x7F, 0xFF,
  0xFF, 0xFF, 0xFF, 0xC0, 0x00, 0xFF, 0xFF, 0xFF, 0xFF, 0xFF, 0x80, 0xFF,
  0xFF, 0xFF, 0xFF, 0xFF, 0xFF, 0xFF, 0xFF, 0xFF, 0xFF, 0xFF, 0xFF, 0xFF,
  0xFF, 0xFF, 0xFF, 0xFF, 0xFF, 0xFF, 0xFF, 0xFF, 0xFF, 0xFF, 0xFF, 0xFF,
  0xFF, 0xFF, 0xFF, 0xFF, 0xFF, 0xFF, 0xFF, 0xFF, 0xFF, 0xFF, 0xFF, 0xFF,
  0xFF, 0xFF, 0xFF, 0xFF, 0xFF, 0xFF, 0xFF, 0xFF, 0xFF, 0xFF, 0xFF, 0xFF,
  0xFF, 0xFF, 0xFF, 0xFF, 0xFF, 0xFF, 0xFF, 0xFF, 0xFF, 0xBF, 0xFF, 0xFF,
  0xFF, 0xFF, 0xFF, 0xFF, 0x7F, 0xFF, 0xFF, 0xFF, 0xFF, 0xF8, 0x00, 0xFF,
  0xFF, 0xFF, 0xFF, 0xF8, 0x00, 0x01, 0xFF, 0xFF, 0xFF, 0xF8, 0x00, 0x00,
  0x03, 0xFF, 0xFF, 0xF8, 0x00, 0x00, 0x00, 0x07, 0xFF, 0xFF, 0xE0, 0x00,
  0x00, 0x04, 0x07, 0xFF, 0xFF, 0xE0, 0x00, 0x00, 0x10, 0x0F, 0xFF, 0xFF,
  0xC0, 0x00, 0x00, 0xE0, 0x1F, 0xFF, 0xFF, 0xC0, 0x00, 0x07, 0xC0, 0x3F,
  0xFF, 0xFF, 0xC0, 0x00, 0x3F, 0x80, 0x7F, 0xFF, 0xFF, 0xC0, 0x01, 0xFF,
  0x00, 0x7F, 0xFF, 0xFF, 0xE0, 0x1F, 0xFE, 0x00, 0xFF, 0xFF, 0xFF, 0xFF,
  0xFF, 0xFC, 0x01, 0xFF, 0xFF, 0xFF, 0xFF, 0xFF, 0xF8, 0x01, 0xFF, 0xFF,
  0xFF, 0xFF, 0xFF, 0xF0, 0x03, 0xFF, 0xFF, 0xFF, 0xFF, 0xFF, 0xE0, 0x03,
  0xFF, 0xFF, 0xFF, 0xFF, 0xFF, 0x80, 0x07, 0xFF, 0xFF, 0xFF, 0xFF, 0xFF,
  0x00, 0x07, 0xFF, 0xFF, 0xFF, 0xFF, 0xFE, 0x00, 0x0F, 0xFF, 0xFF, 0xFF,
  0xFF, 0xFC, 0x00, 0x0F, 0xFF, 0xFF, 0xFF, 0xFF, 0xF8, 0x00, 0x0F, 0xFF,
  0xFF, 0xFF, 0xFF, 0xF0, 0x00, 0x0F, 0xFF, 0xFF, 0xFF, 0xFF, 0xE0, 0x00,
  0x1F, 0xFF, 0xFF, 0xFF, 0xFF, 0xC0, 0x00, 0x1F, 0xFF, 0xFF, 0xFF, 0xFF,
  0x80, 0x00, 0x1F, 0xFF, 0xFF, 0xFF, 0xFE, 0x00, 0x00, 0x0F, 0xFF, 0xFF,
  0xFF, 0xFC, 0x00, 0x00, 0x0F, 0xFF, 0xFF, 0xFF, 0xF0, 0x00, 0x00, 0x0F,
  0xFF, 0xFF, 0xFF, 0xC0, 0x00, 0x00, 0x07, 0xFF, 0xFF, 0xFE, 0x00, 0x00,
  0x00, 0x01, 0xFF, 0xFF, 0xE0, 0x00, 0x00, 0x00, 0x00, 0x7F, 0xFE, 0x00,
  0x00, 0x00, 0x3F, 0xFF, 0xFF, 0xFF, 0xFF, 0xFC, 0xFF, 0xFF, 0xFF, 0xFF,
  0xFF, 0xF3, 0xFF, 0xFF, 0xFF, 0xFF, 0xFF, 0xDF, 0xFF, 0xFF, 0xFF, 0xFF,
  0xFE, 0x7F, 0xFF, 0xFF, 0xFF, 0xFF, 0xF9, 0xFF, 0xFF, 0xFF, 0xFF, 0xFF,
  0xE7, 0xFF, 0xFF, 0xFF, 0xFF, 0xFF, 0x9F, 0xFF, 0xFF, 0xFF, 0xFF, 0xFE,
  0x7F, 0xFF, 0xFF, 0xFF, 0xFF, 0xF9, 0xFF, 0xFF, 0xFF, 0xFF, 0xFF, 0xE7,
  0xFF, 0xFF, 0xFF, 0xFF, 0xFF, 0x9F, 0xFF, 0xFF, 0xFF, 0xFF, 0xFE, 0x7F,
  0xFF, 0xFF, 0xFF, 0xFF, 0xF9, 0xFF, 0xFF, 0xFF, 0xFF, 0xFF, 0xE7, 0xFF,
  0xFF, 0xFF, 0xFF, 0xFF, 0x9F, 0xFF, 0xFF, 0xFF, 0xFF, 0xFE, 0x7F, 0xFF,
  0xFF, 0xFF, 0xFF, 0xF9, 0xFF, 0xFF, 0xFF, 0xFF, 0xFF, 0xE7, 0xFF, 0xFF,
  0xFF, 0xC0, 0x00, 0x1F, 0xFF, 0xFF, 0xC0, 0x00, 0x00, 0x7F, 0xFF, 0xFF,
  0x00, 0x00, 0x01, 0xFF, 0xFF, 0xFC, 0x00, 0x00, 0x07, 0xFF, 0xFF, 0xF0,
  0x00, 0x00, 0x1F, 0xFF, 0xFF, 0xC0, 0x00, 0x00, 0x7F, 0xFF, 0xFF, 0x00,
  0x00, 0x01, 0xFF, 0xFF, 0xFF, 0xFF, 0xFF, 0x07, 0xFF, 0xFF, 0xFF, 0xFF,
  0xFC, 0x1F, 0xFF, 0xFF, 0xFF, 0xFF, 0xF0, 0x7F, 0xFF, 0xFF, 0xFF, 0xFF,
  0xC1, 0xFF, 0xFF, 0xFF, 0xFF, 0xFF, 0x07, 0xFF, 0xFF, 0xFF, 0xFF, 0xFC,
  0x1F, 0xFF, 0xFF, 0xFF, 0xFF, 0xE0, 0x7F, 0xFF, 0xFF, 0xFF, 0xFF, 0x81,
  0xFF, 0xFF, 0xFF, 0xFF, 0xFE, 0x07, 0xFF, 0xFF, 0xFF, 0xFF, 0xF8, 0x1F,
  0xFF, 0xFF, 0xFF, 0xFF, 0xE0, 0x7F, 0xFF, 0xFF, 0xFF, 0xFF, 0x81, 0xFF,
  0xFF, 0xFF, 0xFF, 0xFE, 0x07, 0xFF, 0xFF, 0xFF, 0xFF, 0xF8, 0x1F, 0xFF,
  0xFF, 0xFF, 0xFF, 0xE0, 0x7F, 0xFF, 0xFF, 0x00, 0x00, 0x01, 0xFF, 0xFF,
  0xFC, 0x00, 0x00, 0x07, 0xFF, 0xFF, 0xF0, 0x00, 0x00, 0x1F, 0xFF, 0xFF,
  0xC0, 0x00, 0x00, 0x7F, 0xFF, 0xFF, 0x00, 0x00, 0x01, 0xFF, 0xFF, 0xFC,
  0x00, 0x00, 0x07, 0xFF, 0xFF, 0xF0, 0x00, 0x00, 0x3F, 0xFF, 0xFF, 0xC0,
  0x00, 0x00, 0xFF, 0xFF, 0xFF, 0x00, 0x00, 0x03, 0xFF, 0xFF, 0xFC, 0x00,
  0x00, 0x0F, 0xFF, 0xFF, 0xF0, 0x00, 0x00, 0x3F, 0xFF, 0xFF, 0xC0, 0x00,
  0x00, 0xFF, 0xFF, 0xFF, 0x00, 0x00, 0x03, 0xFF, 0xFF, 0xFC, 0x00, 0x00,
  0x0F, 0xFF, 0xFF, 0xF0, 0x00, 0x00, 0x3F, 0xFF, 0xFF, 0xC0, 0x00, 0x00,
  0xFF, 0xFF, 0xFF, 0x00, 0x00, 0x03, 0xFF, 0xFF, 0xFC, 0x00, 0x00, 0x0F,
  0xFF, 0xFF, 0xF0, 0x00, 0x00, 0x3F, 0xFF, 0xFF, 0xC0, 0x00, 0x00, 0xFF,
  0xFF, 0xFF, 0x00, 0x00, 0x03, 0xFF, 0xFF, 0xFC, 0x00, 0x00, 0x0F, 0xFF,
  0xFF, 0xF0, 0x00, 0x00, 0x3F, 0xFF, 0xFF, 0xC0, 0x00, 0x00, 0xFF, 0xFF,
  0xFF, 0x00, 0x00, 0x03, 0xFF, 0xFF, 0xFC, 0x00, 0x00, 0x0F, 0xFF, 0xFF,
  0xF0, 0x00, 0x00, 0x00, 0x00, 0x00, 0x00, 0x00, 0xFF, 0xF0, 0x00, 0x00,
  0x00, 0x00, 0x01, 0xFF, 0xFF, 0xF8, 0x00, 0x00, 0x00, 0x00, 0xFF, 0xFF,
  0xFF, 0xF0, 0x00, 0x00, 0x00, 0x3F, 0xFF, 0xFF, 0xFF, 0xC0, 0x00, 0x00,
  0x0F, 0xFF, 0xFF, 0xFF, 0xFE, 0x00, 0x00, 0x03, 0xFF, 0xFF, 0xFF, 0xFF,
  0xE0, 0x00, 0x00, 0xFF, 0xFF, 0xFF, 0xFF, 0xFC, 0x00, 0x00, 0x1F, 0xFF,
  0xFF, 0xFF, 0xFF, 0xC0, 0x00, 0x03, 0xFF, 0xFF, 0xFF, 0xFF, 0xFC, 0x00,
  0x00, 0x7F, 0xFF, 0xFF, 0xFF, 0xFF, 0xC0, 0x00, 0x0F, 0xFF, 0xFF, 0xFF,
  0xFF, 0xFC, 0x00, 0x01, 0xFF, 0xFF, 0xFF, 0xFF, 0xFF, 0xC0, 0x00, 0x3F,
  0xFF, 0xFF, 0xFF, 0xFF, 0xFC, 0x00, 0x07, 0xFF, 0xFF, 0xFF, 0xFF, 0xFF,
  0xC0, 0x00, 0xFF, 0xFF, 0xFF, 0xFF, 0xFF, 0xFC, 0x00, 0x0F, 0xFF, 0xFF,
  0xFF, 0xFF, 0xFF, 0xC0, 0x01, 0xFF, 0xFF, 0xFF, 0xFF, 0xFF, 0xFC, 0x00,
  0x3F, 0xFF, 0xFF, 0xFF, 0xFF, 0xFF, 0xC0, 0x03, 0xFF, 0xFF, 0xFF, 0xFF,
  0xFF, 0xFC, 0x00, 0x7F, 0xFF, 0xFF, 0xFF, 0xFF, 0xFF, 0xC0, 0x07, 0xFF,
  0xFF, 0xFF, 0xFE, 0x03, 0xF8, 0x00, 0xFF, 0xFF, 0xFF, 0xFE, 0x00, 0x00,
  0x80, 0x0F, 0xFF, 0xFF, 0xFF, 0x00, 0x00, 0x00, 0x01, 0xFF, 0xFF, 0xFF,
  0xC0, 0x00, 0x00, 0x00, 0x1F, 0xFF, 0xFF, 0xF8, 0x00, 0x00, 0x00, 0x01,
  0xFF, 0xFF, 0xFF, 0x00, 0x00, 0x00, 0x00, 0x3F, 0xFF, 0xFF, 0xE0, 0x00,
  0x00, 0x00, 0x03, 0xFF, 0xFF, 0xFC, 0x00, 0x00, 0x00, 0x00, 0x3F, 0xFF,
  0xFF, 0xC0, 0x00, 0x00, 0xFF, 0xF3, 0xFF, 0xFF, 0xF8, 0x1F, 0xFF, 0xFF,
  0xFF, 0x7F, 0xFF, 0xFF, 0x81, 0xFF, 0xFF, 0xFF, 0xF7, 0xFF, 0xFF, 0xF8,
  0x1F, 0xFF, 0xFF, 0xFF, 0x7F, 0xFF, 0xFF, 0x01, 0xFF, 0xFF, 0xFF, 0xF7,
  0xFF, 0xFF, 0xF0, 0x1F, 0xFF, 0xFF, 0xFF, 0x7F, 0xFF, 0xFF, 0x01, 0xFF,
  0xFF, 0xFF, 0xF7, 0xFF, 0xFF, 0xF0, 0x1F, 0xFF, 0xFF, 0xFF, 0x7F, 0xFF,
  0xFF, 0x01, 0xFF, 0xFF, 0xFF, 0xFF, 0xFF, 0xFF, 0xF0, 0x1F, 0xFF, 0xFF,
  0xFF, 0xFF, 0xFF, 0xFF, 0x01, 0xFF, 0xFF, 0xFF, 0xFF, 0xFF, 0xFF, 0xF0,
  0x1F, 0xFF, 0xFF, 0xFF, 0xFF, 0xFF, 0xFF, 0x01, 0xFF, 0xFF, 0xFF, 0xF7,
  0xFF, 0xFF, 0xF8, 0x1F, 0xFF, 0xFF, 0xFF, 0x7F, 0xFF, 0xFF, 0x81, 0xFF,
  0xFF, 0xFF, 0xF7, 0xFF, 0xFF, 0xFC, 0x00, 0x03, 0xFF, 0xFF, 0x7F, 0xFF,
  0xFF, 0xC0, 0x00, 0x3F, 0xFF, 0xF7, 0xFF, 0xFF, 0xFE, 0x00, 0x03, 0xFF,
  0xFF, 0x7F, 0xFF, 0xFF, 0xF0, 0x00, 0x3F, 0xFF, 0xF7, 0xFF, 0xFF, 0xFF,
  0x80, 0x07, 0xFF, 0xFF, 0x3F, 0xFF, 0xFF, 0xFE, 0x00, 0xFF, 0xFF, 0xF3,
  0xFF, 0xFF, 0xFF, 0xFF, 0xFF, 0xFF, 0xFF, 0x3F, 0xFF, 0xFF, 0xFF, 0xFF,
  0xFF, 0xFF, 0xF1, 0xFF, 0xFF, 0xFF, 0xFF, 0xFF, 0xFF, 0xFF, 0x1F, 0xFF,
  0xFF, 0xFF, 0xFF, 0xFF, 0xFF, 0xF0, 0xFF, 0xFF, 0xFF, 0xFF, 0xFF, 0xFF,
  0xFF, 0x0F, 0xFF, 0xFF, 0xFF, 0xFF, 0xFF, 0xFF, 0xF0, 0x7F, 0xFF, 0xFF,
  0xFF, 0xFF, 0xFF, 0xFF, 0x07, 0xFF, 0xFF, 0xFF, 0xFF, 0xFF, 0xFF, 0xF0,
  0x3F, 0xFF, 0xFF, 0xFF, 0xFF, 0xFF, 0xFF, 0x01, 0xFF, 0xFF, 0xFF, 0xFF,
  0xFF, 0xFF, 0xF0, 0x0F, 0xFF, 0xFF, 0xFF, 0xFF, 0xFF, 0xFF, 0x00, 0xFF,
  0xFF, 0xFF, 0xFF, 0xFF, 0xFF, 0xE0, 0x07, 0xFF, 0xFF, 0xFF, 0xFF, 0xFF,
  0xFC, 0x00, 0x3F, 0xFF, 0xFF, 0xFF, 0xFF, 0xFF, 0x80, 0x00, 0xFF, 0xFF,
  0xFF, 0xFF, 0xFF, 0xF0, 0x00, 0x07, 0xFF, 0xFF, 0xFF, 0xFF, 0xFC, 0x00,
  0x00, 0x3F, 0xFF, 0xFF, 0xFF, 0xFF, 0x00, 0x00, 0x00, 0xFF, 0xFF, 0xFF,
  0xFF, 0xE0, 0x00, 0x00, 0x03, 0xFF, 0xFF, 0xFF, 0xF0, 0x00, 0x00, 0x00,
  0x0F, 0xFF, 0xFF, 0xF8, 0x00, 0x00, 0x00, 0x00, 0x0F, 0xFF, 0xFC, 0x00,
  0x00, 0x00, 0x00, 0x00, 0x00, 0x3F, 0xFF, 0x00, 0x1F, 0xFF, 0xF0, 0x00,
  0x1F, 0xFF, 0xFF, 0x8F, 0xFF, 0xFF, 0xE0, 0x0F, 0xFF, 0xFF, 0xC7, 0xFF,
  0xFF, 0xF0, 0x07, 0xFF, 0xFF, 0xE3, 0xFF, 0xFF, 0xF8, 0x03, 0xFF, 0xFF,
  0xF1, 0xFF, 0xFF, 0xF8, 0x01, 0xFF, 0xFF, 0xF8, 0xFF, 0xFF, 0xFC, 0x00,
  0xFF, 0xFF, 0xFC, 0x7F, 0xFF, 0xFE, 0x00, 0x7F, 0xFF, 0xFE, 0x3F, 0xFF,
  0xFF, 0x00, 0x3F, 0xFF, 0xFF, 0x1F, 0xFF, 0xFF, 0x80, 0x1F, 0xFF, 0xFF,
  0x8F, 0xFF, 0xFF, 0xC0, 0x0F, 0xFF, 0xFF, 0xC7, 0xFF, 0xFF, 0xE0, 0x07,
  0xFF, 0xFF, 0xE7, 0xFF, 0xFF, 0xF0, 0x03, 0xFF, 0xFF, 0xF3, 0xFF, 0xFF,
  0xF8, 0x01, 0xFF, 0xFF, 0xF9, 0xFF, 0xFF, 0xFC, 0x00, 0xFF, 0xFF, 0xFC,
  0xFF, 0xFF, 0xFE, 0x00, 0x7F, 0xFF, 0xFE, 0x7F, 0xFF, 0xFF, 0x00, 0x3F,
  0xFF, 0xFF, 0x3F, 0xFF, 0xFF, 0x80, 0x1F, 0xFF, 0xFF, 0x9F, 0xFF, 0xFF,
  0xC0, 0x0F, 0xFF, 0xFF, 0xCF, 0xFF, 0xFF, 0xE0, 0x07, 0xFF, 0xFF, 0xE7,
  0xFF, 0xFF, 0xF0, 0x03, 0xFF, 0xFF, 0xF3, 0xFF, 0xFF, 0xF8, 0x01, 0xFF,
  0xFF, 0xF9, 0xFF, 0xFF, 0xFC, 0x00, 0xFF, 0xFF, 0xFC, 0xFF, 0xFF, 0xFE,
  0x00, 0x7F, 0xFF, 0xFE, 0x7F, 0xFF, 0xFF, 0x00, 0x3F, 0xFF, 0xFF, 0x3F,
  0xFF, 0xFF, 0x80, 0x1F, 0xFF, 0xFF, 0x9F, 0xFF, 0xFF, 0xC0, 0x0F, 0xFF,
  0xFF, 0xCF, 0xFF, 0xFF, 0xE0, 0x07, 0xFF, 0xFF, 0xE7, 0xFF, 0xFF, 0xF0,
  0x03, 0xFF, 0xFF, 0xF3, 0xFF, 0xFF, 0xF0, 0x01, 0xFF, 0xFF, 0xF9, 0xFF,
  0xFF, 0xF8, 0x00, 0xFF, 0xFF, 0xFC, 0xFF, 0xFF, 0xFC, 0x00, 0x7F, 0xFF,
  0xFE, 0x7F, 0xFF, 0xFE, 0x00, 0x3F, 0xFF, 0xFF, 0x3F, 0xFF, 0xFF, 0x00,
  0x1F, 0xFF, 0xFF, 0x9F, 0xFF, 0xFF, 0x80, 0x0F, 0xFF, 0xFF, 0xCF, 0xFF,
  0xFF, 0xC0, 0x07, 0xFF, 0xFF, 0xF7, 0xFF, 0xFF, 0xFF, 0xFF, 0xFF, 0xFF,
  0xFB, 0xFF, 0xFF, 0xFF, 0xFF, 0xFF, 0xFF, 0xFD, 0xFF, 0xFF, 0xFF, 0xFF,
  0xFF, 0xFF, 0xFE, 0xFF, 0xFF, 0xFF, 0xFF, 0xFF, 0xFF, 0xFF, 0x7F, 0xFF,
  0xFF, 0xFF, 0xFF, 0xFF, 0xFF, 0xBF, 0xFF, 0xFF, 0xFF, 0xFF, 0xFF, 0xFF,
  0xDF, 0xFF, 0xFF, 0xFF, 0xFF, 0xFF, 0xFF, 0xEF, 0xFF, 0xFF, 0xFF, 0xFF,
  0xFF, 0xFF, 0xF7, 0xFF, 0xFF, 0xFF, 0xFF, 0xFF, 0xFF, 0xFB, 0xFF, 0xFF,
  0xFF, 0xFF, 0xFF, 0xFF, 0xFD, 0xFF, 0xFF, 0xFF, 0xFF, 0xFF, 0xFF, 0xFE,
  0xFF, 0xFF, 0xF8, 0x00, 0xFF, 0xFF, 0xFF, 0x7F, 0xFF, 0xFC, 0x00, 0x7F,
  0xFF, 0xFF, 0xFF, 0xFF, 0xFE, 0x00, 0x3F, 0xFF, 0xFF, 0xFF, 0xFF, 0xFF,
  0x00, 0x1F, 0xFF, 0xFF, 0xFF, 0xFF, 0xFF, 0x80, 0x0F, 0xFF, 0xFF, 0xFF,
  0xFF, 0xFF, 0xC0, 0x07, 0xFF, 0xFF, 0xFF, 0xFF, 0xFF, 0xE0, 0x03, 0xFF,
  0xFF, 0xFF, 0xFF, 0xFF, 0xF0, 0x01, 0xFF, 0xFF, 0xFF, 0xFF, 0xFF, 0xF8,
  0x00, 0xFF, 0xFF, 0xFF, 0xFF, 0xFF, 0xFC, 0x00, 0x7F, 0xFF, 0xFF, 0xFF,
  0xFF, 0xFE, 0x00, 0x3F, 0xFF, 0xFF, 0xFF, 0xFF, 0xFF, 0x00, 0x1F, 0xFF,
  0xFF, 0xFF, 0xFF, 0xFF, 0x80, 0x0F, 0xFF, 0xFF, 0xFF, 0xFF, 0xFF, 0xC0,
  0x07, 0xFF, 0xFF, 0xFF, 0xFF, 0xFF, 0xE0, 0x03, 0xFF, 0xFF, 0xFF, 0xFF,
  0xFF, 0xF0, 0x01, 0xFF, 0xFF, 0xFF, 0xFF, 0xFF, 0xF8, 0x00, 0xFF, 0xFF,
  0xFF, 0xFF, 0xFF, 0xFC, 0x00, 0x7F, 0xFF, 0xFF, 0xFF, 0xFF, 0xFE, 0x00,
  0x3F, 0xFF, 0xFF, 0xFF, 0xFF, 0xFF, 0x00, 0x1F, 0xFF, 0xE0, 0x1F, 0xFF,
  0xFF, 0x00, 0x00, 0x00, 0x00, 0x00, 0x00, 0x7F, 0xFF, 0xFF, 0xFF, 0xFF,
  0xFF, 0xFF, 0xFF, 0xFF, 0xFF, 0xFF, 0xFF, 0xFF, 0xFF, 0xFF, 0xFF, 0xFF,
  0xFF, 0xFF, 0xFF, 0xFF, 0xFF, 0xFF, 0xFF, 0xFF, 0xFF, 0xFF, 0xFF, 0xFF,
  0xFF, 0xFF, 0xFF, 0xFF, 0xFF, 0xFF, 0xFF, 0xFF, 0xFF, 0xFF, 0xFF, 0xFF,
  0xFF, 0xFF, 0xFF, 0xFF, 0xFF, 0xFF, 0xFF, 0xFF, 0xFF, 0xFF, 0xFF, 0xFF,
  0xFF, 0xFF, 0xFF, 0xFF, 0xFF, 0xCF, 0xFF, 0xFF, 0xE7, 0xFF, 0xFF, 0xF3,
  0xFF, 0xFF, 0xF9, 0xFF, 0xFF, 0xFC, 0xFF, 0xFF, 0xFE, 0x7F, 0xFF, 0xFF,
  0x3F, 0xFF, 0xFF, 0x9F, 0xFF, 0xFF, 0xCF, 0xFF, 0xFF, 0xE7, 0xFF, 0xFF,
  0xF3, 0xFF, 0xFF, 0xF9, 0xFF, 0xFF, 0xFC, 0xFF, 0xFF, 0xFE, 0x7F, 0xFF,
  0xFF, 0x3F, 0xFF, 0xFF, 0x9F, 0xFF, 0xFF, 0xCF, 0xFF, 0xFF, 0xE7, 0xFF,
  0xFF, 0xF3, 0xFF, 0xFF, 0xF1, 0xFF, 0xFF, 0xF8, 0xFF, 0xFF, 0xFC, 0x7F,
  0xFF, 0xFE, 0x3F, 0xFF, 0xFF, 0x1F, 0xFF, 0xFF, 0x8F, 0xFF, 0xFF, 0xC7,
  0xFF, 0xFF, 0xE3, 0xFF, 0xFF, 0xF1, 0xFF, 0xFF, 0xF8, 0xFF, 0xFF, 0xFC,
  0x7F, 0xFF, 0xFE, 0x3F, 0xFF, 0xFF, 0x1F, 0xFF, 0xFF, 0x8F, 0xFF, 0xFF,
  0xC7, 0xFF, 0xFF, 0xE1, 0xFF, 0xFF, 0xF0, 0xFF, 0xFF, 0xF8, 0x7F, 0xFF,
  0xFC, 0x3F, 0xFF, 0xFE, 0x1F, 0xFF, 0xFE, 0x0F, 0xFF, 0xFF, 0x07, 0xFF,
  0xFF, 0x83, 0xFF, 0xFF, 0xC1, 0xFF, 0xFF, 0xE0, 0xFF, 0xFF, 0xF0, 0x7F,
  0xFF, 0xF8, 0x3F, 0xFF, 0xFC, 0x1F, 0xC0, 0x00, 0x00, 0x00, 0x00, 0x00,
  0x00, 0x0F, 0xFF, 0x00, 0x00, 0x00, 0x1F, 0xFF, 0xFF, 0x80, 0x00, 0x00,
  0x0F, 0xFF, 0xFF, 0xC0, 0x00, 0x00, 0x07, 0xFF, 0xFF, 0xE0, 0x00, 0x00,
  0x03, 0xFF, 0xFF, 0xF0, 0x00, 0x00, 0x01, 0xFF, 0xFF, 0xF8, 0x00, 0x00,
  0x00, 0xFF, 0xFF, 0xFC, 0x00, 0x00, 0x00, 0x7F, 0xFF, 0xFE, 0x00, 0x00,
  0x00, 0x3F, 0xFF, 0xFF, 0x00, 0x00, 0x00, 0x1F, 0xFF, 0xFF, 0x80, 0x00,
  0x00, 0x07, 0xFF, 0xFF, 0xE0, 0x00, 0x00, 0x03, 0xFF, 0xFF, 0xF0, 0x00,
  0x00, 0x01, 0xFF, 0xFF, 0xF8, 0x00, 0x00, 0x00, 0xFF, 0xFF, 0xFC, 0x00,
  0x00, 0x00, 0x7F, 0xFF, 0xFE, 0x00, 0x00, 0x00, 0x3F, 0xFF, 0xFF, 0x00,
  0x00, 0x00, 0x1F, 0xFF, 0xFF, 0x80, 0x00, 0x00, 0x0F, 0xFF, 0xFF, 0xC0,
  0x00, 0x00, 0x07, 0xFF, 0xFF, 0xE0, 0x00, 0x00, 0x03, 0xFF, 0xFF, 0xF0,
  0x00, 0x00, 0x01, 0xFF, 0xFF, 0xF8, 0x00, 0x00, 0x00, 0x7F, 0xFF, 0xFC,
  0x00, 0x00, 0x00, 0x3F, 0xFF, 0xFE, 0x00, 0x00, 0x00, 0x1F, 0xFF, 0xFF,
  0x00, 0x00, 0x00, 0x0F, 0xFF, 0xFF, 0x80, 0x00, 0x00, 0x07, 0xFF, 0xFF,
  0xC0, 0x00, 0x00, 0x03, 0xFF, 0xFF, 0xE0, 0x00, 0x00, 0x01, 0xFF, 0xFF,
  0xF0, 0x00, 0x00, 0x00, 0xFF, 0xFF, 0xF8, 0x00, 0x00, 0x00, 0x7F, 0xFF,
  0xFC, 0x00, 0x00, 0x00, 0x3F, 0xFF, 0xFE, 0x00, 0x00, 0x00, 0x1F, 0xFF,
  0xFF, 0x00, 0x00, 0x00, 0x0F, 0xFF, 0xFF, 0x80, 0x00, 0x00, 0x07, 0xFF,
  0xFF, 0xC0, 0x00, 0x00, 0x03, 0xFF, 0xFF, 0xE0, 0x00, 0x00, 0x01, 0xFF,
  0xFF, 0xF0, 0x00, 0x00, 0x00, 0xFF, 0xFF, 0xF8, 0x00, 0x00, 0x00, 0x7F,
  0xFF, 0xFC, 0x00, 0x00, 0x00, 0x3F, 0xFF, 0xFE, 0x00, 0x00, 0x00, 0x3F,
  0xFF, 0xFF, 0x00, 0x00, 0x00, 0x1F, 0xFF, 0xFF, 0x80, 0x00, 0x00, 0x0F,
  0xFF, 0xFF, 0xC0, 0x00, 0x00, 0x07, 0xFF, 0xFF, 0xE0, 0x00, 0x00, 0x07,
  0xFF, 0xFF, 0xF1, 0x00, 0x00, 0x03, 0xFF, 0xFF, 0xF0, 0xE0, 0x00, 0x03,
  0xFF, 0xFF, 0xF8, 0x78, 0x00, 0x01, 0xFF, 0xFF, 0xFC, 0x3F, 0x00, 0x01,
  0xFF, 0xFF, 0xFE, 0x1F, 0xE0, 0x03, 0xFF, 0xFF, 0xFE, 0x1F, 0xFF, 0x0F,
  0xFF, 0xFF, 0xFF, 0x0F, 0xFF, 0xFF, 0xFF, 0xFF, 0xFF, 0x87, 0xFF, 0xFF,
  0xFF, 0xFF, 0xFF, 0x83, 0xFF, 0xFF, 0xFF, 0xFF, 0xFF, 0xC1, 0xFF, 0xFF,
  0xFF, 0xFF, 0xFF, 0xE0, 0xFF, 0xFF, 0xFF, 0xFF, 0xFF, 0xE0, 0xFF, 0xFF,
  0xFF, 0xFF, 0xFF, 0xF0, 0x7F, 0xFF, 0xFF, 0xFF, 0xFF, 0xF0, 0x3F, 0xFF,
  0xFF, 0xFF, 0xFF, 0xF8, 0x1F, 0xFF, 0xFF, 0xFF, 0xFF, 0xF8, 0x0F, 0xFF,
  0xFF, 0xFF, 0xFF, 0xF8, 0x07, 0xFF, 0xFF, 0xFF, 0xFF, 0xF8, 0x03, 0xFF,
  0xFF, 0xFF, 0xFF, 0xFC, 0x03, 0xFF, 0xFF, 0xFF, 0xFF, 0xFC, 0x01, 0xFF,
  0xFF, 0xFF, 0xFF, 0xFC, 0x00, 0x3F, 0xFF, 0xFF, 0xFF, 0xF8, 0x00, 0x0F,
  0xFF, 0xFF, 0xFF, 0xF8, 0x00, 0x01, 0xFF, 0xFF, 0xFF, 0xF8, 0x00, 0x00,
  0x3F, 0xFF, 0xFF, 0xF0, 0x00, 0x00, 0x03, 0xFF, 0xFF, 0xC0, 0x00, 0x00,
  0x00, 0x1F, 0xFF, 0x00, 0x00, 0x00, 0x40, 0x00, 0x00, 0x00, 0x00, 0x00,
  0x00, 0x07, 0xFF, 0xFE, 0x00, 0x01, 0x00, 0x00, 0x00, 0xFF, 0xFF, 0xFC,
  0x00, 0x7C, 0x00, 0x00, 0x1F, 0xFF, 0xFF, 0x80, 0x0F, 0xF8, 0x00, 0x03,
  0xFF, 0xFF, 0xF0, 0x03, 0xFF, 0xF8, 0x00, 0x7F, 0xFF, 0xFE, 0x00, 0xFF,
  0xFF, 0xF0, 0x1F, 0xFF, 0xFF, 0xC0, 0x1F, 0xFF, 0xFF, 0xE3, 0xFF, 0xFF,
  0xF0, 0x07, 0xFF, 0xFF, 0xFF, 0x7F, 0xFF, 0xFE, 0x01, 0xFF, 0xFF, 0xFF,
  0xCF, 0xFF, 0xFF, 0xC0, 0x7F, 0xFF, 0xFF, 0xF1, 0xFF, 0xFF, 0xF8, 0x0F,
  0xFF, 0xFF, 0xFC, 0x3F, 0xFF, 0xFF, 0x03, 0xFF, 0xFF, 0xFF, 0x87, 0xFF,
  0xFF, 0xE0, 0xFF, 0xFF, 0xFF, 0xE0, 0xFF, 0xFF, 0xFC, 0x1F, 0xFF, 0xFF,
  0xF8, 0x1F, 0xFF, 0xFF, 0x87, 0xFF, 0xFF, 0xFE, 0x03, 0xFF, 0xFF, 0xF1,
  0xFF, 0xFF, 0xFF, 0x80, 0x7F, 0xFF, 0xFE, 0x3F, 0xFF, 0xFF, 0xE0, 0x0F,
  0xFF, 0xFF, 0xCF, 0xFF, 0xFF, 0xFC, 0x01, 0xFF, 0xFF, 0xF3, 0xFF, 0xFF,
  0xFF, 0x00, 0x3F, 0xFF, 0xFE, 0x7F, 0xFF, 0xFF, 0xC0, 0x07, 0xFF, 0xFF,
  0xDF, 0xFF, 0xFF, 0xF0, 0x00, 0xFF, 0xFF, 0xFF, 0xFF, 0xFF, 0xFC, 0x00,
  0x1F, 0xFF, 0xFF, 0xFF, 0xFF, 0xFF, 0x00, 0x03, 0xFF, 0xFF, 0xFF, 0xFF,
  0xFF, 0xE0, 0x00, 0x7F, 0xFF, 0xFF, 0xFF, 0xFF, 0xF8, 0x00, 0x0F, 0xFF,
  0xFF, 0xFF, 0xFF, 0xFE, 0x00, 0x01, 0xFF, 0xFF, 0xFF, 0xFF, 0xFF, 0x80,
  0x00, 0x3F, 0xFF, 0xFF, 0xFF, 0xFF, 0xE0, 0x00, 0x07, 0xFF, 0xFF, 0xFF,
  0xFF, 0xF8, 0x00, 0x00, 0xFF, 0xFF, 0xFF, 0xFF, 0xFE, 0x00, 0x00, 0x1F,
  0xFF, 0xFF, 0xFF, 0xFF, 0xC0, 0x00, 0x03, 0xFF, 0xFF, 0xFF, 0xFF, 0xF0,
  0x00, 0x00, 0x7F, 0xFF, 0xFF, 0xFF, 0xFC, 0x00, 0x00, 0x0F, 0xFF, 0xFF,
  0xFF, 0xFF, 0xC0, 0x00, 0x01, 0xFF, 0xFF, 0xFF, 0xFF, 0xF8, 0x00, 0x00,
  0x3F, 0xFF, 0xFF, 0xFF, 0xFF, 0x80, 0x00, 0x07, 0xFF, 0xFF, 0xFF, 0xFF,
  0xF8, 0x00, 0x00, 0xFF, 0xFF, 0xFF, 0xFF, 0xFF, 0x00, 0x00, 0x1F, 0xFF,
  0xFF, 0xFF, 0xFF, 0xF0, 0x00, 0x03, 0xFF, 0xFF, 0xFF, 0xFF, 0xFE, 0x00,
  0x00, 0x7F, 0xFF, 0xFF, 0xFF, 0xFF, 0xE0, 0x00, 0x0F, 0xFF, 0xFF, 0xFF,
  0xFF, 0xFE, 0x00, 0x01, 0xFF, 0xFF, 0xFF, 0xFF, 0xFF, 0xC0, 0x00, 0x3F,
  0xFF, 0xFF, 0xFF, 0xFF, 0xFC, 0x00, 0x07, 0xFF, 0xFF, 0xFF, 0xFF, 0xFF,
  0x80, 0x00, 0xFF, 0xFF, 0xFF, 0xFF, 0xFF, 0xF8, 0x00, 0x1F, 0xFF, 0xFF,
  0xFF, 0xFF, 0xFF, 0x00, 0x03, 0xFF, 0xFF, 0xFF, 0xFF, 0xFF, 0xF0, 0x00,
  0x7F, 0xFF, 0xFF, 0xFF, 0xFF, 0xFF, 0x00, 0x0F, 0xFF, 0xFF, 0xFF, 0xFF,
  0xFF, 0xE0, 0x01, 0xFF, 0xFF, 0xEF, 0xFF, 0xFF, 0xFE, 0x00, 0x7F, 0xFF,
  0xFD, 0xFF, 0xFF, 0xFF, 0xC0, 0x0F, 0xFF, 0xFF, 0x9F, 0xFF, 0xFF, 0xFC,
  0x01, 0xFF, 0xFF, 0xF1, 0xFF, 0xFF, 0xFF, 0xC0, 0x3F, 0xFF, 0xFE, 0x3F,
  0xFF, 0xFF, 0xF8, 0x07, 0xFF, 0xFF, 0xC3, 0xFF, 0xFF, 0xFF, 0x80, 0xFF,
  0xFF, 0xF8, 0x3F, 0xFF, 0xFF, 0xF0, 0x1F, 0xFF, 0xFE, 0x03, 0xFF, 0xFF,
  0xFF, 0x03, 0xFF, 0xFF, 0xC0, 0x7F, 0xFF, 0xFF, 0xF0, 0x7F, 0xFF, 0xF8,
  0x07, 0xFF, 0xFF, 0xFE, 0x0F, 0xFF, 0xFF, 0x00, 0x7F, 0xFF, 0xFF, 0xE1,
  0xFF, 0xFF, 0xE0, 0x07, 0xFF, 0xFF, 0xFC, 0x3F, 0xFF, 0xFC, 0x00, 0xFF,
  0xFF, 0xFF, 0xC7, 0xFF, 0xFF, 0x80, 0x0F, 0xFF, 0xFF, 0xF8, 0xFF, 0xFF,
  0xF0, 0x00, 0xFF, 0xFF, 0xFF, 0x9F, 0xFF, 0xFE, 0x00, 0x0F, 0xFF, 0xFF,
  0xEB, 0xFF, 0xFF, 0xC0, 0x01, 0xFF, 0xFF, 0x80, 0x7F, 0xFF, 0xF8, 0x00,
  0x1F, 0xFC, 0x00, 0x0F, 0xFF, 0x80, 0x00, 0x01, 0xE0, 0x00, 0x00, 0x3F,
  0xFF, 0xFF, 0xE0, 0x00, 0x0F, 0xFF, 0xFF, 0xF0, 0x00, 0x03, 0xFF, 0xFF,
  0xFC, 0x00, 0x00, 0xFF, 0xFF, 0xFF, 0x00, 0x00, 0x3F, 0xFF, 0xFF, 0xC0,
  0x00, 0x1F, 0xFF, 0xFF, 0xF0, 0x00, 0x07, 0xFF, 0xFF, 0xFC, 0x00, 0x01,
  0xFF, 0xFF, 0xFF, 0x00, 0x00, 0x7F, 0xFF, 0xFF, 0xC0, 0x00, 0x1F, 0xFF,
  0xFF, 0xF0, 0x00, 0x07, 0xFF, 0xFF, 0xFC, 0x00, 0x01, 0xFF, 0xFF, 0xFF,
  0x00, 0x00, 0x7F, 0xFF, 0xFF, 0xC0, 0x00, 0x1F, 0xFF, 0xFF, 0xE0, 0x00,
  0x07, 0xFF, 0xFF, 0xF8, 0x00, 0x01, 0xFF, 0xFF, 0xFE, 0x00, 0x00, 0x7F,
  0xFF, 0xFF, 0x80, 0x00, 0x1F, 0xFF, 0xFF, 0xE0, 0x00, 0x07, 0xFF, 0xFF,
  0xF8, 0x00, 0x01, 0xFF, 0xFF, 0xFE, 0x00, 0x00, 0x7F, 0xFF, 0xFF, 0x80,
  0x00, 0x1F, 0xFF, 0xFF, 0xE0, 0x00, 0x07, 0xFF, 0xFF, 0xF8, 0x00, 0x01,
  0xFF, 0xFF, 0xFE, 0x00, 0x00, 0x7F, 0xFF, 0xFF, 0x80, 0x00, 0x1F, 0xFF,
  0xFF, 0xC0, 0x00, 0x07, 0xFF, 0xFF, 0xF0, 0x00, 0x01, 0xFF, 0xFF, 0xFC,
  0x00, 0x00, 0x7F, 0xFF, 0xFF, 0x00, 0x00, 0x1F, 0xFF, 0xFF, 0xC0, 0x00,
  0x07, 0xFF, 0xFF, 0xF0, 0x00, 0x01, 0xFF, 0xFF, 0xFC, 0x00, 0x00, 0x7F,
  0xFF, 0xFF, 0x00, 0x00, 0x1F, 0xFF, 0xFF, 0xC0, 0x00, 0x07, 0xFF, 0xFF,
  0xF0, 0x00, 0x01, 0xFF, 0xFF, 0xFC, 0x00, 0x00, 0x7F, 0xFF, 0xFF, 0x00,
  0x00, 0x1F, 0xFF, 0xFF, 0x80, 0x00, 0x07, 0xFF, 0xFF, 0xE0, 0x00, 0x01,
  0xFF, 0xFF, 0xF8, 0x00, 0x00, 0x7F, 0xFF, 0xFE, 0x00, 0x00, 0x1F, 0xFF,
  0xFF, 0x80, 0x00, 0x07, 0xFF, 0xFF, 0xE0, 0x00, 0x01, 0xFF, 0xFF, 0xF8,
  0x00, 0x00, 0x7F, 0xFF, 0xFF, 0xFF, 0xFF, 0xDF, 0xFF, 0xFF, 0xFF, 0xFF,
  0xF7, 0xFF, 0xFF, 0xFF, 0xFF, 0xFD, 0xFF, 0xFF, 0xFF, 0xFF, 0xFF, 0x7F,
  0xFF, 0xFF, 0xFF, 0xFF, 0xDF, 0xFF, 0xFF, 0xFF, 0xFF, 0xFF, 0xFF, 0xFF,
  0xFF, 0xFF, 0xFF, 0xFF, 0xFF, 0xFF, 0xFF, 0xFF, 0xFF, 0xFF, 0xFF, 0xFF,
  0xFF, 0xFF, 0xFF, 0xFF, 0xFF, 0xFF, 0xEF, 0xFF, 0xFF, 0xFF, 0xFF, 0xFB,
  0xFF, 0xFF, 0xFF, 0xFF, 0xFE, 0xFF, 0xFF, 0xFF, 0xFF, 0xFF, 0xBF, 0xFF,
  0xFF, 0xFF, 0xFF, 0xEF, 0xFF, 0xFF, 0xFF, 0xFF, 0xFB, 0xFF, 0xFF, 0xFF,
  0xFF, 0xFE, 0xFF, 0xFF, 0xFF, 0xFF, 0xFF, 0xBF, 0xFF, 0xFF, 0xFF, 0xFF,
  0xEF, 0xFF, 0xFF, 0xFF, 0xFF, 0xFB, 0xFF, 0xFF, 0xFF, 0xFF, 0xFE, 0xFF,
  0xFF, 0xFF, 0xFF, 0xFF, 0x3F, 0xFF, 0xFF, 0xFF, 0xE0, 0x0F, 0xFF, 0xFF,
  0x00, 0x00, 0x03, 0xF8, 0x00, 0x00, 0x00, 0x00, 0x00, 0x00, 0x00, 0x00,
  0x1F, 0xF8, 0x00, 0x0F, 0xFE, 0x00, 0x00, 0x00, 0x00, 0x00, 0x03, 0xFF,
  0xF0, 0x01, 0xFF, 0xFE, 0x00, 0x00, 0xFF, 0xFF, 0xF8, 0x7F, 0xFF, 0xC0,
  0x3F, 0xFF, 0xF8, 0x00, 0x1F, 0xFF, 0xFF, 0xC7, 0xFF, 0xFF, 0x03, 0xFF,
  0xFF, 0xE0, 0x00, 0xFF, 0xFF, 0xFE, 0x7F, 0xFF, 0xFC, 0x3F, 0xFF, 0xFF,
  0xC0, 0x07, 0xFF, 0xFF, 0xF7, 0xFF, 0xFF, 0xE3, 0xFF, 0xFF, 0xFE, 0x00,
  0x3F, 0xFF, 0xFF, 0xFF, 0xFF, 0xFF, 0xBF, 0xFF, 0xFF, 0xF8, 0x01, 0xFF,
  0xFF, 0xFF, 0xFF, 0xFF, 0xFF, 0xFF, 0xFF, 0xFF, 0xE0, 0x0F, 0xFF, 0xFF,
  0xFF, 0xFF, 0xFF, 0xFF, 0xFF, 0xFF, 0xFF, 0x00, 0x7F, 0xFF, 0xFF, 0xFF,
  0xFF, 0xFF, 0xFF, 0xFF, 0xFF, 0xFC, 0x03, 0xFF, 0xFF, 0xFF, 0xFF, 0xFF,
  0xFF, 0xFF, 0xFF, 0xFF, 0xE0, 0x1F, 0xFF, 0xFF, 0xFF, 0xFF, 0xFF, 0xFF,
  0xFF, 0xFF, 0xFF, 0x80, 0xFF, 0xFF, 0xFF, 0xFF, 0xFF, 0xFF, 0xFF, 0xFF,
  0xFF, 0xFC, 0x07, 0xFF, 0xFF, 0xFF, 0xFF, 0xFF, 0xFF, 0xFF, 0xFF, 0xFF,
  0xE0, 0x3F, 0xFF, 0xFF, 0xFF, 0xFF, 0xFF, 0xFF, 0xFF, 0xFF, 0xFF, 0x81,
  0xFF, 0xFF, 0xFF, 0xFF, 0xFF, 0xFF, 0xFF, 0xFF, 0xFF, 0xFC, 0x0F, 0xFF,
  0xFF, 0xFF, 0xFF, 0xFF, 0xFF, 0xFF, 0xFF, 0xFF, 0xE0, 0x7F, 0xFF, 0xFF,
  0x9F, 0xFF, 0xFF, 0xF8, 0x7F, 0xFF, 0xFF, 0x03, 0xFF, 0xFF, 0xF8, 0x7F,
  0xFF, 0xFF, 0xC3, 0xFF, 0xFF, 0xFC, 0x1F, 0xFF, 0xFF, 0xC3, 0xFF, 0xFF,
  0xFC, 0x0F, 0xFF, 0xFF, 0xE0, 0xFF, 0xFF, 0xFC, 0x0F, 0xFF, 0xFF, 0xE0,
  0x7F, 0xFF, 0xFF, 0x07, 0xFF, 0xFF, 0xE0, 0x7F, 0xFF, 0xFE, 0x03, 0xFF,
  0xFF, 0xF8, 0x3F, 0xFF, 0xFF, 0x03, 0xFF, 0xFF, 0xF0, 0x1F, 0xFF, 0xFF,
  0xC3, 0xFF, 0xFF, 0xF8, 0x1F, 0xFF, 0xFF, 0x80, 0xFF, 0xFF, 0xFE, 0x1F,
  0xFF, 0xFF, 0x80, 0xFF, 0xFF, 0xFC, 0x07, 0xFF, 0xFF, 0xF8, 0xFF, 0xFF,
  0xFC, 0x03, 0xFF, 0xFF, 0xE0, 0x1F, 0xFF, 0xFF, 0xC7, 0xFF, 0xFF, 0xE0,
  0x1F, 0xFF, 0xFF, 0x00, 0xFF, 0xFF, 0xFE, 0x3F, 0xFF, 0xFF, 0x00, 0xFF,
  0xFF, 0xF8, 0x07, 0xFF, 0xFF, 0xF1, 0xFF, 0xFF, 0xF8, 0x07, 0xFF, 0xFF,
  0xC0, 0x3F, 0xFF, 0xFF, 0x8F, 0xFF, 0xFF, 0xC0, 0x3F, 0xFF, 0xFE, 0x01,
  0xFF, 0xFF, 0xFC, 0x7F, 0xFF, 0xFE, 0x01, 0xFF, 0xFF, 0xF0, 0x0F, 0xFF,
  0xFF, 0xE3, 0xFF, 0xFF, 0xF0, 0x0F, 0xFF, 0xFF, 0x80, 0x7F, 0xFF, 0xFF,
  0x1F, 0xFF, 0xFF, 0x80, 0x7F, 0xFF, 0xFC, 0x03, 0xFF, 0xFF, 0xF8, 0xFF,
  0xFF, 0xFC, 0x03, 0xFF, 0xFF, 0xE0, 0x1F, 0xFF, 0xFF, 0xC7, 0xFF, 0xFF,
  0xE0, 0x1F, 0xFF, 0xFF, 0x00, 0xFF, 0xFF, 0xFE, 0x3F, 0xFF, 0xFF, 0x00,
  0xFF, 0xFF, 0xF8, 0x07, 0xFF, 0xFF, 0xF1, 0xFF, 0xFF, 0xF8, 0x07, 0xFF,
  0xFF, 0xC0, 0x3F, 0xFF, 0xFF, 0x8F, 0xFF, 0xFF, 0xC0, 0x3F, 0xFF, 0xFE,
  0x01, 0xFF, 0xFF, 0xFC, 0xFF, 0xFF, 0xFE, 0x01, 0xFF, 0xFF, 0xF0, 0x0F,
  0xFF, 0xFF, 0xE7, 0xFF, 0xFF, 0xF0, 0x0F, 0xFF, 0xFF, 0x80, 0x7F, 0xFF,
  0xFF, 0x3F, 0xFF, 0xFF, 0x80, 0x7F, 0xFF, 0xFC, 0x03, 0xFF, 0xFF, 0xF9,
  0xFF, 0xFF, 0xFC, 0x03, 0xFF, 0xFF, 0xE0, 0x1F, 0xFF, 0xFF, 0xCF, 0xFF,
  0xFF, 0xE0, 0x1F, 0xFF, 0xFF, 0x00, 0xFF, 0xFF, 0xFE, 0x7F, 0xFF, 0xFF,
  0x00, 0xFF, 0xFF, 0xF8, 0x0F, 0xFF, 0xFF, 0xF3, 0xFF, 0xFF, 0xF8, 0x07,
  0xFF, 0xFF, 0xC0, 0x7F, 0xFF, 0xFF, 0x9F, 0xFF, 0xFF, 0xC0, 0x3F, 0xFF,
  0xFE, 0x03, 0xFF, 0xFF, 0xFC, 0xFF, 0xFF, 0xFE, 0x03, 0xFF, 0xFF, 0xF0,
  0x1F, 0xFF, 0xFF, 0xE7, 0xFF, 0xFF, 0xF0, 0x1F, 0xFF, 0xFF, 0x80, 0xFF,
  0xFF, 0xFF, 0x3F, 0xFF, 0xFF, 0x80, 0xFF, 0xFF, 0xFC, 0x07, 0xFF, 0xFF,
  0xF9, 0xFF, 0xFF, 0xF8, 0x07, 0xFF, 0xFF, 0xE0, 0x3F, 0xFF, 0xFF, 0xDF,
  0xFF, 0xFF, 0xC0, 0x3F, 0xFF, 0xFF, 0x01, 0xFF, 0xFF, 0xFE, 0xFF, 0xFF,
  0xFE, 0x01, 0xFF, 0xFF, 0xF8, 0x0F, 0xFF, 0xFF, 0xF7, 0xFF, 0xFF, 0xF0,
  0x0F, 0xFF, 0xFF, 0xC0, 0x7F, 0xFF, 0xFF, 0x3F, 0xFF, 0xFF, 0x80, 0x7F,
  0xFF, 0xFE, 0x07, 0xFF, 0xFF, 0xF9, 0xFF, 0xFF, 0xFC, 0x03, 0xFF, 0xFF,
  0xF0, 0x3F, 0xFF, 0xFF, 0xCF, 0xFF, 0xFF, 0xE0, 0x1F, 0xFF, 0xFF, 0x81,
  0xFF, 0xFF, 0xFE, 0x7F, 0xFF, 0xFF, 0x01, 0xFF, 0xFF, 0xF8, 0x0F, 0xFF,
  0xFF, 0xF3, 0xFF, 0xFF, 0xF8, 0x0F, 0xFF, 0xFF, 0xC0, 0x7F, 0xFF, 0xFF,
  0x9F, 0xFF, 0xFF, 0xC0, 0x7F, 0xFF, 0xFE, 0x03, 0xFF, 0xFF, 0xFC, 0xFF,
  0xFF, 0xFE, 0x03, 0xFF, 0xFF, 0xF0, 0x1F, 0xFF, 0xFF, 0xEF, 0xFF, 0xFF,
  0xF0, 0x1F, 0xFF, 0xFF, 0x80, 0xFF, 0xFF, 0xFF, 0x7F, 0xFF, 0xFF, 0x80,
  0xFF, 0xFF, 0xFC, 0x0F, 0xFF, 0xFF, 0xFB, 0xFF, 0xFF, 0xFC, 0x07, 0xFF,
  0xFF, 0xE0, 0x7F, 0xFF, 0xFF, 0xDF, 0xFF, 0xFF, 0xE0, 0x3F, 0xFF, 0xFF,
  0x03, 0xFF, 0xFF, 0xFE, 0xFF, 0xFF, 0xFF, 0x03, 0xFF, 0xFF, 0xF8, 0x1F,
  0xF8, 0x00, 0x07, 0xFF, 0xFF, 0xF8, 0x1F, 0xFF, 0x80, 0x00, 0x00, 0x00,
  0x00, 0x3F, 0xFF, 0xFF, 0xC0, 0x00, 0x00, 0x00, 0x00, 0x00, 0x00, 0x01,
  0xFF, 0xFF, 0xFE, 0x00, 0x00, 0x00, 0x00, 0x00, 0x00, 0x00, 0x00, 0x00,
  0x00, 0x07, 0xC0, 0x07, 0xF0, 0x00, 0x00, 0x7F, 0xFF, 0xFE, 0x01, 0xFF,
  0xF0, 0x00, 0x03, 0xFF, 0xFF, 0xF0, 0x3F, 0xFF, 0xE0, 0x00, 0x1F, 0xFF,
  0xFF, 0x87, 0xFF, 0xFF, 0xC0, 0x01, 0xFF, 0xFF, 0xFC, 0x7F, 0xFF, 0xFF,
  0x00, 0x0F, 0xFF, 0xFF, 0xE7, 0xFF, 0xFF, 0xFC, 0x00, 0x7F, 0xFF, 0xFF,
  0x7F, 0xFF, 0xFF, 0xF0, 0x03, 0xFF, 0xFF, 0xFF, 0xFF, 0xFF, 0xFF, 0x80,
  0x1F, 0xFF, 0xFF, 0xFF, 0xFF, 0xFF, 0xFE, 0x00, 0xFF, 0xFF, 0xFF, 0xFF,
  0xFF, 0xFF, 0xF8, 0x07, 0xFF, 0xFF, 0xFF, 0xFF, 0xFF, 0xFF, 0xC0, 0x3F,
  0xFF, 0xFF, 0xFF, 0xFF, 0xFF, 0xFF, 0x01, 0xFF, 0xFF, 0xFF, 0xFF, 0xFF,
  0xFF, 0xF8, 0x0F, 0xFF, 0xFF, 0xFF, 0xFF, 0xFF, 0xFF, 0xC0, 0x7F, 0xFF,
  0xFF, 0xFF, 0xFF, 0xFF, 0xFF, 0x03, 0xFF, 0xFF, 0xFF, 0xFF, 0xFF, 0xFF,
  0xF8, 0x1F, 0xFF, 0xFF, 0xFF, 0xFF, 0xFF, 0xFF, 0xC0, 0xFF, 0xFF, 0xFF,
  0xE3, 0xFF, 0xFF, 0xFF, 0x07, 0xFF, 0xFF, 0xFE, 0x0F, 0xFF, 0xFF, 0xF8,
  0x3F, 0xFF, 0xFF, 0xE0, 0x3F, 0xFF, 0xFF, 0xC1, 0xFF, 0xFF, 0xFF, 0x01,
  0xFF, 0xFF, 0xFE, 0x0F, 0xFF, 0xFF, 0xF0, 0x0F, 0xFF, 0xFF, 0xF8, 0x7F,
  0xFF, 0xFF, 0x80, 0x7F, 0xFF, 0xFF, 0xC3, 0xFF, 0xFF, 0xFC, 0x01, 0xFF,
  0xFF, 0xFE, 0x1F, 0xFF, 0xFF, 0xC0, 0x0F, 0xFF, 0xFF, 0xF0, 0xFF, 0xFF,
  0xFE, 0x00, 0x7F, 0xFF, 0xFF, 0x87, 0xFF, 0xFF, 0xF0, 0x03, 0xFF, 0xFF,
  0xFC, 0x3F, 0xFF, 0xFF, 0x80, 0x1F, 0xFF, 0xFF, 0xE3, 0xFF, 0xFF, 0xFC,
  0x00, 0xFF, 0xFF, 0xFF, 0x1F, 0xFF, 0xFF, 0xE0, 0x07, 0xFF, 0xFF, 0xF8,
  0xFF, 0xFF, 0xFF, 0x00, 0x3F, 0xFF, 0xFF, 0xE7, 0xFF, 0xFF, 0xF8, 0x01,
  0xFF, 0xFF, 0xFF, 0x3F, 0xFF, 0xFF, 0xC0, 0x0F, 0xFF, 0xFF, 0xF9, 0xFF,
  0xFF, 0xFE, 0x00, 0x7F, 0xFF, 0xFF, 0xCF, 0xFF, 0xFF, 0xE0, 0x03, 0xFF,
  0xFF, 0xFE, 0x7F, 0xFF, 0xFF, 0x00, 0x1F, 0xFF, 0xFF, 0xF3, 0xFF, 0xFF,
  0xF8, 0x00, 0xFF, 0xFF, 0xFF, 0x9F, 0xFF, 0xFF, 0xC0, 0x07, 0xFF, 0xFF,
  0xFC, 0xFF, 0xFF, 0xFE, 0x00, 0x3F, 0xFF, 0xFF, 0xE7, 0xFF, 0xFF, 0xF0,
  0x01, 0xFF, 0xFF, 0xFF, 0x3F, 0xFF, 0xFF, 0x80, 0x0F, 0xFF, 0xFF, 0xF9,
  0xFF, 0xFF, 0xFC, 0x00, 0x7F, 0xFF, 0xFF, 0xCF, 0xFF, 0xFF, 0xE0, 0x03,
  0xFF, 0xFF, 0xFE, 0x7F, 0xFF, 0xFF, 0x00, 0x1F, 0xFF, 0xFF, 0xF3, 0xFF,
  0xFF, 0xF8, 0x00, 0xFF, 0xFF, 0xFF, 0x9F, 0xFF, 0xFF, 0xC0, 0x07, 0xFF,
  0xFF, 0xFC, 0xFF, 0xFF, 0xFE, 0x00, 0x3F, 0xFF, 0xFF, 0xEF, 0xFF, 0xFF,
  0xF0, 0x01, 0xFF, 0xFF, 0xFF, 0x7F, 0xFF, 0xFF, 0x80, 0x1F, 0xFF, 0xFF,
  0xFB, 0xFF, 0xFF, 0xFC, 0x00, 0xFF, 0xFF, 0xFF, 0xDF, 0xFF, 0xFF, 0xE0,
  0x07, 0xFF, 0xFF, 0xFE, 0xFF, 0xFF, 0xFF, 0x00, 0x3F, 0xFF, 0xFF, 0xF7,
  0xFF, 0xFF, 0xF8, 0x01, 0xFF, 0xFF, 0xFF, 0xBF, 0xFF, 0xFF, 0xC0, 0x0F,
  0xFF, 0xFF, 0xFD, 0xFF, 0xFF, 0xFE, 0x00, 0x7F, 0xFF, 0xFF, 0xEF, 0xFF,
  0xFF, 0xF0, 0x07, 0xFF, 0xFF, 0xFF, 0x7F, 0xFF, 0xFF, 0x80, 0x3F, 0xFF,
  0xFF, 0xFB, 0xFF, 0xFF, 0xFC, 0x01, 0xFF, 0xFF, 0xFF, 0xDF, 0xFF, 0xFF,
  0xE0, 0x0F, 0xFF, 0xFF, 0xFE, 0xFF, 0xFF, 0xFF, 0x00, 0x7F, 0xFF, 0xFF,
  0xF7, 0xFF, 0xFF, 0xF8, 0x03, 0xFF, 0xFF, 0xFF, 0xBF, 0xFF, 0xFF, 0xC0,
  0x1F, 0xFF, 0xFF, 0xFD, 0xFF, 0xFF, 0xFE, 0x01, 0xFF, 0xFF, 0xFF, 0xEF,
  0xFF, 0xFF, 0xF0, 0x0F, 0xFF, 0xFF, 0xFE, 0x7F, 0xFF, 0xFF, 0x80, 0x7F,
  0xFF, 0xFF, 0xF7, 0xFF, 0xFF, 0xFC, 0x03, 0xFF, 0xFF, 0xFF, 0xBF, 0xFF,
  0xFF, 0xE0, 0x1F, 0xFF, 0xFF, 0xFD, 0xFF, 0xFF, 0xFF, 0x00, 0x00, 0x00,
  0x00, 0x0C, 0x00, 0x00, 0x00, 0x00, 0x00, 0x00, 0x00, 0x00, 0x00, 0x00,
  0x01, 0xFF, 0xFC, 0x00, 0x00, 0x00, 0x00, 0x00, 0x7F, 0xFF, 0xFC, 0x00,
  0x00, 0x00, 0x00, 0x1F, 0xFF, 0xFF, 0xFC, 0x00, 0x00, 0x00, 0x01, 0xFF,
  0xFF, 0xFF, 0xF8, 0x00, 0x00, 0x00, 0x3F, 0xFF, 0xFF, 0xFF, 0xF0, 0x00,
  0x00, 0x03, 0xFF, 0xFF, 0xFF, 0xFF, 0xC0, 0x00, 0x00, 0x7F, 0xFF, 0xFF,
  0xFF, 0xFF, 0x00, 0x00, 0x07, 0xFF, 0xFF, 0xFF, 0xFF, 0xFE, 0x00, 0x00,
  0x7F, 0xFF, 0xFF, 0xFF, 0xFF, 0xF8, 0x00, 0x07, 0xFF, 0xFF, 0xFF, 0xFF,
  0xFF, 0xC0, 0x00, 0x7F, 0xFF, 0xFF, 0xFF, 0xFF, 0xFF, 0x00, 0x03, 0xFF,
  0xFF, 0xFF, 0xFF, 0xFF, 0xFC, 0x00, 0x3F, 0xFF, 0xFF, 0xFF, 0xFF, 0xFF,
  0xF0, 0x03, 0xFF, 0xFF, 0xFF, 0xFF, 0xFF, 0xFF, 0x80, 0x1F, 0xFF, 0xFF,
  0xFF, 0xFF, 0xFF, 0xFE, 0x01, 0xFF, 0xFF, 0xFF, 0xFF, 0xFF, 0xFF, 0xF0,
  0x1F, 0xFF, 0xFF, 0xFF, 0xFF, 0xFF, 0xFF, 0xC0, 0xFF, 0xFF, 0xFF, 0xFF,
  0xFF, 0xFF, 0xFE, 0x0F, 0xFF, 0xFF, 0xFF, 0xFF, 0xFF, 0xFF, 0xF8, 0x7F,
  0xFF, 0xFF, 0xFF, 0xFF, 0xFF, 0xFF, 0xC3, 0xFF, 0xFF, 0xFF, 0xFF, 0xFF,
  0xFF, 0xFE, 0x3F, 0xFF, 0xFF, 0xE0, 0x1F, 0xFF, 0xFF, 0xF9, 0xFF, 0xFF,
  0xFE, 0x00, 0x7F, 0xFF, 0xFF, 0xCF, 0xFF, 0xFF, 0xC0, 0x01, 0xFF, 0xFF,
  0xFE, 0x7F, 0xFF, 0xFE, 0x00, 0x07, 0xFF, 0xFF, 0xF7, 0xFF, 0xFF, 0xE0,
  0x00, 0x1F, 0xFF, 0xFF, 0xBF, 0xFF, 0xFE, 0x00, 0x00, 0xFF, 0xFF, 0xFD,
  0xFF, 0xFF, 0xF0, 0x00, 0x03, 0xFF, 0xFF, 0xEF, 0xFF, 0xFF, 0x80, 0x00,
  0x1F, 0xFF, 0xFF, 0xFF, 0xFF, 0xFC, 0x00, 0x00, 0xFF, 0xFF, 0xFF, 0xFF,
  0xFF, 0xE0, 0x00, 0x07, 0xFF, 0xFF, 0xFF, 0xFF, 0xFF, 0x00, 0x00, 0x3F,
  0xFF, 0xFF, 0xFF, 0xFF, 0xF8, 0x00, 0x01, 0xFF, 0xFF, 0xFF, 0xFF, 0xFF,
  0xC0, 0x00, 0x0F, 0xFF, 0xFF, 0xBF, 0xFF, 0xFE, 0x00, 0x00, 0x7F, 0xFF,
  0xFD, 0xFF, 0xFF, 0xF0, 0x00, 0x03, 0xFF, 0xFF, 0xEF, 0xFF, 0xFF, 0xC0,
  0x00, 0x3F, 0xFF, 0xFF, 0x7F, 0xFF, 0xFE, 0x00, 0x01, 0xFF, 0xFF, 0xF9,
  0xFF, 0xFF, 0xF8, 0x00, 0x1F, 0xFF, 0xFF, 0xCF, 0xFF, 0xFF, 0xC0, 0x01,
  0xFF, 0xFF, 0xFC, 0x7F, 0xFF, 0xFF, 0x00, 0x1F, 0xFF, 0xFF, 0xE3, 0xFF,
  0xFF, 0xFE, 0x01, 0xFF, 0xFF, 0xFF, 0x0F, 0xFF, 0xFF, 0xFF, 0xFF, 0xFF,
  0xFF, 0xF0, 0x7F, 0xFF, 0xFF, 0xFF, 0xFF, 0xFF, 0xFF, 0x81, 0xFF, 0xFF,
  0xFF, 0xFF, 0xFF, 0xFF, 0xFC, 0x0F, 0xFF, 0xFF, 0xFF, 0xFF, 0xFF, 0xFF,
  0xC0, 0x3F, 0xFF, 0xFF, 0xFF, 0xFF, 0xFF, 0xFE, 0x01, 0xFF, 0xFF, 0xFF,
  0xFF, 0xFF, 0xFF, 0xE0, 0x07, 0xFF, 0xFF, 0xFF, 0xFF, 0xFF, 0xFE, 0x00,
  0x3F, 0xFF, 0xFF, 0xFF, 0xFF, 0xFF, 0xF0, 0x00, 0xFF, 0xFF, 0xFF, 0xFF,
  0xFF, 0xFF, 0x00, 0x03, 0xFF, 0xFF, 0xFF, 0xFF, 0xFF, 0xF0, 0x00, 0x0F,
  0xFF, 0xFF, 0xFF, 0xFF, 0xFF, 0x00, 0x00, 0x3F, 0xFF, 0xFF, 0xFF, 0xFF,
  0xF0, 0x00, 0x00, 0xFF, 0xFF, 0xFF, 0xFF, 0xFF, 0x00, 0x00, 0x03, 0xFF,
  0xFF, 0xFF, 0xFF, 0xF0, 0x00, 0x00, 0x0F, 0xFF, 0xFF, 0xFF, 0xFF, 0x00,
  0x00, 0x00, 0x1F, 0xFF, 0xFF, 0xFF, 0xF0, 0x00, 0x00, 0x00, 0x7F, 0xFF,
  0xFF, 0xFE, 0x00, 0x00, 0x00, 0x00, 0xFF, 0xFF, 0xFF, 0xC0, 0x00, 0x00,
  0x00, 0x00, 0xFF, 0xFF, 0xF8, 0x00, 0x00, 0x00, 0x00, 0x00, 0xFF, 0xFC,
  0x00, 0x00, 0x00, 0x00, 0x03, 0xFF, 0xFF, 0x80, 0x00, 0x00, 0x01, 0xFF,
  0xFF, 0xFF, 0xF0, 0x00, 0x00, 0x7F, 0xFF, 0xFF, 0xFF, 0xFC, 0x00, 0x07,
  0xFF, 0xFF, 0xFF, 0xFF, 0xFE, 0x00, 0x0F, 0xFF, 0xFF, 0xFF, 0xFF, 0xFF,
  0x00, 0x1F, 0xFF, 0xFF, 0xFF, 0xFF, 0xFF, 0x80, 0x3F, 0xFF, 0xFF, 0xFF,
  0xFF, 0xFF, 0x80, 0x7F, 0xFF, 0xFF, 0xFF, 0xFF, 0xFF, 0x80, 0xFF, 0xFF,
  0xFF, 0xFF, 0xFF, 0xFF, 0x81, 0xFF, 0xFF, 0xFF, 0xFF, 0xFF, 0xFF, 0x83,
  0xFF, 0xFF, 0xFF, 0xFF, 0xFF, 0xFF, 0x87, 0xFF, 0xFF, 0xFF, 0xFF, 0xFF,
  0xFF, 0x8F, 0xFF, 0xFF, 0xFF, 0xFF, 0xFF, 0xFF, 0x1F, 0xFF, 0xFF, 0xFF,
  0xFF, 0xFF, 0xFF, 0x3F, 0xFF, 0xFF, 0xFF, 0xFF, 0xFF, 0xFE, 0x7F, 0xFF,
  0xFF, 0xFF, 0xFF, 0xFF, 0xFE, 0xFF, 0xFF, 0xFF, 0xFF, 0xFF, 0xFF, 0xFD,
  0xFF, 0xFF, 0xFF, 0xFF, 0xFF, 0xFF, 0xFB, 0xFF, 0xFF, 0xFF, 0xFF, 0xFF,
  0xFF, 0xFF, 0xFF, 0xFF, 0xF0, 0x1F, 0xFF, 0xFF, 0xFF, 0xFF, 0xFF, 0xE0,
  0x0F, 0xFF, 0xFF, 0xFF, 0xFF, 0xFF, 0xC0, 0x0F, 0xFF, 0xFF, 0xFF, 0xFF,
  0xFF, 0x80, 0x1F, 0xFF, 0xFF, 0xFF, 0xFF, 0xFF, 0x00, 0x1F, 0xFF, 0xFF,
  0xFF, 0xFF, 0xFE, 0x00, 0x3F, 0xFF, 0xFF, 0xFF, 0xFF, 0xFC, 0x00, 0x7F,
  0xFF, 0xFF, 0xFF, 0xFF, 0xF8, 0x00, 0xFF, 0xFF, 0xFF, 0xFF, 0xFF, 0xF0,
  0x01, 0xFF, 0xFF, 0xFF, 0xFF, 0xFF, 0xE0, 0x07, 0xFF, 0xFF, 0xFF, 0xFF,
  0xFF, 0xC0, 0x0F, 0xFF, 0xFF, 0xFF, 0xFF, 0xFF, 0x80, 0x3F, 0xFF, 0xFF,
  0x7F, 0xFF, 0xFF, 0x00, 0xFF, 0xFF, 0xFE, 0xFF, 0xFF, 0xFE, 0x07, 0xFF,
  0xFF, 0xFD, 0xFF, 0xFF, 0xFC, 0x7F, 0xFF, 0xFF, 0xF3, 0xFF, 0xFF, 0xFF,
  0xFF, 0xFF, 0xFF, 0xE7, 0xFF, 0xFF, 0xFF, 0xFF, 0xFF, 0xFF, 0x8F, 0xFF,
  0xFF, 0xFF, 0xFF, 0xFF, 0xFE, 0x1F, 0xFF, 0xFF, 0xFF, 0xFF, 0xFF, 0xFC,
  0x3F, 0xFF, 0xFF, 0xFF, 0xFF, 0xFF, 0xF0, 0x7F, 0xFF, 0xFF, 0xFF, 0xFF,
  0xFF, 0xC0, 0xFF, 0xFF, 0xFF, 0xFF, 0xFF, 0xFF, 0x01, 0xFF, 0xFF, 0xFF,
  0xFF, 0xFF, 0xFC, 0x03, 0xFF, 0xFF, 0xFF, 0xFF, 0xFF, 0xE0, 0x07, 0xFF,
  0xFF, 0xFF, 0xFF, 0xFF, 0x00, 0x0F, 0xFF, 0xFF, 0xFF, 0xFF, 0xF8, 0x00,
  0x1F, 0xFF, 0xFF, 0xFF, 0xFF, 0xC0, 0x00, 0x3F, 0xFF, 0xFF, 0xFF, 0xF8,
  0x00, 0x00, 0x7F, 0xFF, 0xFF, 0xFF, 0x00, 0x00, 0x00, 0xFF, 0xFF, 0xFC,
  0x00, 0x00, 0x00, 0x01, 0xFF, 0xFF, 0xF8, 0x00, 0x00, 0x00, 0x03, 0xFF,
  0xFF, 0xF0, 0x00, 0x00, 0x00, 0x07, 0xFF, 0xFF, 0xE0, 0x00, 0x00, 0x00,
  0x0F, 0xFF, 0xFF, 0xC0, 0x00, 0x00, 0x00, 0x1F, 0xFF, 0xFF, 0x80, 0x00,
  0x00, 0x00, 0x3F, 0xFF, 0xFF, 0x00, 0x00, 0x00, 0x00, 0x7F, 0xFF, 0xFE,
  0x00, 0x00, 0x00, 0x00, 0xFF, 0xFF, 0xFC, 0x00, 0x00, 0x00, 0x01, 0xFF,
  0xFF, 0xF8, 0x00, 0x00, 0x00, 0x03, 0xFF, 0xFF, 0xF0, 0x00, 0x00, 0x00,
  0x07, 0xFF, 0xFF, 0xE0, 0x00, 0x00, 0x00, 0x0F, 0xFF, 0xFF, 0xC0, 0x00,
  0x00, 0x00, 0x1F, 0xFF, 0xFF, 0x80, 0x00, 0x00, 0x00, 0x3F, 0xFF, 0xFF,
  0x00, 0x00, 0x00, 0x00, 0x7F, 0xFF, 0xFE, 0x00, 0x00, 0x00, 0x00, 0xFF,
  0xFF, 0xFC, 0x00, 0x00, 0x00, 0x01, 0xFF, 0xFF, 0xF8, 0x00, 0x00, 0x00,
  0x03, 0xFF, 0xFF, 0xF0, 0x00, 0x00, 0x00, 0x07, 0xFF, 0xFF, 0xE0, 0x00,
  0x00, 0x00, 0x0F, 0xFF, 0xFF, 0xC0, 0x00, 0x00, 0x00, 0x00, 0x00, 0x00,
  0x00, 0x3F, 0xFF, 0x80, 0x00, 0x00, 0x00, 0x00, 0x00, 0x3F, 0xFF, 0xFF,
  0x00, 0x00, 0x00, 0x00, 0x00, 0x3F, 0xFF, 0xFF, 0xFC, 0x00, 0x00, 0x00,
  0x00, 0x1F, 0xFF, 0xFF, 0xFF, 0xE0, 0x00, 0x00, 0x00, 0x0F, 0xFF, 0xFF,
  0xFF, 0xFF, 0x00, 0x00, 0x00, 0x03, 0xFF, 0xFF, 0xFF, 0xFF, 0xF8, 0x00,
  0x00, 0x00, 0xFF, 0xFF, 0xFF, 0xFF, 0xFF, 0x80, 0x00, 0x00, 0x7F, 0xFF,
  0xFF, 0xFF, 0xFF, 0xF8, 0x00, 0x00, 0x1F, 0xFF, 0xFF, 0xFF, 0xFF, 0xFF,
  0x80, 0x00, 0x07, 0xFF, 0xFF, 0xFF, 0xFF, 0xFF, 0xF8, 0x00, 0x01, 0xFF,
  0xFF, 0xFF, 0xFF, 0xFF, 0xFF, 0x80, 0x00, 0x7F, 0xFF, 0xFF, 0xFF, 0xFF,
  0xFF, 0xF8, 0x00, 0x0F, 0xFF, 0xFF, 0xFF, 0xFF, 0xFF, 0xFF, 0x80, 0x03,
  0xFF, 0xFF, 0xFF, 0xFF, 0xFF, 0xFF, 0xF8, 0x00, 0xFF, 0xFF, 0xFF, 0xFF,
  0xFF, 0xFF, 0xFF, 0x00, 0x1F, 0xFF, 0xFF, 0xFF, 0xFF, 0xFF, 0xFF, 0xF0,
  0x07, 0xFF, 0xFF, 0xFF, 0xFF, 0xFF, 0xFF, 0xFE, 0x01, 0xFF, 0xFF, 0xFF,
  0xFF, 0xFF, 0xFF, 0xFF, 0xE0, 0x3F, 0xFF, 0xFF, 0xFF, 0xFF, 0xFF, 0xFF,
  0xFC, 0x0F, 0xFF, 0xFF, 0xFF, 0xFF, 0xFF, 0xFF, 0xFF, 0xC1, 0xFF, 0xFF,
  0xFF, 0xFF, 0xFF, 0xFF, 0xFF, 0xF8, 0x3F, 0xFF, 0xFF, 0xFF, 0xFF, 0xFF,
  0xFF, 0xFF, 0x0F, 0xFF, 0xFF, 0xFF, 0x83, 0xFF, 0xFF, 0xFF, 0xF1, 0xFF,
  0xFF, 0xFF, 0x80, 0x1F, 0xFF, 0xFF, 0xFE, 0x3F, 0xFF, 0xFF, 0xE0, 0x00,
  0xFF, 0xFF, 0xFF, 0xCF, 0xFF, 0xFF, 0xF8, 0x00, 0x0F, 0xFF, 0xFF, 0xF9,
  0xFF, 0xFF, 0xFE, 0x00, 0x01, 0xFF, 0xFF, 0xFF, 0x3F, 0xFF, 0xFF, 0x80,
  0x00, 0x1F, 0xFF, 0xFF, 0xE7, 0xFF, 0xFF, 0xF0, 0x00, 0x03, 0xFF, 0xFF,
  0xFE, 0xFF, 0xFF, 0xFE, 0x00, 0x00, 0x3F, 0xFF, 0xFF, 0xDF, 0xFF, 0xFF,
  0x80, 0x00, 0x07, 0xFF, 0xFF, 0xFF, 0xFF, 0xFF, 0xF0, 0x00, 0x00, 0xFF,
  0xFF, 0xFF, 0xFF, 0xFF, 0xFE, 0x00, 0x00, 0x1F, 0xFF, 0xFF, 0xFF, 0xFF,
  0xFF, 0xC0, 0x00, 0x03, 0xFF, 0xFF, 0xFF, 0xFF, 0xFF, 0xF8, 0x00, 0x00,
  0x7F, 0xFF, 0xFF, 0xFF, 0xFF, 0xFF, 0x00, 0x00, 0x0F, 0xFF, 0xFF, 0xF7,
  0xFF, 0xFF, 0xE0, 0x00, 0x01, 0xFF, 0xFF, 0xFE, 0xFF, 0xFF, 0xFE, 0x00,
  0x00, 0x3F, 0xFF, 0xFF, 0x9F, 0xFF, 0xFF, 0xC0, 0x00, 0x07, 0xFF, 0xFF,
  0xF3, 0xFF, 0xFF, 0xFC, 0x00, 0x01, 0xFF, 0xFF, 0xFE, 0x7F, 0xFF, 0xFF,
  0x80, 0x00, 0x3F, 0xFF, 0xFF, 0xCF, 0xFF, 0xFF, 0xF8, 0x00, 0x0F, 0xFF,
  0xFF, 0xF8, 0xFF, 0xFF, 0xFF, 0x80, 0x03, 0xFF, 0xFF, 0xFE, 0x1F, 0xFF,
  0xFF, 0xF8, 0x00, 0xFF, 0xFF, 0xFF, 0xC3, 0xFF, 0xFF, 0xFF, 0x80, 0x7F,
  0xFF, 0xFF, 0xF8, 0x3F, 0xFF, 0xFF, 0xFF, 0xFF, 0xFF, 0xFF, 0xFE, 0x07,
  0xFF, 0xFF, 0xFF, 0xFF, 0xFF, 0xFF, 0xFF, 0xC0, 0xFF, 0xFF, 0xFF, 0xFF,
  0xFF, 0xFF, 0xFF, 0xF0, 0x0F, 0xFF, 0xFF, 0xFF, 0xFF, 0xFF, 0xFF, 0xFE,
  0x01, 0xFF, 0xFF, 0xFF, 0xFF, 0xFF, 0xFF, 0xFF, 0x80, 0x1F, 0xFF, 0xFF,
  0xFF, 0xFF, 0xFF, 0xFF, 0xF0, 0x01, 0xFF, 0xFF, 0xFF, 0xFF, 0xFF, 0xFF,
  0xFC, 0x00, 0x3F, 0xFF, 0xFF, 0xFF, 0xFF, 0xFF, 0xFF, 0x80, 0x03, 0xFF,
  0xFF, 0xFF, 0xFF, 0xFF, 0xFF, 0xE0, 0x00, 0x3F, 0xFF, 0xFF, 0xFF, 0xFF,
  0xFF, 0xF8, 0x00, 0x03, 0xFF, 0xFF, 0xFF, 0xFF, 0xFF, 0xFE, 0x00, 0x00,
  0x3F, 0xFF, 0xFF, 0xFF, 0xFF, 0xFF, 0x80, 0x00, 0x03, 0xFF, 0xFF, 0xFF,
  0xFF, 0xFF, 0xE0, 0x00, 0x00, 0x3F, 0xFF, 0xFF, 0xFF, 0xFF, 0xFC, 0x00,
  0x00, 0x03, 0xFF, 0xFF, 0xFF, 0xFF, 0xFF, 0xC0, 0x00, 0x00, 0x3F, 0xFF,
  0xFF, 0xFF, 0xFF, 0xFC, 0x00, 0x00, 0x01, 0xFF, 0xFF, 0xFF, 0xFF, 0xFF,
  0xC0, 0x00, 0x00, 0x0F, 0xFF, 0xFF, 0xFF, 0xFF, 0xFC, 0x00, 0x00, 0x00,
  0x7F, 0xFF, 0xFF, 0xFF, 0xFF, 0xC0, 0x00, 0x00, 0x03, 0xFF, 0xFF, 0xFF,
  0xFF, 0xFC, 0x00, 0x00, 0x00, 0x0F, 0xFF, 0xFF, 0xFF, 0xFF, 0xC0, 0x00,
  0x00, 0x00, 0x00, 0x01, 0xFF, 0xFF, 0xE0, 0x00, 0x00, 0x00, 0x00, 0x00,
  0x1F, 0xFF, 0xF8, 0x00, 0x00, 0x00, 0x00, 0x00, 0x03, 0xFF, 0xFC, 0x00,
  0x00, 0x00, 0x00, 0x00, 0x00, 0x7F, 0xFF, 0x00, 0x00, 0x00, 0x00, 0x00,
  0x00, 0x07, 0xFF, 0x80, 0x00, 0x00, 0x00, 0x00, 0x00, 0x00, 0xFF, 0xE0,
  0x00, 0x00, 0x00, 0x00, 0x00, 0x00, 0x1F, 0xF0, 0x00, 0x00, 0x00, 0x00,
  0x00, 0x00, 0x01, 0xF8, 0x00, 0x00, 0x00, 0x00, 0x00, 0x00, 0x00, 0x3E,
  0x00, 0x00, 0x00, 0x00, 0x00, 0x00, 0x00, 0x07, 0x00, 0x00, 0x00, 0x00,
  0x00, 0x00, 0x00, 0x00, 0x40, 0x00, 0x00, 0x00, 0x00, 0xFF, 0xFF, 0xE0,
  0x00, 0x00, 0x00, 0x1F, 0xFF, 0xFF, 0xFF, 0x00, 0x00, 0x00, 0xFF, 0xFF,
  0xFF, 0xFF, 0xF0, 0x00, 0x03, 0xFF, 0xFF, 0xFF, 0xFF, 0xFE, 0x00, 0x03,
  0xFF, 0xFF, 0xFF, 0xFF, 0xFF, 0xC0, 0x01, 0xFF, 0xFF, 0xFF, 0xFF, 0xFF,
  0xF0, 0x01, 0xFF, 0xFF, 0xFF, 0xFF, 0xFF, 0xFE, 0x00, 0xFF, 0xFF, 0xFF,
  0xFF, 0xFF, 0xFF, 0x80, 0x7F, 0xFF, 0xFF, 0xFF, 0xFF, 0xFF, 0xE0, 0x3F,
  0xFF, 0xFF, 0xFF, 0xFF, 0xFF, 0xF8, 0x1F, 0xFF, 0xFF, 0xFF, 0xFF, 0xFF,
  0xFC, 0x0F, 0xFF, 0xFF, 0xFF, 0xFF, 0xFF, 0xFF, 0x07, 0xFF, 0xFF, 0xFF,
  0xFF, 0xFF, 0xFF, 0xC3, 0xFF, 0xFF, 0xFF, 0xFF, 0xFF, 0xFF, 0xE1, 0xFF,
  0xFF, 0xFF, 0xFF, 0xFF, 0xFF, 0xF8, 0xFF, 0xFF, 0xFF, 0xFF, 0xFF, 0xFF,
  0xFC, 0x7F, 0xFF, 0xFF, 0x07, 0xFF, 0xFF, 0xFE, 0x3F, 0xFF, 0xFF, 0x00,
  0xFF, 0xFF, 0xFF, 0x9F, 0xFF, 0xFF, 0x80, 0x1F, 0xFF, 0xFF, 0xCF, 0xFF,
  0xFF, 0xC0, 0x0F, 0xFF, 0xFF, 0xE7, 0xFF, 0xFF, 0xE0, 0x03, 0xFF, 0xFF,
  0xF3, 0xFF, 0xFF, 0xF0, 0x01, 0xFF, 0xFF, 0xF9, 0xFF, 0xFF, 0xF8, 0x00,
  0x7F, 0xFF, 0xFC, 0xFF, 0xFF, 0xFC, 0x00, 0x3F, 0xFF, 0xFF, 0x7F, 0xFF,
  0xFE, 0x00, 0x1F, 0xFF, 0xFF, 0xBF, 0xFF, 0xFE, 0x00, 0x0F, 0xFF, 0xFF,
  0x9F, 0xFF, 0xFF, 0x00, 0x07, 0xFF, 0xFF, 0xCF, 0xFF, 0xFF, 0x80, 0x03,
  0xFF, 0xFF, 0xE7, 0xFF, 0xFF, 0xC0, 0x03, 0xFF, 0xFF, 0xF3, 0xFF, 0xFF,
  0xE0, 0x01, 0xFF, 0xFF, 0xF9, 0xFF, 0xFF, 0xF0, 0x01, 0xFF, 0xFF, 0xFC,
  0xFF, 0xFF, 0xF8, 0x01, 0xFF, 0xFF, 0xFE, 0x7F, 0xFF, 0xFC, 0x01, 0xFF,
  0xFF, 0xFE, 0x3F, 0xFF, 0xFE, 0x03, 0xFF, 0xFF, 0xFF, 0x1F, 0xFF, 0xFF,
  0xFF, 0xFF, 0xFF, 0xFF, 0x8F, 0xFF, 0xFF, 0xFF, 0xFF, 0xFF, 0xFF, 0x87,
  0xFF, 0xFF, 0xFF, 0xFF, 0xFF, 0xFF, 0xC3, 0xFF, 0xFF, 0xFF, 0xFF, 0xFF,
  0xFF, 0xC1, 0xFF, 0xFF, 0xFF, 0xFF, 0xFF, 0xFF, 0xC0, 0xFF, 0xFF, 0xFF,
  0xFF, 0xFF, 0xFF, 0xE0, 0x7F, 0xFF, 0xFF, 0xFF, 0xFF, 0xFF, 0xE0, 0x3F,
  0xFF, 0xFF, 0xFF, 0xFF, 0xFF, 0xE0, 0x1F, 0xFF, 0xFF, 0xFF, 0xFF, 0xFF,
  0xE0, 0x0F, 0xFF, 0xFF, 0xFF, 0xFF, 0xFF, 0xC0, 0x07, 0xFF, 0xFF, 0xFF,
  0xFF, 0xFF, 0xC0, 0x03, 0xFF, 0xFF, 0xFF, 0xFF, 0xFF, 0xC0, 0x01, 0xFF,
  0xFF, 0xFF, 0xFF, 0xFF, 0xF0, 0x00, 0xFF, 0xFF, 0xFF, 0xFF, 0xFF, 0xF8,
  0x00, 0xFF, 0xFF, 0xFF, 0xFF, 0xFF, 0xFE, 0x00, 0x7F, 0xFF, 0xFE, 0x07,
  0xFF, 0xFF, 0x00, 0x3F, 0xFF, 0xFE, 0x03, 0xFF, 0xFF, 0xC0, 0x1F, 0xFF,
  0xFF, 0x01, 0xFF, 0xFF, 0xF0, 0x0F, 0xFF, 0xFF, 0x80, 0x7F, 0xFF, 0xF8,
  0x07, 0xFF, 0xFF, 0xC0, 0x3F, 0xFF, 0xFE, 0x03, 0xFF, 0xFF, 0xE0, 0x1F,
  0xFF, 0xFF, 0x01, 0xFF, 0xFF, 0xF0, 0x07, 0xFF, 0xFF, 0xC0, 0xFF, 0xFF,
  0xF8, 0x03, 0xFF, 0xFF, 0xE0, 0x7F, 0xFF, 0xFC, 0x01, 0xFF, 0xFF, 0xF8,
  0x3F, 0xFF, 0xFE, 0x00, 0x7F, 0xFF, 0xFE, 0x1F, 0xFF, 0xFF, 0x00, 0x3F,
  0xFF, 0xFF, 0x0F, 0xFF, 0xFF, 0x80, 0x0F, 0xFF, 0xFF, 0xC7, 0xFF, 0xFF,
  0xC0, 0x07, 0xFF, 0xFF, 0xE3, 0xFF, 0xFF, 0xE0, 0x03, 0xFF, 0xFF, 0xF9,
  0xFF, 0xFF, 0xF0, 0x00, 0xFF, 0xFF, 0xFC, 0xFF, 0xFF, 0xF8, 0x00, 0x7F,
  0xFF, 0xFF, 0x7F, 0xFF, 0xFC, 0x00, 0x3F, 0xFF, 0xFF, 0x3F, 0xFF, 0xFE,
  0x00, 0x0F, 0xFF, 0xF0, 0x1F, 0xFF, 0xFF, 0x00, 0x07, 0xFF, 0x00, 0x0F,
  0xFF, 0xFF, 0x80, 0x03, 0xF0, 0x00, 0x00, 0x00, 0x00, 0x00, 0x01, 0x00,
  0x00, 0x00, 0x00, 0x00, 0x03, 0xFF, 0xF0, 0x00, 0x00, 0x00, 0x0F, 0xFF,
  0xFF, 0xE0, 0x00, 0x00, 0x1F, 0xFF, 0xFF, 0xFF, 0x00, 0x00, 0x1F, 0xFF,
  0xFF, 0xFF, 0xF8, 0x00, 0x1F, 0xFF, 0xFF, 0xFF, 0xFE, 0x00, 0x0F, 0xFF,
  0xFF, 0xFF, 0xFF, 0x00, 0x07, 0xFF, 0xFF, 0xFF, 0xFF, 0xC0, 0x03, 0xFF,
  0xFF, 0xFF, 0xFF, 0xF0, 0x01, 0xFF, 0xFF, 0xFF, 0xFF, 0xFC, 0x00, 0xFF,
  0xFF, 0xFF, 0xFF, 0xFF, 0x00, 0x7F, 0xFF, 0xFF, 0xFF, 0xFF, 0xC0, 0x3F,
  0xFF, 0xFF, 0xFF, 0xFF, 0xF0, 0x1F, 0xFF, 0xFF, 0xFF, 0xFF, 0xFC, 0x07,
  0xFF, 0xFF, 0xFF, 0xFF, 0xFF, 0x03, 0xFF, 0xFF, 0xFF, 0xFF, 0xFF, 0xC0,
  0xFF, 0xFF, 0xFF, 0xFF, 0xFF, 0xF0, 0x3F, 0xFF, 0xFF, 0xFF, 0xFF, 0xF8,
  0x1F, 0xFF, 0xFF, 0xFF, 0xFF, 0xFE, 0x07, 0xFF, 0xFF, 0xFF, 0xFF, 0xFF,
  0x81, 0xFF, 0xFF, 0xFF, 0xFF, 0xFF, 0xE0, 0x7F, 0xFF, 0xFF, 0xF0, 0x3F,
  0xF8, 0x3F, 0xFF, 0xFF, 0x80, 0x00, 0x3E, 0x0F, 0xFF, 0xFF, 0xC0, 0x00,
  0x01, 0x83, 0xFF, 0xFF, 0xE0, 0x00, 0x00, 0x00, 0xFF, 0xFF, 0xF8, 0x00,
  0x00, 0x00, 0x3F, 0xFF, 0xFF, 0x00, 0x00, 0x00, 0x0F, 0xFF, 0xFF, 0xE0,
  0x00, 0x00, 0x01, 0xFF, 0xFF, 0xFF, 0xFF, 0xF8, 0x00, 0x7F, 0xFF, 0xFF,
  0xFF, 0xFF, 0x80, 0x1F, 0xFF, 0xFF, 0xFF, 0xFF, 0xF8, 0x07, 0xFF, 0xFF,
  0xFF, 0xFF, 0xFF, 0x80, 0xFF, 0xFF, 0xFF, 0xFF, 0xFF, 0xF0, 0x3F, 0xFF,
  0xFF, 0xFF, 0xFF, 0xFE, 0x0F, 0xFF, 0xFF, 0xFF, 0xFF, 0xFF, 0x81, 0xFF,
  0xFF, 0xFF, 0xFF, 0xFF, 0xF0, 0x3F, 0xFF, 0xFF, 0xFF, 0xFF, 0xFE, 0x07,
  0xFF, 0xFF, 0xFF, 0xFF, 0xFF, 0x81, 0xFF, 0xFF, 0xFF, 0xFF, 0xFF, 0xE0,
  0x1F, 0xFF, 0xFF, 0xFF, 0xFF, 0xFC, 0x03, 0xFF, 0xFF, 0xFF, 0xFF, 0xFF,
  0x00, 0x3F, 0xFF, 0xFF, 0xFF, 0xFF, 0xC0, 0x03, 0xFF, 0xFF, 0xFF, 0xFF,
  0xF0, 0x00, 0x00, 0x3F, 0xFF, 0xFF, 0xFC, 0x00, 0x00, 0x00, 0x7F, 0xFF,
  0xFF, 0x00, 0x00, 0x00, 0x0F, 0xFF, 0xFF, 0xCC, 0x00, 0x00, 0x01, 0xFF,
  0xFF, 0xF3, 0xC0, 0x00, 0x00, 0x7F, 0xFF, 0xFC, 0xFE, 0x00, 0x00, 0x3F,
  0xFF, 0xFF, 0x3F, 0xF0, 0x00, 0x1F, 0xFF, 0xFF, 0xCF, 0xFF, 0xF0, 0x3F,
  0xFF, 0xFF, 0xF3, 0xFF, 0xFF, 0xFF, 0xFF, 0xFF, 0xFC, 0xFF, 0xFF, 0xFF,
  0xFF, 0xFF, 0xFF, 0x3F, 0xFF, 0xFF, 0xFF, 0xFF, 0xFF, 0x9F, 0xFF, 0xFF,
  0xFF, 0xFF, 0xFF, 0xE7, 0xFF, 0xFF, 0xFF, 0xFF, 0xFF, 0xF9, 0xFF, 0xFF,
  0xFF, 0xFF, 0xFF, 0xFC, 0x7F, 0xFF, 0xFF, 0xFF, 0xFF, 0xFF, 0x1F, 0xFF,
  0xFF, 0xFF, 0xFF, 0xFF, 0x87, 0xFF, 0xFF, 0xFF, 0xFF, 0xFF, 0xE1, 0xFF,
  0xFF, 0xFF, 0xFF, 0xFF, 0xF0, 0x7F, 0xFF, 0xFF, 0xFF, 0xFF, 0xF8, 0x1F,
  0xFF, 0xFF, 0xFF, 0xFF, 0xFC, 0x0F, 0xFF, 0xFF, 0xFF, 0xFF, 0xFE, 0x03,
  0xFF, 0xFF, 0xFF, 0xFF, 0xFF, 0x00, 0x1F, 0xFF, 0xFF, 0xFF, 0xFF, 0x80,
  0x01, 0xFF, 0xFF, 0xFF, 0xFF, 0x80, 0x00, 0x0F, 0xFF, 0xFF, 0xFF, 0x80,
  0x00, 0x00, 0x7F, 0xFF, 0xFF, 0x80, 0x00, 0x00, 0x03, 0xFF, 0xFF, 0x00,
  0x00, 0x00, 0x00, 0x07, 0xE0, 0x00, 0x00, 0x00, 0x7F, 0xFF, 0xFF, 0xFF,
  0xFF, 0xFF, 0xFB, 0xFF, 0xFF, 0xFF, 0xFF, 0xFF, 0xFF, 0xDF, 0xFF, 0xFF,
  0xFF, 0xFF, 0xFF, 0xFE, 0xFF, 0xFF, 0xFF, 0xFF, 0xFF, 0xFF, 0xF7, 0xFF,
  0xFF, 0xFF, 0xFF, 0xFF, 0xFF, 0xBF, 0xFF, 0xFF, 0xFF, 0xFF, 0xFF, 0xFD,
  0xFF, 0xFF, 0xFF, 0xFF, 0xFF, 0xFF, 0xEF, 0xFF, 0xFF, 0xFF, 0xFF, 0xFF,
  0xFF, 0x7F, 0xFF, 0xFF, 0xFF, 0xFF, 0xFF, 0xFB, 0xFF, 0xFF, 0xFF, 0xFF,
  0xFF, 0xFF, 0xDF, 0xFF, 0xFF, 0xFF, 0xFF, 0xFF, 0xFE, 0xFF, 0xFF, 0xFF,
  0xFF, 0xFF, 0xFF, 0xF7, 0xFF, 0xFF, 0xFF, 0xFF, 0xFF, 0xFF, 0xBF, 0xFF,
  0xFF, 0xFF, 0xFF, 0xFF, 0xFD, 0xFF, 0xFF, 0xFF, 0xFF, 0xFF, 0xFF, 0xEF,
  0xFF, 0xFF, 0xFF, 0xFF, 0xFF, 0xFF, 0x7F, 0xFF, 0xFF, 0xFF, 0xFF, 0xFF,
  0xFF, 0xFF, 0xFF, 0xFF, 0xFF, 0xFF, 0xFF, 0xFF, 0xFF, 0xFF, 0xFF, 0xFF,
  0xFF, 0xFF, 0xFF, 0xFF, 0xFF, 0xFF, 0xFF, 0xFF, 0xFF, 0xFF, 0xFF, 0xFF,
  0xFF, 0xC0, 0x00, 0x7F, 0xFC, 0xFF, 0xFF, 0xFE, 0x00, 0x00, 0x00, 0x07,
  0xFF, 0xFF, 0xF0, 0x00, 0x00, 0x00, 0x3F, 0xFF, 0xFF, 0x80, 0x00, 0x00,
  0x01, 0xFF, 0xFF, 0xFC, 0x00, 0x00, 0x00, 0x0F, 0xFF, 0xFF, 0xE0, 0x00,
  0x00, 0x00, 0x7F, 0xFF, 0xFF, 0x00, 0x00, 0x00, 0x03, 0xFF, 0xFF, 0xF8,
  0x00, 0x00, 0x00, 0x1F, 0xFF, 0xFF, 0xC0, 0x00, 0x00, 0x00, 0xFF, 0xFF,
  0xFE, 0x00, 0x00, 0x00, 0x07, 0xFF, 0xFF, 0xF0, 0x00, 0x00, 0x00, 0x3F,
  0xFF, 0xFF, 0x80, 0x00, 0x00, 0x01, 0xFF, 0xFF, 0xFC, 0x00, 0x00, 0x00,
  0x0F, 0xFF, 0xFF, 0xE0, 0x00, 0x00, 0x00, 0x7F, 0xFF, 0xFF, 0x00, 0x00,
  0x00, 0x03, 0xFF, 0xFF, 0xF8, 0x00, 0x00, 0x00, 0x1F, 0xFF, 0xFF, 0xC0,
  0x00, 0x00, 0x00, 0xFF, 0xFF, 0xFE, 0x00, 0x00, 0x00, 0x07, 0xFF, 0xFF,
  0xF0, 0x00, 0x00, 0x00, 0x3F, 0xFF, 0xFF, 0x80, 0x00, 0x00, 0x01, 0xFF,
  0xFF, 0xFC, 0x00, 0x00, 0x00, 0x0F, 0xFF, 0xFF, 0xE0, 0x00, 0x00, 0x00,
  0x3F, 0xFF, 0xFF, 0x00, 0x00, 0x00, 0x01, 0xFF, 0xFF, 0xF0, 0x00, 0x00,
  0x00, 0x0F, 0xFF, 0xFF, 0x80, 0x00, 0x00, 0x00, 0x7F, 0xFF, 0xFC, 0x00,
  0x00, 0x00, 0x03, 0xFF, 0xFF, 0xE0, 0x00, 0x00, 0x00, 0x1F, 0xFF, 0xFF,
  0x00, 0x00, 0x00, 0x00, 0xFF, 0xFF, 0xF8, 0x00, 0x00, 0x00, 0x07, 0xFF,
  0xFF, 0xC0, 0x00, 0x00, 0x00, 0x3F, 0xFF, 0xFE, 0x00, 0x00, 0x00, 0x01,
  0xFF, 0xFF, 0xF0, 0x00, 0x00, 0x00, 0x0F, 0xFF, 0xFF, 0x80, 0x00, 0x00,
  0x00, 0x7F, 0xFF, 0xFC, 0x00, 0x00, 0x00, 0x03, 0xFF, 0xFF, 0xE0, 0x00,
  0x00, 0x00, 0x1F, 0xFF, 0xFF, 0x00, 0x00, 0x00, 0x00, 0xFF, 0xFF, 0xF8,
  0x00, 0x00, 0x00, 0x07, 0xFF, 0xFF, 0xC0, 0x00, 0x00, 0x00, 0x3F, 0xFF,
  0xFE, 0x00, 0x00, 0x00, 0x01, 0xFF, 0xFF, 0xF0, 0x00, 0x00, 0x00, 0x0F,
  0xFF, 0xFF, 0x80, 0x00, 0x00, 0x00, 0x7F, 0xFF, 0xFC, 0x00, 0x00, 0x00,
  0x03, 0xFF, 0xFF, 0xE0, 0x00, 0x00, 0x00, 0x1F, 0xFF, 0xFF, 0x00, 0x00,
  0x00, 0x00, 0xFF, 0xFF, 0xF8, 0x00, 0x00, 0x00, 0x07, 0xF0, 0x00, 0x00,
  0x00, 0x00, 0x00, 0x00, 0x00, 0x00, 0x1F, 0xFF, 0xFF, 0x80, 0x00, 0x00,
  0x00, 0x07, 0xFF, 0xFF, 0xC7, 0xFF, 0xFF, 0xF8, 0x03, 0xFF, 0xFF, 0xE3,
  0xFF, 0xFF, 0xF8, 0x01, 0xFF, 0xFF, 0xF1, 0xFF, 0xFF, 0xFC, 0x00, 0xFF,
  0xFF, 0xF9, 0xFF, 0xFF, 0xFE, 0x00, 0x7F, 0xFF, 0xFC, 0xFF, 0xFF, 0xFF,
  0x00, 0x3F, 0xFF, 0xFE, 0x7F, 0xFF, 0xFF, 0x00, 0x1F, 0xFF, 0xFF, 0x3F,
  0xFF, 0xFF, 0x80, 0x0F, 0xFF, 0xFF, 0x1F, 0xFF, 0xFF, 0xC0, 0x07, 0xFF,
  0xFF, 0x8F, 0xFF, 0xFF, 0xE0, 0x07, 0xFF, 0xFF, 0xCF, 0xFF, 0xFF, 0xE0,
  0x03, 0xFF, 0xFF, 0xE7, 0xFF, 0xFF, 0xF0, 0x01, 0xFF, 0xFF, 0xF3, 0xFF,
  0xFF, 0xF8, 0x00, 0xFF, 0xFF, 0xF9, 0xFF, 0xFF, 0xFC, 0x00, 0x7F, 0xFF,
  0xFC, 0xFF, 0xFF, 0xFC, 0x00, 0x3F, 0xFF, 0xFE, 0x7F, 0xFF, 0xFE, 0x00,
  0x1F, 0xFF, 0xFE, 0x3F, 0xFF, 0xFF, 0x00, 0x0F, 0xFF, 0xFF, 0x1F, 0xFF,
  0xFF, 0x80, 0x07, 0xFF, 0xFF, 0x9F, 0xFF, 0xFF, 0xC0, 0x03, 0xFF, 0xFF,
  0xCF, 0xFF, 0xFF, 0xC0, 0x01, 0xFF, 0xFF, 0xE7, 0xFF, 0xFF, 0xE0, 0x00,
  0xFF, 0xFF, 0xF3, 0xFF, 0xFF, 0xF0, 0x00, 0x7F, 0xFF, 0xF9, 0xFF, 0xFF,
  0xF8, 0x00, 0x3F, 0xFF, 0xFC, 0xFF, 0xFF, 0xFC, 0x00, 0x3F, 0xFF, 0xFE,
  0x7F, 0xFF, 0xFE, 0x00, 0x1F, 0xFF, 0xFF, 0x3F, 0xFF, 0xFE, 0x00, 0x0F,
  0xFF, 0xFF, 0x1F, 0xFF, 0xFF, 0x00, 0x07, 0xFF, 0xFF, 0x8F, 0xFF, 0xFF,
  0x80, 0x03, 0xFF, 0xFF, 0xC7, 0xFF, 0xFF, 0xC0, 0x01, 0xFF, 0xFF, 0xE3,
  0xFF, 0xFF, 0xE0, 0x00, 0xFF, 0xFF, 0xF1, 0xFF, 0xFF, 0xF0, 0x00, 0xFF,
  0xFF, 0xF8, 0xFF, 0xFF, 0xF8, 0x00, 0x7F, 0xFF, 0xFC, 0x7F, 0xFF, 0xFC,
  0x00, 0x3F, 0xFF, 0xFE, 0x3F, 0xFF, 0xFE, 0x00, 0x1F, 0xFF, 0xFF, 0x1F,
  0xFF, 0xFF, 0x00, 0x0F, 0xFF, 0xFF, 0x8F, 0xFF, 0xFF, 0x80, 0x0F, 0xFF,
  0xFF, 0x87, 0xFF, 0xFF, 0xC0, 0x07, 0xFF, 0xFF, 0xC3, 0xFF, 0xFF, 0xE0,
  0x03, 0xFF, 0xFF, 0xE1, 0xFF, 0xFF, 0xF0, 0x01, 0xFF, 0xFF, 0xF0, 0xFF,
  0xFF, 0xF8, 0x01, 0xFF, 0xFF, 0xF8, 0x7F, 0xFF, 0xFC, 0x00, 0xFF, 0xFF,
  0xFC, 0x3F, 0xFF, 0xFE, 0x00, 0xFF, 0xFF, 0xFE, 0x1F, 0xFF, 0xFF, 0x00,
  0x7F, 0xFF, 0xFF, 0x07, 0xFF, 0xFF, 0xC0, 0x7F, 0xFF, 0xFF, 0x83, 0xFF,
  0xFF, 0xE0, 0x7F, 0xFF, 0xFF, 0xC1, 0xFF, 0xFF, 0xF8, 0x7F, 0xFF, 0xFF,
  0xE0, 0xFF, 0xFF, 0xFF, 0xFF, 0xFF, 0xFF, 0xE0, 0x3F, 0xFF, 0xFF, 0xFF,
  0xFF, 0xFF, 0xF0, 0x1F, 0xFF, 0xFF, 0xFF, 0xFF, 0xFF, 0xF8, 0x07, 0xFF,
  0xFF, 0xFF, 0xFF, 0xFF, 0xFC, 0x03, 0xFF, 0xFF, 0xFF, 0xFF, 0xFF, 0xFE,
  0x00, 0xFF, 0xFF, 0xFF, 0xFF, 0xFF, 0xFF, 0x00, 0x7F, 0xFF, 0xFF, 0xFF,
  0xFF, 0xFF, 0x80, 0x1F, 0xFF, 0xFF, 0xFF, 0xFF, 0xFF, 0xC0, 0x0F, 0xFF,
  0xFF, 0xFF, 0xFF, 0xFF, 0xE0, 0x03, 0xFF, 0xFF, 0xFF, 0xFF, 0xFF, 0xF0,
  0x00, 0xFF, 0xFF, 0xFF, 0xFF, 0xFF, 0xF8, 0x00, 0x3F, 0xFF, 0xFF, 0xFF,
  0xFF, 0xFC, 0x00, 0x0F, 0xFF, 0xFF, 0xFF, 0xFF, 0xFC, 0x00, 0x03, 0xFF,
  0xFF, 0xFF, 0xFF, 0xFE, 0x00, 0x00, 0xFF, 0xFF, 0xF7, 0xFF, 0xFF, 0x00,
  0x00, 0x1F, 0xFF, 0xF3, 0xFF, 0xFF, 0x80, 0x00, 0x03, 0xFF, 0xE1, 0xFF,
  0xFF, 0xC0, 0x00, 0x00, 0x3F, 0x80, 0xFF, 0xFF, 0xE0, 0x00, 0x00, 0x00,
  0x00, 0x7F, 0xFF, 0xF0, 0x00, 0x00, 0x00, 0x00, 0x7F, 0xFF, 0xF8, 0x00,
  0x00, 0x00, 0x00, 0x3F, 0xE0, 0x00, 0x00, 0x00, 0x00, 0x00, 0x00, 0x00,
  0x40, 0x00, 0x00, 0x00, 0x00, 0x00, 0x00, 0x00, 0xFF, 0xFF, 0x00, 0x00,
  0x00, 0x00, 0x00, 0x01, 0xFF, 0xFF, 0xF8, 0x00, 0x00, 0x30, 0x00, 0x07,
  0xFF, 0xFF, 0xF0, 0x01, 0xFF, 0xE0, 0x00, 0x0F, 0xFF, 0xFF, 0xDF, 0xFF,
  0xFF, 0xE0, 0x00, 0x1F, 0xFF, 0xFF, 0x9F, 0xFF, 0xFF, 0xC0, 0x00, 0x3F,
  0xFF, 0xFF, 0x3F, 0xFF, 0xFF, 0x80, 0x00, 0x7F, 0xFF, 0xFE, 0x7F, 0xFF,
  0xFF, 0x00, 0x01, 0xFF, 0xFF, 0xF8, 0x7F, 0xFF, 0xFF, 0x00, 0x03, 0xFF,
  0xFF, 0xF0, 0xFF, 0xFF, 0xFE, 0x00, 0x07, 0xFF, 0xFF, 0xE1, 0xFF, 0xFF,
  0xFC, 0x00, 0x0F, 0xFF, 0xFF, 0xC1, 0xFF, 0xFF, 0xF8, 0x00, 0x3F, 0xFF,
  0xFF, 0x03, 0xFF, 0xFF, 0xF8, 0x00, 0x7F, 0xFF, 0xFE, 0x07, 0xFF, 0xFF,
  0xF0, 0x00, 0xFF, 0xFF, 0xFC, 0x07, 0xFF, 0xFF, 0xE0, 0x01, 0xFF, 0xFF,
  0xF0, 0x0F, 0xFF, 0xFF, 0xC0, 0x07, 0xFF, 0xFF, 0xE0, 0x0F, 0xFF, 0xFF,
  0xC0, 0x0F, 0xFF, 0xFF, 0xC0, 0x1F, 0xFF, 0xFF, 0x80, 0x1F, 0xFF, 0xFF,
  0x80, 0x3F, 0xFF, 0xFF, 0x00, 0x3F, 0xFF, 0xFE, 0x00, 0x3F, 0xFF, 0xFE,
  0x00, 0x7F, 0xFF, 0xFC, 0x00, 0x7F, 0xFF, 0xFE, 0x01, 0xFF, 0xFF, 0xF8,
  0x00, 0xFF, 0xFF, 0xFC, 0x03, 0xFF, 0xFF, 0xF0, 0x00, 0xFF, 0xFF, 0xF8,
  0x07, 0xFF, 0xFF, 0xC0, 0x01, 0xFF, 0xFF, 0xF0, 0x0F, 0xFF, 0xFF, 0x80,
  0x03, 0xFF, 0xFF, 0xF0, 0x3F, 0xFF, 0xFF, 0x00, 0x03, 0xFF, 0xFF, 0xE0,
  0x7F, 0xFF, 0xFE, 0x00, 0x07, 0xFF, 0xFF, 0xC0, 0xFF, 0xFF, 0xF8, 0x00,
  0x0F, 0xFF, 0xFF, 0x81, 0xFF, 0xFF, 0xF0, 0x00, 0x0F, 0xFF, 0xFF, 0x83,
  0xFF, 0xFF, 0xE0, 0x00, 0x1F, 0xFF, 0xFF, 0x0F, 0xFF, 0xFF, 0x80, 0x00,
  0x3F, 0xFF, 0xFE, 0x1F, 0xFF, 0xFF, 0x00, 0x00, 0x3F, 0xFF, 0xFC, 0x3F,
  0xFF, 0xFE, 0x00, 0x00, 0x7F, 0xFF, 0xFC, 0x7F, 0xFF, 0xFC, 0x00, 0x00,
  0xFF, 0xFF, 0xF9, 0xFF, 0xFF, 0xF0, 0x00, 0x00, 0xFF, 0xFF, 0xF3, 0xFF,
  0xFF, 0xE0, 0x00, 0x01, 0xFF, 0xFF, 0xE7, 0xFF, 0xFF, 0xC0, 0x00, 0x03,
  0xFF, 0xFF, 0xEF, 0xFF, 0xFF, 0x80, 0x00, 0x03, 0xFF, 0xFF, 0xDF, 0xFF,
  0xFE, 0x00, 0x00, 0x07, 0xFF, 0xFF, 0xFF, 0xFF, 0xFC, 0x00, 0x00, 0x0F,
  0xFF, 0xFF, 0xFF, 0xFF, 0xF8, 0x00, 0x00, 0x0F, 0xFF, 0xFF, 0xFF, 0xFF,
  0xE0, 0x00, 0x00, 0x1F, 0xFF, 0xFF, 0xFF, 0xFF, 0xC0, 0x00, 0x00, 0x3F,
  0xFF, 0xFF, 0xFF, 0xFF, 0x80, 0x00, 0x00, 0x3F, 0xFF, 0xFF, 0xFF, 0xFF,
  0x00, 0x00, 0x00, 0x7F, 0xFF, 0xFF, 0xFF, 0xFC, 0x00, 0x00, 0x00, 0x7F,
  0xFF, 0xFF, 0xFF, 0xF8, 0x00, 0x00, 0x00, 0xFF, 0xFF, 0xFF, 0xFF, 0xF0,
  0x00, 0x00, 0x01, 0xFF, 0xFF, 0xFF, 0xFF, 0xE0, 0x00, 0x00, 0x01, 0xFF,
  0xFF, 0xFF, 0xFF, 0x80, 0x00, 0x00, 0x03, 0xFF, 0xFF, 0xFF, 0xFF, 0x00,
  0x00, 0x00, 0x07, 0xFF, 0xFF, 0xFF, 0xFE, 0x00, 0x00, 0x00, 0x07, 0xFF,
  0xFF, 0xFF, 0xF8, 0x00, 0x00, 0x00, 0x0F, 0xFF, 0xFF, 0xFF, 0xF0, 0x00,
  0x00, 0x00, 0x1F, 0xFF, 0xFF, 0xFF, 0xE0, 0x00, 0x00, 0x00, 0x1F, 0xFF,
  0xFF, 0xFF, 0xC0, 0x00, 0x00, 0x00, 0x3F, 0xFF, 0xFF, 0xFF, 0x00, 0x00,
  0x00, 0x00, 0x7F, 0xFF, 0xFF, 0xFE, 0x00, 0x00, 0x00, 0x00, 0x7F, 0xFF,
  0xFF, 0xFC, 0x00, 0x00, 0x00, 0x00, 0xFF, 0xFF, 0xFF, 0xF8, 0x00, 0x00,
  0x00, 0x01, 0xFF, 0xFF, 0xFF, 0xE0, 0x00, 0x00, 0x00, 0x01, 0xFF, 0xFF,
  0xFF, 0xC0, 0x00, 0x00, 0x00, 0x03, 0xFF, 0xFF, 0xFF, 0x80, 0x00, 0x00,
  0x00, 0x07, 0xFF, 0xFF, 0xFE, 0x00, 0x00, 0x00, 0x00, 0x07, 0xFF, 0xFF,
  0xFC, 0x00, 0x00, 0x00, 0x00, 0x0F, 0xFF, 0xFF, 0xF8, 0x00, 0x00, 0x00,
  0x00, 0x1F, 0xFF, 0xFF, 0xF0, 0x00, 0x00, 0x00, 0x00, 0x1F, 0xE0, 0x00,
  0x00, 0x00, 0x00, 0x00, 0x00, 0x00, 0x00, 0x00, 0x00, 0x00, 0x00, 0x40,
  0x00, 0x00, 0x00, 0x00, 0x00, 0x00, 0x00, 0x00, 0x00, 0x00, 0x3F, 0xFC,
  0x00, 0x00, 0x00, 0x00, 0x40, 0x00, 0x00, 0x00, 0x00, 0x1F, 0xFF, 0xFF,
  0xC0, 0x01, 0xFF, 0xE0, 0x00, 0x00, 0x00, 0x00, 0x0F, 0xFF, 0xFF, 0xFF,
  0xFF, 0xFF, 0xF0, 0x00, 0x00, 0x00, 0x00, 0x07, 0xFF, 0xFF, 0xFB, 0xFF,
  0xFF, 0xF8, 0x00, 0xFF, 0xFF, 0xE0, 0x03, 0xFF, 0xFF, 0xF9, 0xFF, 0xFF,
  0xFE, 0x00, 0x7F, 0xFF, 0xF0, 0x01, 0xFF, 0xFF, 0xFC, 0xFF, 0xFF, 0xFF,
  0x00, 0x3F, 0xFF, 0xF8, 0x00, 0xFF, 0xFF, 0xFE, 0x7F, 0xFF, 0xFF, 0x80,
  0x1F, 0xFF, 0xFE, 0x00, 0xFF, 0xFF, 0xFF, 0x3F, 0xFF, 0xFF, 0xC0, 0x1F,
  0xFF, 0xFF, 0x00, 0x7F, 0xFF, 0xFF, 0x9F, 0xFF, 0xFF, 0xE0, 0x0F, 0xFF,
  0xFF, 0x80, 0x3F, 0xFF, 0xFF, 0x87, 0xFF, 0xFF, 0xF0, 0x07, 0xFF, 0xFF,
  0xC0, 0x1F, 0xFF, 0xFF, 0xC3, 0xFF, 0xFF, 0xF8, 0x03, 0xFF, 0xFF, 0xE0,
  0x0F, 0xFF, 0xFF, 0xE1, 0xFF, 0xFF, 0xFC, 0x01, 0xFF, 0xFF, 0xF8, 0x07,
  0xFF, 0xFF, 0xF0, 0xFF, 0xFF, 0xFF, 0x00, 0xFF, 0xFF, 0xFC, 0x03, 0xFF,
  0xFF, 0xF8, 0x7F, 0xFF, 0xFF, 0x80, 0xFF, 0xFF, 0xFE, 0x01, 0xFF, 0xFF,
  0xFC, 0x1F, 0xFF, 0xFF, 0xC0, 0x7F, 0xFF, 0xFF, 0x00, 0xFF, 0xFF, 0xFC,
  0x0F, 0xFF, 0xFF, 0xE0, 0x3F, 0xFF, 0xFF, 0xC0, 0x7F, 0xFF, 0xFE, 0x07,
  0xFF, 0xFF, 0xF0, 0x1F, 0xFF, 0xFF, 0xE0, 0x7F, 0xFF, 0xFF, 0x03, 0xFF,
  0xFF, 0xF8, 0x0F, 0xFF, 0xFF, 0xF0, 0x3F, 0xFF, 0xFF, 0x81, 0xFF, 0xFF,
  0xFC, 0x0F, 0xFF, 0xFF, 0xF8, 0x1F, 0xFF, 0xFF, 0xC0, 0xFF, 0xFF, 0xFE,
  0x07, 0xFF, 0xFF, 0xFC, 0x0F, 0xFF, 0xFF, 0xE0, 0x3F, 0xFF, 0xFF, 0x83,
  0xFF, 0xFF, 0xFF, 0x07, 0xFF, 0xFF, 0xE0, 0x1F, 0xFF, 0xFF, 0xC1, 0xFF,
  0xFF, 0xFF, 0x83, 0xFF, 0xFF, 0xF0, 0x0F, 0xFF, 0xFF, 0xE0, 0xFF, 0xFF,
  0xFF, 0xC1, 0xFF, 0xFF, 0xF8, 0x07, 0xFF, 0xFF, 0xF0, 0x7F, 0xFF, 0xFF,
  0xE0, 0xFF, 0xFF, 0xFC, 0x03, 0xFF, 0xFF, 0xF8, 0x7F, 0xFF, 0xFF, 0xF0,
  0x7F, 0xFF, 0xFE, 0x00, 0xFF, 0xFF, 0xFC, 0x3F, 0xFF, 0xFF, 0xFC, 0x3F,
  0xFF, 0xFF, 0x00, 0x7F, 0xFF, 0xFE, 0x1F, 0xFF, 0xFF, 0xFE, 0x1F, 0xFF,
  0xFF, 0x00, 0x3F, 0xFF, 0xFF, 0x8F, 0xFF, 0xFF, 0xFF, 0x1F, 0xFF, 0xFF,
  0x80, 0x1F, 0xFF, 0xFF, 0xC7, 0xFF, 0xFF, 0xFF, 0x8F, 0xFF, 0xFF, 0xC0,
  0x0F, 0xFF, 0xFF, 0xE7, 0xFF, 0xFF, 0xFF, 0xC7, 0xFF, 0xFF, 0xE0, 0x07,
  0xFF, 0xFF, 0xF3, 0xFF, 0xFF, 0xFF, 0xF3, 0xFF, 0xFF, 0xF0, 0x01, 0xFF,
  0xFF, 0xF9, 0xFF, 0xFF, 0xFF, 0xF9, 0xFF, 0xFF, 0xF0, 0x00, 0xFF, 0xFF,
  0xFC, 0xFF, 0xFF, 0xFF, 0xFC, 0xFF, 0xFF, 0xF8, 0x00, 0x7F, 0xFF, 0xFE,
  0x7F, 0xFF, 0xFF, 0xFE, 0x7F, 0xFF, 0xFC, 0x00, 0x3F, 0xFF, 0xFF, 0x3F,
  0xFF, 0x7F, 0xFF, 0xBF, 0xFF, 0xFE, 0x00, 0x1F, 0xFF, 0xFF, 0xFF, 0xFF,
  0xBF, 0xFF, 0xDF, 0xFF, 0xFF, 0x00, 0x07, 0xFF, 0xFF, 0xFF, 0xFF, 0xDF,
  0xFF, 0xEF, 0xFF, 0xFF, 0x80, 0x03, 0xFF, 0xFF, 0xFF, 0xFF, 0xEF, 0xFF,
  0xFF, 0xFF, 0xFF, 0x80, 0x01, 0xFF, 0xFF, 0xFF, 0xFF, 0xF3, 0xFF, 0xFF,
  0xFF, 0xFF, 0xC0, 0x00, 0xFF, 0xFF, 0xFF, 0xFF, 0xF1, 0xFF, 0xFF, 0xFF,
  0xFF, 0xE0, 0x00, 0x7F, 0xFF, 0xFF, 0xFF, 0xF8, 0xFF, 0xFF, 0xFF, 0xFF,
  0xF0, 0x00, 0x3F, 0xFF, 0xFF, 0xFF, 0xFC, 0x7F, 0xFF, 0xFF, 0xFF, 0xF8,
  0x00, 0x0F, 0xFF, 0xFF, 0xFF, 0xFE, 0x3F, 0xFF, 0xFF, 0xFF, 0xFC, 0x00,
  0x07, 0xFF, 0xFF, 0xFF, 0xFF, 0x0F, 0xFF, 0xFF, 0xFF, 0xFC, 0x00, 0x03,
  0xFF, 0xFF, 0xFF, 0xFF, 0x07, 0xFF, 0xFF, 0xFF, 0xFE, 0x00, 0x01, 0xFF,
  0xFF, 0xFF, 0xFF, 0x83, 0xFF, 0xFF, 0xFF, 0xFF, 0x00, 0x00, 0xFF, 0xFF,
  0xFF, 0xFF, 0xC1, 0xFF, 0xFF, 0xFF, 0xFF, 0x80, 0x00, 0x3F, 0xFF, 0xFF,
  0xFF, 0xE0, 0xFF, 0xFF, 0xFF, 0xFF, 0xC0, 0x00, 0x1F, 0xFF, 0xFF, 0xFF,
  0xF0, 0x7F, 0xFF, 0xFF, 0xFF, 0xE0, 0x00, 0x0F, 0xFF, 0xFF, 0xFF, 0xF0,
  0x1F, 0xFF, 0xFF, 0xFF, 0xE0, 0x00, 0x07, 0xFF, 0xFF, 0xFF, 0xF8, 0x0F,
  0xFF, 0xFF, 0xFF, 0xF0, 0x00, 0x03, 0xFF, 0xFF, 0xFF, 0xFC, 0x07, 0xFF,
  0xFF, 0xFF, 0xF8, 0x00, 0x00, 0xFF, 0xFF, 0xFF, 0xFE, 0x03, 0xFF, 0xFF,
  0xFF, 0xFC, 0x00, 0x00, 0x7F, 0xFF, 0xFF, 0xFF, 0x01, 0xFF, 0xFF, 0xFF,
  0xFE, 0x00, 0x00, 0x3F, 0xFF, 0xFF, 0xFF, 0x00, 0xFF, 0xFF, 0xFF, 0xFE,
  0x00, 0x00, 0x1F, 0xFF, 0xFF, 0xFF, 0x80, 0x3F, 0xFF, 0xFF, 0xFF, 0x00,
  0x00, 0x0F, 0xFF, 0xFF, 0xFF, 0xC0, 0x1F, 0xFF, 0xFF, 0xFF, 0x80, 0x00,
  0x07, 0xFF, 0xFF, 0xFF, 0xE0, 0x0F, 0xFF, 0xFF, 0xFF, 0xC0, 0x00, 0x01,
  0xFF, 0xFF, 0xFF, 0xF0, 0x07, 0xFF, 0xFF, 0xFF, 0xE0, 0x00, 0x00, 0xFF,
  0xFF, 0xFF, 0xF8, 0x03, 0xFF, 0xFF, 0xFF, 0xF0, 0x00, 0x00, 0x7F, 0xFF,
  0xFF, 0xF8, 0x00, 0xFF, 0xFF, 0xFF, 0xF0, 0x00, 0x00, 0x3F, 0xFF, 0xFF,
  0xFC, 0x00, 0x7F, 0xFF, 0xFF, 0xF8, 0x00, 0x00, 0x1F, 0xFF, 0xFF, 0xFE,
  0x00, 0x3F, 0xFF, 0xFF, 0xFC, 0x00, 0x00, 0x07, 0xFF, 0xF0, 0x00, 0x00,
  0x1F, 0xFF, 0xFF, 0xFE, 0x00, 0x00, 0x00, 0x00, 0x00, 0x00, 0x00, 0x0F,
  0xFF, 0xFF, 0xFF, 0x00, 0x00, 0x00, 0x00, 0x00, 0x00, 0x00, 0x07, 0x00,
  0x00, 0x00, 0x00, 0x00, 0x00, 0x00, 0x03, 0x00, 0x00, 0xE0, 0x00, 0x00,
  0x00, 0x00, 0xFC, 0x00, 0x07, 0xFF, 0x80, 0x00, 0x00, 0x3F, 0xF8, 0x00,
  0x1F, 0xFF, 0xFF, 0x00, 0x0F, 0xFF, 0xE0, 0x00, 0xFF, 0xFF, 0xFF, 0x07,
  0xFF, 0xFF, 0xC0, 0x03, 0xFF, 0xFF, 0xF8, 0xFF, 0xFF, 0xFF, 0x00, 0x1F,
  0xFF, 0xFF, 0xE3, 0xFF, 0xFF, 0xFC, 0x00, 0x7F, 0xFF, 0xFF, 0x07, 0xFF,
  0xFF, 0xF8, 0x03, 0xFF, 0xFF, 0xFC, 0x1F, 0xFF, 0xFF, 0xE0, 0x0F, 0xFF,
  0xFF, 0xE0, 0x3F, 0xFF, 0xFF, 0xC0, 0x7F, 0xFF, 0xFF, 0x00, 0x7F, 0xFF,
  0xFF, 0x01, 0xFF, 0xFF, 0xFC, 0x01, 0xFF, 0xFF, 0xFE, 0x0F, 0xFF, 0xFF,
  0xE0, 0x03, 0xFF, 0xFF, 0xF8, 0x3F, 0xFF, 0xFF, 0x00, 0x0F, 0xFF, 0xFF,
  0xF1, 0xFF, 0xFF, 0xFC, 0x00, 0x1F, 0xFF, 0xFF, 0xC7, 0xFF, 0xFF, 0xE0,
  0x00, 0x3F, 0xFF, 0xFF, 0xBF, 0xFF, 0xFF, 0x80, 0x00, 0xFF, 0xFF, 0xFE,
  0xFF, 0xFF, 0xFC, 0x00, 0x01, 0xFF, 0xFF, 0xFF, 0xFF, 0xFF, 0xE0, 0x00,
  0x07, 0xFF, 0xFF, 0xFF, 0xFF, 0xFF, 0x80, 0x00, 0x0F, 0xFF, 0xFF, 0xFF,
  0xFF, 0xFC, 0x00, 0x00, 0x1F, 0xFF, 0xFF, 0xFF, 0xFF, 0xF0, 0x00, 0x00,
  0x7F, 0xFF, 0xFF, 0xFF, 0xFF, 0x80, 0x00, 0x00, 0xFF, 0xFF, 0xFF, 0xFF,
  0xFC, 0x00, 0x00, 0x03, 0xFF, 0xFF, 0xFF, 0xFF, 0xF0, 0x00, 0x00, 0x07,
  0xFF, 0xFF, 0xFF, 0xFF, 0x80, 0x00, 0x00, 0x0F, 0xFF, 0xFF, 0xFF, 0xFC,
  0x00, 0x00, 0x00, 0x3F, 0xFF, 0xFF, 0xFF, 0xF0, 0x00, 0x00, 0x00, 0x7F,
  0xFF, 0xFF, 0xFF, 0x80, 0x00, 0x00, 0x01, 0xFF, 0xFF, 0xFF, 0xFE, 0x00,
  0x00, 0x00, 0x03, 0xFF, 0xFF, 0xFF, 0xF0, 0x00, 0x00, 0x00, 0x0F, 0xFF,
  0xFF, 0xFF, 0x80, 0x00, 0x00, 0x00, 0x1F, 0xFF, 0xFF, 0xFE, 0x00, 0x00,
  0x00, 0x00, 0x3F, 0xFF, 0xFF, 0xF0, 0x00, 0x00, 0x00, 0x01, 0xFF, 0xFF,
  0xFF, 0xC0, 0x00, 0x00, 0x00, 0x07, 0xFF, 0xFF, 0xFF, 0x00, 0x00, 0x00,
  0x00, 0x3F, 0xFF, 0xFF, 0xFE, 0x00, 0x00, 0x00, 0x01, 0xFF, 0xFF, 0xFF,
  0xFC, 0x00, 0x00, 0x00, 0x07, 0xFF, 0xFF, 0xFF, 0xF0, 0x00, 0x00, 0x00,
  0x3F, 0xFF, 0xFF, 0xFF, 0xE0, 0x00, 0x00, 0x01, 0xFF, 0xFF, 0xFF, 0xFF,
  0x80, 0x00, 0x00, 0x07, 0xFF, 0xFF, 0xFF, 0xFF, 0x00, 0x00, 0x00, 0x3F,
  0xFF, 0xFF, 0xFF, 0xFE, 0x00, 0x00, 0x00, 0xFF, 0xFF, 0xFF, 0xFF, 0xF8,
  0x00, 0x00, 0x07, 0xFF, 0xFF, 0xFF, 0xFF, 0xF0, 0x00, 0x00, 0x3F, 0xFF,
  0xFF, 0xFF, 0xFF, 0xE0, 0x00, 0x00, 0xFF, 0xFF, 0xFF, 0xFF, 0xFF, 0x80,
  0x00, 0x07, 0xFF, 0xFF, 0xFF, 0xFF, 0xFF, 0x00, 0x00, 0x3F, 0xFF, 0xFF,
  0xFF, 0xFF, 0xFC, 0x00, 0x00, 0xFF, 0xFF, 0xFF, 0xFF, 0xFF, 0xF8, 0x00,
  0x07, 0xFF, 0xFF, 0xF3, 0xFF, 0xFF, 0xF0, 0x00, 0x3F, 0xFF, 0xFF, 0xCF,
  0xFF, 0xFF, 0xC0, 0x00, 0xFF, 0xFF, 0xFE, 0x1F, 0xFF, 0xFF, 0x80, 0x07,
  0xFF, 0xFF, 0xF8, 0x7F, 0xFF, 0xFF, 0x00, 0x1F, 0xFF, 0xFF, 0xC0, 0xFF,
  0xFF, 0xFC, 0x00, 0xFF, 0xFF, 0xFF, 0x03, 0xFF, 0xFF, 0xF8, 0x07, 0xFF,
  0xFF, 0xF8, 0x07, 0xFF, 0xFF, 0xE0, 0x1F, 0xFF, 0xFF, 0xE0, 0x1F, 0xFF,
  0xFF, 0xC0, 0xFF, 0xFF, 0xFF, 0x00, 0x3F, 0xFF, 0xFF, 0x87, 0xFF, 0xFF,
  0xFC, 0x00, 0xFF, 0xFF, 0xFE, 0x1F, 0xFF, 0xFF, 0xE0, 0x01, 0xFF, 0xFF,
  0xFC, 0xFF, 0xFF, 0xFF, 0x80, 0x07, 0xFF, 0xFF, 0xF8, 0x7F, 0xFF, 0xFC,
  0x00, 0x0F, 0xFF, 0xFF, 0x00, 0x3F, 0xFF, 0xF0, 0x00, 0x3F, 0xFF, 0xE0,
  0x00, 0x1F, 0xFF, 0x80, 0x00, 0x7F, 0xF8, 0x00, 0x00, 0x1F, 0xFE, 0x00,
  0x01, 0xFF, 0x00, 0x00, 0x00, 0x0F, 0xF0, 0x00, 0x03, 0xE0, 0x00, 0x00,
  0x00, 0x07, 0xC0, 0x00, 0x0C, 0x00, 0x00, 0x00, 0x00, 0x02, 0x00, 0x00,
  0x00, 0x00, 0x00, 0x00, 0x00, 0x7F, 0x80, 0x00, 0xFF, 0xFC, 0x00, 0x00,
  0xFF, 0xFF, 0x00, 0x01, 0xFF, 0xFF, 0xFD, 0xFF, 0xFF, 0xFF, 0x00, 0x07,
  0xFF, 0xFF, 0xFF, 0xFF, 0xFF, 0xFE, 0x00, 0x0F, 0xFF, 0xFF, 0xE7, 0xFF,
  0xFF, 0xFC, 0x00, 0x3F, 0xFF, 0xFF, 0x8F, 0xFF, 0xFF, 0xFC, 0x00, 0x7F,
  0xFF, 0xFF, 0x0F, 0xFF, 0xFF, 0xF8, 0x00, 0xFF, 0xFF, 0xFC, 0x1F, 0xFF,
  0xFF, 0xF0, 0x03, 0xFF, 0xFF, 0xF8, 0x1F, 0xFF, 0xFF, 0xF0, 0x07, 0xFF,
  0xFF, 0xE0, 0x3F, 0xFF, 0xFF, 0xE0, 0x1F, 0xFF, 0xFF, 0x80, 0x3F, 0xFF,
  0xFF, 0xE0, 0x3F, 0xFF, 0xFF, 0x00, 0x7F, 0xFF, 0xFF, 0xC0, 0x7F, 0xFF,
  0xFC, 0x00, 0x7F, 0xFF, 0xFF, 0x81, 0xFF, 0xFF, 0xF8, 0x00, 0xFF, 0xFF,
  0xFF, 0x83, 0xFF, 0xFF, 0xE0, 0x00, 0xFF, 0xFF, 0xFF, 0x0F, 0xFF, 0xFF,
  0x80, 0x01, 0xFF, 0xFF, 0xFE, 0x1F, 0xFF, 0xFF, 0x00, 0x01, 0xFF, 0xFF,
  0xFE, 0x3F, 0xFF, 0xFC, 0x00, 0x03, 0xFF, 0xFF, 0xFC, 0xFF, 0xFF, 0xF0,
  0x00, 0x03, 0xFF, 0xFF, 0xF9, 0xFF, 0xFF, 0xE0, 0x00, 0x07, 0xFF, 0xFF,
  0xFF, 0xFF, 0xFF, 0x80, 0x00, 0x07, 0xFF, 0xFF, 0xFF, 0xFF, 0xFF, 0x00,
  0x00, 0x0F, 0xFF, 0xFF, 0xFF, 0xFF, 0xFC, 0x00, 0x00, 0x0F, 0xFF, 0xFF,
  0xFF, 0xFF, 0xF0, 0x00, 0x00, 0x1F, 0xFF, 0xFF, 0xFF, 0xFF, 0xE0, 0x00,
  0x00, 0x1F, 0xFF, 0xFF, 0xFF, 0xFF, 0x80, 0x00, 0x00, 0x3F, 0xFF, 0xFF,
  0xFF, 0xFF, 0x00, 0x00, 0x00, 0x3F, 0xFF, 0xFF, 0xFF, 0xFC, 0x00, 0x00,
  0x00, 0x7F, 0xFF, 0xFF, 0xFF, 0xF0, 0x00, 0x00, 0x00, 0x7F, 0xFF, 0xFF,
  0xFF, 0xE0, 0x00, 0x00, 0x00, 0xFF, 0xFF, 0xFF, 0xFF, 0x80, 0x00, 0x00,
  0x00, 0xFF, 0xFF, 0xFF, 0xFF, 0x00, 0x00, 0x00, 0x01, 0xFF, 0xFF, 0xFF,
  0xFC, 0x00, 0x00, 0x00, 0x01, 0xFF, 0xFF, 0xFF, 0xF0, 0x00, 0x00, 0x00,
  0x03, 0xFF, 0xFF, 0xFF, 0xE0, 0x00, 0x00, 0x00, 0x03, 0xFF, 0xFF, 0xFF,
  0x80, 0x00, 0x00, 0x00, 0x07, 0xFF, 0xFF, 0xFE, 0x00, 0x00, 0x00, 0x00,
  0x07, 0xFF, 0xFF, 0xFC, 0x00, 0x00, 0x00, 0x00, 0x0F, 0xFF, 0xFF, 0xF0,
  0x00, 0x00, 0x00, 0x00, 0x0F, 0xFF, 0xFF, 0xE0, 0x00, 0x00, 0x00, 0x00,
  0x1F, 0xFF, 0xFF, 0xC0, 0x00, 0x00, 0x00, 0x00, 0x3F, 0xFF, 0xFF, 0x80,
  0x00, 0x00, 0x00, 0x00, 0x7F, 0xFF, 0xFF, 0x00, 0x00, 0x00, 0x00, 0x01,
  0xFF, 0xFF, 0xFE, 0x00, 0x00, 0x00, 0x00, 0x03, 0xFF, 0xFF, 0xFC, 0x00,
  0x00, 0x00, 0x00, 0x07, 0xFF, 0xFF, 0xF8, 0x00, 0x00, 0x00, 0x00, 0x0F,
  0xFF, 0xFF, 0xF0, 0x00, 0x00, 0x00, 0x00, 0x1F, 0xFF, 0xFF, 0xE0, 0x00,
  0x00, 0x00, 0x00, 0x3F, 0xFF, 0xFF, 0xC0, 0x00, 0x00, 0x00, 0x00, 0x7F,
  0xFF, 0xFF, 0x80, 0x00, 0x00, 0x00, 0x00, 0xFF, 0xFF, 0xFF, 0x00, 0x00,
  0x00, 0x00, 0x01, 0xFF, 0xFF, 0xFE, 0x00, 0x00, 0x00, 0x00, 0x03, 0xFF,
  0xFF, 0xFC, 0x00, 0x00, 0x00, 0x00, 0x07, 0xFF, 0xFF, 0xF8, 0x00, 0x00,
  0x00, 0x00, 0x0F, 0xFF, 0xFF, 0xF0, 0x00, 0x00, 0x00, 0x00, 0x1F, 0xFF,
  0xFF, 0xE0, 0x00, 0x00, 0x00, 0x00, 0x3F, 0xFF, 0xFF, 0xC0, 0x00, 0x00,
  0x00, 0x00, 0x7F, 0xFF, 0xFF, 0x80, 0x00, 0x00, 0x00, 0x00, 0xFF, 0xFF,
  0xFF, 0x00, 0x00, 0x00, 0x00, 0x01, 0xFF, 0xFF, 0xFE, 0x00, 0x00, 0x00,
  0x00, 0x03, 0xFF, 0xFF, 0xFC, 0x00, 0x00, 0x00, 0x00, 0x07, 0xFF, 0xFF,
  0xFC, 0x00, 0x00, 0x00, 0x00, 0x0F, 0xFF, 0xFF, 0xF8, 0x00, 0x00, 0x00,
  0x00, 0x1F, 0xFF, 0xFF, 0xF0, 0x00, 0x00, 0x00, 0x00, 0x3F, 0xFF, 0xFF,
  0xE0, 0x00, 0x00, 0x00, 0x00, 0x7F, 0xFF, 0xFF, 0xC0, 0x00, 0x00, 0xFF,
  0xFF, 0xFF, 0xFF, 0xFF, 0xF7, 0xFF, 0xFF, 0xFF, 0xFF, 0xFF, 0xFF, 0xFF,
  0xFF, 0xFF, 0xFF, 0xFF, 0xFF, 0xFF, 0xFF, 0xFF, 0xFF, 0xFF, 0xFF, 0xFF,
  0xFF, 0xFF, 0xFF, 0xFF, 0xFF, 0xFF, 0xFF, 0xFF, 0xFF, 0xFF, 0xFF, 0xFF,
  0xFF, 0xFF, 0xFF, 0xFF, 0xFF, 0xFF, 0xFF, 0xFF, 0xFF, 0xFF, 0xFF, 0xFF,
  0xFF, 0xFF, 0xFF, 0xFF, 0xFF, 0xFF, 0xFF, 0xFF, 0xFF, 0xFF, 0xFF, 0xFF,
  0xFF, 0xFF, 0xFF, 0xFF, 0xFF, 0xFF, 0xFF, 0xFF, 0xFF, 0xFF, 0xFF, 0xFF,
  0xFF, 0xFF, 0xFF, 0xFF, 0xFF, 0xFF, 0xFF, 0xFF, 0xFF, 0xFF, 0xFF, 0xFF,
  0xFF, 0xFF, 0xFF, 0xFF, 0xFF, 0xFF, 0xFF, 0xFF, 0xFF, 0xFF, 0xFF, 0xFF,
  0xFF, 0xFF, 0xFF, 0xFF, 0xFF, 0xFC, 0x00, 0x3F, 0xFF, 0xFC, 0x00, 0x00,
  0x03, 0xFF, 0xFF, 0xE0, 0x00, 0x00, 0x3F, 0xFF, 0xFE, 0x00, 0x00, 0x01,
  0xFF, 0xFF, 0xE0, 0x00, 0x00, 0x1F, 0xFF, 0xFE, 0x00, 0x00, 0x01, 0xFF,
  0xFF, 0xE0, 0x00, 0x00, 0x1F, 0xFF, 0xFF, 0x00, 0x00, 0x01, 0xFF, 0xFF,
  0xF0, 0x00, 0x00, 0x1F, 0xFF, 0xFF, 0x00, 0x00, 0x00, 0xFF, 0xFF, 0xF0,
  0x00, 0x00, 0x0F, 0xFF, 0xFF, 0x80, 0x00, 0x00, 0xFF, 0xFF, 0xF8, 0x00,
  0x00, 0x0F, 0xFF, 0xFF, 0x80, 0x00, 0x00, 0xFF, 0xFF, 0xF8, 0x00, 0x00,
  0x07, 0xFF, 0xFF, 0x80, 0x00, 0x00, 0x7F, 0xFF, 0xFC, 0x00, 0x00, 0x07,
  0xFF, 0xFF, 0xC0, 0x00, 0x00, 0x7F, 0xFF, 0xFC, 0x00, 0x00, 0x07, 0xFF,
  0xFF, 0xC0, 0x00, 0x00, 0x7F, 0xFF, 0xFC, 0x00, 0x00, 0x03, 0xFF, 0xFF,
  0xE0, 0x00, 0x00, 0x3F, 0xFF, 0xFE, 0x00, 0x00, 0x03, 0xFF, 0xFF, 0xE0,
  0x00, 0x00, 0x3F, 0xFF, 0xFE, 0x00, 0x00, 0x03, 0xFF, 0xFF, 0xE0, 0x00,
  0x00, 0x1F, 0xFF, 0xFF, 0x00, 0x00, 0x01, 0xFF, 0xFF, 0xF0, 0x00, 0x00,
  0x1F, 0xFF, 0xFF, 0xFF, 0xFF, 0xF9, 0xFF, 0xFF, 0xFF, 0xFF, 0xFF, 0xDF,
  0xFF, 0xFF, 0xFF, 0xFF, 0xFE, 0xFF, 0xFF, 0xFF, 0xFF, 0xFF, 0xF7, 0xFF,
  0xFF, 0xFF, 0xFF, 0xFF, 0xBF, 0xFF, 0xFF, 0xFF, 0xFF, 0xFD, 0xFF, 0xFF,
  0xFF, 0xFF, 0xFF, 0xEF, 0xFF, 0xFF, 0xFF, 0xFF, 0xFF, 0x7F, 0xFF, 0xFF,
  0xFF, 0xFF, 0xFB, 0xFF, 0xFF, 0xFF, 0xFF, 0xFF, 0xDF, 0xFF, 0xFF, 0xFF,
  0xFF, 0xFE, 0x7F, 0xFF, 0xFF, 0xFF, 0xFF, 0xF3, 0xFF, 0xFF, 0xFF, 0xFF,
  0xFF, 0x9F, 0xFF, 0xFF, 0xFF, 0xFF, 0xFC, 0xFF, 0xFF, 0xFF, 0xFF, 0xFF,
  0xE7, 0xFF, 0xFF, 0xFF, 0xFF, 0xFF, 0x3F, 0xFF, 0xFF, 0xFF, 0xFF, 0xF9,
  0xFF, 0xFF, 0xFF, 0xFF, 0xFF, 0xCF, 0xFF, 0xFF, 0xFF, 0xFF, 0xFE, 0x7F,
  0xFF, 0xFF, 0xFF, 0xFF, 0xF3, 0xFF, 0xFF, 0xFF, 0xFF, 0xF8, 0x0F, 0xFF,
  0x80, 0x00, 0x00, 0x00, 0x00, 0x00, 0x00, 0x3E, 0x00, 0x00, 0x00, 0x00,
  0xFF, 0xFF, 0x00, 0x00, 0x00, 0xFF, 0xFF, 0xFC, 0x00, 0x00, 0x7F, 0xFF,
  0xFF, 0xF0, 0x00, 0x3F, 0xFF, 0xFF, 0xFC, 0x00, 0x0F, 0xFF, 0xFF, 0xFF,
  0x80, 0x03, 0xFF, 0xFF, 0xFF, 0xF0, 0x00, 0xFF, 0xFF, 0xFF, 0xFC, 0x00,
  0x3F, 0xFF, 0xFF, 0xFF, 0x80, 0x0F, 0xFF, 0xFF, 0xFF, 0xE0, 0x01, 0xFF,
  0xFF, 0xFF, 0xFC, 0x00, 0x7F, 0xFF, 0xFF, 0xFF, 0x80, 0x0F, 0xFF, 0xFF,
  0xFF, 0xE0, 0x01, 0xFF, 0xFF, 0xFF, 0xFC, 0x00, 0x3F, 0xFF, 0xFF, 0xFF,
  0x00, 0x07, 0xFF, 0xFF, 0xF1, 0xE0, 0x00, 0xFF, 0xFF, 0xF0, 0x00, 0x00,
  0x1F, 0xFF, 0xFC, 0x00, 0x00, 0x03, 0xFF, 0xFF, 0x00, 0x00, 0x00, 0x3F,
  0xFF, 0xE0, 0x00, 0x00, 0x07, 0xFF, 0xFC, 0x00, 0x00, 0x00, 0xFF, 0xFF,
  0x80, 0x00, 0x00, 0x0F, 0xFF, 0xF8, 0x00, 0x00, 0x01, 0xFF, 0xFF, 0x00,
  0x00, 0x00, 0x1F, 0xFF, 0xE0, 0x00, 0x00, 0x03, 0xFF, 0xFE, 0x00, 0x00,
  0x00, 0x7F, 0xFF, 0xC0, 0x00, 0x00, 0x0F, 0xFF, 0xF8, 0x00, 0x00, 0x01,
  0xFF, 0xFF, 0x80, 0x00, 0x00, 0x3F, 0xFF, 0xF0, 0x00, 0x00, 0x07, 0xFF,
  0xFE, 0x00, 0x00, 0x00, 0xFF, 0xFF, 0xC0, 0x00, 0x00, 0x3F, 0xFF, 0xF8,
  0x00, 0x00, 0x0F, 0xFF, 0xFF, 0x00, 0x00, 0x07, 0xFF, 0xFF, 0xE0, 0x00,
  0x7F, 0xFF, 0xFF, 0xF8, 0x00, 0x0F, 0xFF, 0xFF, 0xFF, 0x00, 0x01, 0xFF,
  0xFF, 0xFF, 0xC0, 0x00, 0x3F, 0xFF, 0xFF, 0xF0, 0x00, 0x07, 0xFF, 0xFF,
  0xF0, 0x00, 0x00, 0xFF, 0xFF, 0xF8, 0x00, 0x00, 0x1F, 0xFF, 0xFF, 0xC0,
  0x00, 0x03, 0xFF, 0xFF, 0xFE, 0x00, 0x00, 0x7F, 0xFF, 0xFF, 0xE0, 0x00,
  0x0F, 0xFF, 0xFF, 0xFE, 0x00, 0x01, 0xFF, 0xFF, 0xFF, 0xE0, 0x00, 0x3F,
  0xFF, 0xFF, 0xFC, 0x00, 0x07, 0xFF, 0xFF, 0xFF, 0xC0, 0x00, 0xBF, 0xFF,
  0xFF, 0xF8, 0x00, 0x00, 0x3F, 0xFF, 0xFF, 0x80, 0x00, 0x01, 0xFF, 0xFF,
  0xF0, 0x00, 0x00, 0x1F, 0xFF, 0xFE, 0x00, 0x00, 0x01, 0xFF, 0xFF, 0xC0,
  0x00, 0x00, 0x1F, 0xFF, 0xF8, 0x00, 0x00, 0x01, 0xFF, 0xFF, 0x00, 0x00,
  0x00, 0x3F, 0xFF, 0xC0, 0x00, 0x00, 0x07, 0xFF, 0xF8, 0x00, 0x00, 0x00,
  0xFF, 0xFE, 0x00, 0x00, 0x00, 0x3F, 0xFF, 0xC0, 0x00, 0x00, 0x07, 0xFF,
  0xF8, 0x00, 0x00, 0x00, 0xFF, 0xFE, 0x00, 0x00, 0x00, 0x3F, 0xFF, 0xC0,
  0x00, 0x00, 0x07, 0xFF, 0xF8, 0x00, 0x00, 0x01, 0xFF, 0xFE, 0x00, 0x00,
  0x00, 0x3F, 0xFF, 0xC0, 0x00, 0x00, 0x07, 0xFF, 0xFC, 0x00, 0x00, 0x01,
  0xFF, 0xFF, 0x80, 0x00, 0x00, 0x3F, 0xFF, 0xF8, 0x00, 0x00, 0x07, 0xFF,
  0xFF, 0x80, 0x00, 0x00, 0xFF, 0xFF, 0xFC, 0x00, 0x00, 0x1F, 0xFF, 0xFF,
  0xE0, 0x00, 0x03, 0xFF, 0xFF, 0xFF, 0xC0, 0x00, 0x3F, 0xFF, 0xFF, 0xF0,
  0x00, 0x07, 0xFF, 0xFF, 0xFE, 0x00, 0x00, 0x7F, 0xFF, 0xFF, 0x80, 0x00,
  0x0F, 0xFF, 0xFF, 0xF0, 0x00, 0x00, 0xFF, 0xFF, 0xFC, 0x00, 0x00, 0x0F,
  0xFF, 0xFF, 0x80, 0x00, 0x00, 0xFF, 0xFF, 0xE0, 0x00, 0x00, 0x0F, 0xFF,
  0xFC, 0x00, 0x00, 0x00, 0xFF, 0xFF, 0x00, 0x00, 0x00, 0x07, 0xFF, 0xE0,
  0x00, 0x00, 0x00, 0x3F, 0xF8, 0x00, 0x00, 0x00, 0x00, 0xFF, 0x00, 0x00,
  0x00, 0x00, 0x00, 0xC0, 0x00, 0xFF, 0xFF, 0xFF, 0xFF, 0xFF, 0xFF, 0xFF,
  0xFF, 0xFF, 0xFF, 0xFF, 0xFF, 0xFF, 0xFF, 0xFF, 0xFF, 0xFF, 0xFF, 0xFF,
  0xFF, 0xFF, 0xFF, 0xFF, 0xFF, 0xFF, 0xFF, 0xFF, 0xFF, 0xFF, 0xFF, 0xFF,
  0xFF, 0xFF, 0xFF, 0xFF, 0xFF, 0xFF, 0xFF, 0xFF, 0xFF, 0xFF, 0xFF, 0xFF,
  0xFF, 0xFF, 0xFF, 0xFF, 0xFF, 0xFF, 0xFF, 0xFF, 0xFF, 0xFF, 0xFF, 0xFF,
  0xFF, 0xFF, 0xFF, 0xFF, 0xFF, 0xFF, 0xFF, 0xFF, 0xFF, 0xFF, 0xFF, 0xFF,
  0xFF, 0xFF, 0xFF, 0xFF, 0xFF, 0xFF, 0xFF, 0xFF, 0xFF, 0xFF, 0xFF, 0xFF,
  0xFF, 0xFF, 0xFF, 0xFF, 0xFF, 0xFF, 0xFF, 0xFF, 0xFF, 0xFF, 0xFF, 0xFF,
  0xFF, 0xFF, 0xFF, 0xFF, 0xFF, 0xFF, 0xFF, 0xFF, 0xFF, 0xFF, 0xFF, 0xFF,
  0xFF, 0xFF, 0xFF, 0xFF, 0xFF, 0xFF, 0xFF, 0xFF, 0xFF, 0xFF, 0xFF, 0xFF,
  0xFF, 0xFF, 0xFF, 0xFF, 0xFF, 0xFF, 0xFF, 0xFF, 0xFF, 0xFF, 0xFF, 0xFF,
  0xFF, 0xFF, 0xFF, 0xFF, 0xFF, 0xFF, 0xFF, 0xFF, 0xFF, 0xFF, 0xFF, 0xFF,
  0xFF, 0xFF, 0xFF, 0xFF, 0xFF, 0xFF, 0xFF, 0xFF, 0xFF, 0xFF, 0xFF, 0xFF,
  0xFF, 0xFF, 0xFF, 0xFF, 0xFF, 0xFF, 0xFF, 0xFF, 0xFF, 0xFF, 0xFF, 0xFF,
  0xFF, 0xFF, 0xFF, 0xFF, 0xFF, 0xFF, 0xFF, 0xFF, 0xFF, 0xFF, 0xFF, 0xFF,
  0xFF, 0xFF, 0xFF, 0xFF, 0xFF, 0xFF, 0xFF, 0xFF, 0xFF, 0xFF, 0xFF, 0xFF,
  0xFF, 0xFF, 0xFF, 0xFF, 0xFF, 0xFF, 0xFF, 0xFF, 0xFF, 0xFF, 0xFF, 0xFF,
  0xFF, 0xFF, 0xFF, 0xFF, 0xFF, 0xFF, 0xFF, 0xFF, 0xFF, 0xFF, 0xFF, 0xFF,
  0xFF, 0xFF, 0xFF, 0xFF, 0xFF, 0xFF, 0xFF, 0xFF, 0xFF, 0xFF, 0xFF, 0xFC,
  0x00, 0x0E, 0x00, 0x00, 0x00, 0x00, 0x01, 0xFE, 0x00, 0x00, 0x00, 0x00,
  0x7F, 0xF0, 0x00, 0x00, 0x00, 0x0F, 0xFF, 0x80, 0x00, 0x00, 0x03, 0xFF,
  0xFC, 0x00, 0x00, 0x00, 0x7F, 0xFF, 0xC0, 0x00, 0x00, 0x1F, 0xFF, 0xFC,
  0x00, 0x00, 0x03, 0xFF, 0xFF, 0xC0, 0x00, 0x00, 0xFF, 0xFF, 0xFC, 0x00,
  0x00, 0x1F, 0xFF, 0xFF, 0xC0, 0x00, 0x07, 0xFF, 0xFF, 0xFC, 0x00, 0x01,
  0xFF, 0xFF, 0xFF, 0x80, 0x00, 0x3F, 0xFF, 0xFF, 0xF8, 0x00, 0x0F, 0xFF,
  0xFF, 0xFF, 0x00, 0x00, 0x1F, 0xFF, 0xFF, 0xE0, 0x00, 0x00, 0x7F, 0xFF,
  0xFC, 0x00, 0x00, 0x07, 0xFF, 0xFF, 0x80, 0x00, 0x00, 0x3F, 0xFF, 0xF0,
  0x00, 0x00, 0x07, 0xFF, 0xFE, 0x00, 0x00, 0x00, 0x7F, 0xFF, 0xC0, 0x00,
  0x00, 0x0F, 0xFF, 0xF0, 0x00, 0x00, 0x01, 0xFF, 0xFE, 0x00, 0x00, 0x00,
  0x3F, 0xFF, 0xC0, 0x00, 0x00, 0x07, 0xFF, 0xF0, 0x00, 0x00, 0x01, 0xFF,
  0xFE, 0x00, 0x00, 0x00, 0x3F, 0xFF, 0x80, 0x00, 0x00, 0x0F, 0xFF, 0xF0,
  0x00, 0x00, 0x01, 0xFF, 0xFE, 0x00, 0x00, 0x00, 0x3F, 0xFF, 0xC0, 0x00,
  0x00, 0x0F, 0xFF, 0xF8, 0x00, 0x00, 0x01, 0xFF, 0xFF, 0x00, 0x00, 0x00,
  0x3F, 0xFF, 0xE0, 0x00, 0x00, 0x0F, 0xFF, 0xFE, 0x00, 0x00, 0x01, 0xFF,
  0xFF, 0xE0, 0x00, 0x00, 0x3F, 0xFF, 0xFF, 0x00, 0x00, 0x03, 0xFF, 0xFF,
  0xF8, 0x00, 0x00, 0x7F, 0xFF, 0xFF, 0xF2, 0x00, 0x0F, 0xFF, 0xFF, 0xFF,
  0xC0, 0x00, 0xFF, 0xFF, 0xFF, 0xF8, 0x00, 0x0F, 0xFF, 0xFF, 0xFF, 0x00,
  0x01, 0xFF, 0xFF, 0xFF, 0xE0, 0x00, 0x1F, 0xFF, 0xFF, 0xFC, 0x00, 0x00,
  0xFF, 0xFF, 0xFF, 0x80, 0x00, 0x0F, 0xFF, 0xFF, 0xF0, 0x00, 0x00, 0x3F,
  0xFF, 0xFC, 0x00, 0x00, 0x3F, 0xFF, 0xFF, 0x80, 0x00, 0x1F, 0xFF, 0xFF,
  0xF0, 0x00, 0x0F, 0xFF, 0xFF, 0xFE, 0x00, 0x03, 0xFF, 0xFF, 0xFF, 0xC0,
  0x00, 0x7F, 0xFF, 0xFF, 0xF8, 0x00, 0x1F, 0xFF, 0xFF, 0x80, 0x00, 0x03,
  0xFF, 0xFF, 0xE0, 0x00, 0x00, 0x7F, 0xFF, 0xF0, 0x00, 0x00, 0x0F, 0xFF,
  0xFE, 0x00, 0x00, 0x01, 0xFF, 0xFF, 0x80, 0x00, 0x00, 0x3F, 0xFF, 0xF0,
  0x00, 0x00, 0x03, 0xFF, 0xFE, 0x00, 0x00, 0x00, 0x7F, 0xFF, 0xC0, 0x00,
  0x00, 0x0F, 0xFF, 0xF8, 0x00, 0x00, 0x00, 0xFF, 0xFF, 0x80, 0x00, 0x00,
  0x1F, 0xFF, 0xF0, 0x00, 0x00, 0x01, 0xFF, 0xFE, 0x00, 0x00, 0x00, 0x3F,
  0xFF, 0xE0, 0x00, 0x00, 0x07, 0xFF, 0xFC, 0x00, 0x00, 0x00, 0xFF, 0xFF,
  0x80, 0x00, 0x00, 0x1F, 0xFF, 0xF8, 0x00, 0x00, 0x03, 0xFF, 0xFF, 0x00,
  0x00, 0x00, 0x7F, 0xFF, 0xE0, 0x00, 0x80, 0x1F, 0xFF, 0xFC, 0x00, 0x1F,
  0x1F, 0xFF, 0xFF, 0x80, 0x03, 0xFF, 0xFF, 0xFF, 0xF0, 0x00, 0x7F, 0xFF,
  0xFF, 0xFE, 0x00, 0x1F, 0xFF, 0xFF, 0xFF, 0xC0, 0x03, 0xFF, 0xFF, 0xFF,
  0xF8, 0x00, 0xFF, 0xFF, 0xFF, 0xFE, 0x00, 0x1F, 0xFF, 0xFF, 0xFF, 0xC0,
  0x03, 0xFF, 0xFF, 0xFF, 0xF0, 0x00, 0xFF, 0xFF, 0xFF, 0xFC, 0x00, 0x1F,
  0xFF, 0xFF, 0xFF, 0x80, 0x07, 0xFF, 0xFF, 0xFF, 0xC0, 0x00, 0xFF, 0xFF,
  0xFF, 0xF0, 0x00, 0x1F, 0xFF, 0xFF, 0xF8, 0x00, 0x00, 0x7F, 0xFF, 0xFC,
  0x00, 0x00, 0x01, 0xFF, 0xFC, 0x00, 0x00, 0x00, 0x00, 0xC0, 0x00, 0x00,
  0x00, 0x00, 0x00, 0x00, 0x00, 0x00, 0x01, 0xE0, 0x00, 0x07, 0xE0, 0x00,
  0x00, 0xFF, 0xC0, 0x01, 0xFF, 0xF0, 0x00, 0x7F, 0xFF, 0x00, 0x1F, 0xFF,
  0xF0, 0x0F, 0xFF, 0xFC, 0x01, 0xFF, 0xFF, 0xE0, 0x1F, 0xFF, 0xF8, 0x0F,
  0xFF, 0xFF, 0xC0, 0x3F, 0xFF, 0xE0, 0x7F, 0xFF, 0xFF, 0x80, 0xFF, 0xFF,
  0x83, 0xFF, 0xFF, 0xFF, 0x01, 0xFF, 0xFF, 0x0F, 0xFF, 0xFF, 0xFC, 0x07,
  0xFF, 0xFC, 0x7F, 0xFF, 0xFF, 0xF8, 0x1F, 0xFF, 0xF3, 0xFF, 0xFF, 0xFF,
  0xE0, 0x7F, 0xFF, 0xCF, 0xFF, 0xFF, 0xFF, 0xC1, 0xFF, 0xFF, 0x3F, 0xFF,
  0xFF, 0xFF, 0x07, 0xFF, 0xFD, 0xFF, 0xFF, 0xFF, 0xFE, 0x3F, 0xFF, 0xF7,
  0xFF, 0xFF, 0xFF, 0xFF, 0xFF, 0xFF, 0xDF, 0xFF, 0xFF, 0xFF, 0xFF, 0xFF,
  0xFF, 0x7F, 0xFF, 0xFF, 0xFF, 0xFF, 0xFF, 0xFD, 0xFF, 0xFF, 0xFF, 0xFF,
  0xFF, 0xFF, 0xFF, 0xFF, 0xFF, 0xFF, 0xFF, 0xFF, 0xFF, 0xFF, 0xFF, 0xF3,
  0xFF, 0xFF, 0xFF, 0xFE, 0xFF, 0xFF, 0x83, 0xFF, 0xFF, 0xFF, 0xFB, 0xFF,
  0xFE, 0x0F, 0xFF, 0xFF, 0xFF, 0xEF, 0xFF, 0xF8, 0x1F, 0xFF, 0xFF, 0xFF,
  0x1F, 0xFF, 0xE0, 0x3F, 0xFF, 0xFF, 0xFC, 0x7F, 0xFF, 0x80, 0xFF, 0xFF,
  0xFF, 0xE1, 0xFF, 0xFE, 0x01, 0xFF, 0xFF, 0xFF, 0x87, 0xFF, 0xF8, 0x07,
  0xFF, 0xFF, 0xFC, 0x1F, 0xFF, 0xF0, 0x0F, 0xFF, 0xFF, 0xE0, 0x7F, 0xFF,
  0xC0, 0x1F, 0xFF, 0xFF, 0x00, 0xFF, 0xFF, 0x00, 0x3F, 0xFF, 0xF8, 0x03,
  0xFF, 0xFE, 0x00, 0x7F, 0xFF, 0x80, 0x0F, 0xFF, 0x80, 0x00, 0xFF, 0xF8,
  0x00, 0x3E, 0x00, 0x00, 0x00, 0xFF, 0x80, 0x00 };

const GFXglyph LuckiestGuy50pt7bGlyphs[] PROGMEM = {
  {     0,   1,   1,  19,    0,    0 },   // 0x20 ' '
  {     1,  24,  75,  27,    2,  -70 },   // 0x21 '!'
  {   226,  47,  32,  47,    0,  -76 },   // 0x22 '"'
  {   414,  55,  53,  59,    2,  -60 },   // 0x23 '#'
  {   779,  38,  81,  43,    3,  -73 },   // 0x24 '$'
  {  1164,  67,  59,  71,    2,  -62 },   // 0x25 '%'
  {  1659,  63,  65,  62,    0,  -65 },   // 0x26 '&'
  {  2171,  23,  29,  23,    1,  -76 },   // 0x27 '''
  {  2255,  39,  83,  38,    1,  -74 },   // 0x28 '('
  {  2660,  39,  83,  37,   -3,  -74 },   // 0x29 ')'
  {  3065,  48,  48,  53,    2,  -69 },   // 0x2A '*'
  {  3353,  40,  40,  45,    2,  -50 },   // 0x2B '+'
  {  3553,  20,  30,  22,    1,  -20 },   // 0x2C ','
  {  3628,  31,  16,  37,    3,  -41 },   // 0x2D '-'
  {  3690,  20,  20,  22,    1,  -19 },   // 0x2E '.'
  {  3740,  46,  76,  49,    2,  -71 },   // 0x2F '/'
  {  4177,  60,  69,  62,    1,  -68 },   // 0x30 '0'
  {  4695,  37,  69,  38,   -1,  -69 },   // 0x31 '1'
  {  5015,  47,  71,  50,    1,  -71 },   // 0x32 '2'
  {  5433,  49,  74,  52,    1,  -72 },   // 0x33 '3'
  {  5887,  51,  71,  53,    0,  -70 },   // 0x34 '4'
  {  6340,  50,  70,  52,    1,  -69 },   // 0x35 '5'
  {  6778,  53,  72,  56,    2,  -70 },   // 0x36 '6'
  {  7255,  47,  69,  50,    1,  -69 },   // 0x37 '7'
  {  7661,  54,  70,  56,    1,  -69 },   // 0x38 '8'
  {  8134,  52,  70,  54,    1,  -69 },   // 0x39 '9'
  {  8589,  20,  51,  24,    2,  -50 },   // 0x3A ':'
  {  8717,  20,  60,  24,    2,  -50 },   // 0x3B ';'
  {  8867,  40,  57,  45,    2,  -61 },   // 0x3C '<'
  {  9152,  32,  37,  38,    3,  -48 },   // 0x3D '='
  {  9300,  41,  57,  45,    2,  -61 },   // 0x3E '>'
  {  9593,  50,  74,  54,    2,  -69 },   // 0x3F '?'
  { 10056,  60,  57,  65,    3,  -61 },   // 0x40 '@'
  { 10484,  65,  68,  61,   -2,  -68 },   // 0x41 'A'
  { 11037,  55,  71,  58,    3,  -69 },   // 0x42 'B'
  { 11526,  49,  69,  50,    1,  -69 },   // 0x43 'C'
  { 11949,  55,  68,  57,    2,  -67 },   // 0x44 'D'
  { 12417,  46,  69,  47,    2,  -68 },   // 0x45 'E'
  { 12814,  46,  69,  48,    2,  -68 },   // 0x46 'F'
  { 13211,  60,  72,  61,    0,  -70 },   // 0x47 'G'
  { 13751,  57,  70,  61,    2,  -68 },   // 0x48 'H'
  { 14250,  25,  66,  29,    3,  -66 },   // 0x49 'I'
  { 14457,  49,  70,  50,   -1,  -68 },   // 0x4A 'J'
  { 14886,  61,  73,  60,    2,  -69 },   // 0x4B 'K'
  { 15443,  43,  66,  44,    2,  -68 },   // 0x4C 'L'
  { 15798,  74,  71,  77,    2,  -69 },   // 0x4D 'M'
  { 16455,  66,  69,  69,    2,  -69 },   // 0x4E 'N'
  { 17025,  61,  62,  63,    1,  -63 },   // 0x4F 'O'
  { 17498,  55,  71,  58,    3,  -69 },   // 0x50 'P'
  { 17987,  67,  77,  68,    0,  -67 },   // 0x51 'Q'
  { 18632,  57,  70,  59,    2,  -69 },   // 0x52 'R'
  { 19131,  50,  72,  52,    1,  -70 },   // 0x53 'S'
  { 19581,  53,  67,  53,    0,  -67 },   // 0x54 'T'
  { 20025,  58,  69,  61,    2,  -66 },   // 0x55 'U'
  { 20526,  63,  70,  60,   -2,  -68 },   // 0x56 'V'
  { 21078,  89,  69,  89,    0,  -68 },   // 0x57 'W'
  { 21846,  62,  70,  58,   -2,  -69 },   // 0x58 'X'
  { 22389,  63,  68,  59,    1,  -65 },   // 0x59 'Y'
  { 22925,  45,  69,  48,    1,  -69 },   // 0x5A 'Z'
  { 23314,  33,  82,  36,    3,  -74 },   // 0x5B '['
  { 23653,  46,  76,  50,    2,  -71 },   // 0x5C '\'
  { 24090,  33,  82,  36,    0,  -74 },   // 0x5D ']'
  { 24429,  48,  38,  48,    0,  -68 },   // 0x5E '^'
  { 24657,  31,  17,  30,   -1,    5 },   // 0x5F '_'
  { 24723,  28,  26,  28,    0,  -90 },   // 0x60 '`'
  { 24814,  65,  68,  61,   -2,  -68 },   // 0x61 'a'
  { 25367,  55,  71,  58,    3,  -69 },   // 0x62 'b'
  { 25856,  48,  69,  50,    1,  -67 },   // 0x63 'c'
  { 26270,  55,  66,  57,    2,  -66 },   // 0x64 'd'
  { 26724,  55,  70,  57,    1,  -68 },   // 0x65 'e'
  { 27206,  46,  67,  48,    2,  -67 },   // 0x66 'f'
  { 27592,  60,  70,  61,    0,  -69 },   // 0x67 'g'
  { 28117,  57,  68,  61,    2,  -67 },   // 0x68 'h'
  { 28602,  25,  66,  29,    2,  -66 },   // 0x69 'i'
  { 28809,  49,  70,  50,   -1,  -68 },   // 0x6A 'j'
  { 29238,  59,  69,  59,    2,  -68 },   // 0x6B 'k'
  { 29747,  42,  68,  44,    2,  -68 },   // 0x6C 'l'
  { 30104,  85,  68,  88,    1,  -68 },   // 0x6D 'm'
  { 30827,  61,  69,  64,    1,  -69 },   // 0x6E 'n'
  { 31354,  61,  62,  63,    1,  -66 },   // 0x6F 'o'
  { 31827,  55,  69,  58,    3,  -67 },   // 0x70 'p'
  { 32302,  67,  77,  68,    0,  -67 },   // 0x71 'q'
  { 32947,  57,  70,  59,    2,  -69 },   // 0x72 'r'
  { 33446,  50,  70,  52,    1,  -68 },   // 0x73 's'
  { 33884,  53,  66,  53,    0,  -66 },   // 0x74 't'
  { 34322,  57,  68,  60,    2,  -66 },   // 0x75 'u'
  { 34807,  63,  68,  60,   -2,  -68 },   // 0x76 'v'
  { 35343,  89,  68,  89,    0,  -68 },   // 0x77 'w'
  { 36100,  62,  68,  58,   -2,  -67 },   // 0x78 'x'
  { 36627,  63,  65,  59,   -2,  -65 },   // 0x79 'y'
  { 37139,  45,  67,  49,    2,  -67 },   // 0x7A 'z'
  { 37516,  43,  85,  40,    0,  -75 },   // 0x7B '{'
  { 37973,  22,  81,  28,    3,  -73 },   // 0x7C '|'
  { 38196,  43,  85,  39,   -3,  -75 },   // 0x7D '}'
  { 38653,  54,  33,  56,    1,  -52 } }; // 0x7E '~'

const GFXfont LuckiestGuy50pt7b PROGMEM = {
  (uint8_t  *)LuckiestGuy50pt7bBitmaps,
  (GFXglyph *)LuckiestGuy50pt7bGlyphs,
  0x20, 0x7E, 98 };

// Approx. 39548 bytes
